[     643ms] [WARNING] Alpine Expression Error: Invalid or unexpected token

Expression: "navigator.clipboard.writeText(document.querySelector('.dotw-system-message')?.textContent || '# DotwAI System Message / Hotel Booking Assistant

You are a professional hotel booking assistant for a travel agency. You help agents and customers search for hotels, check room availability, and make bookings through the DOTW (Destinations of the World) hotel network.

---

## Role

You speak Arabic as the primary language and English as a secondary language. Respond in whichever language the user initiates the conversation in. If unclear, default to Arabic.

---

## Available Tools

### 1. search_hotels (Hotel Search)
Search for available hotels in a city or by hotel name.

**Parameters:**
- `city` (required): City name (e.g., \"Dubai\", \"Istanbul\", \"Kuala Lumpur\")
- `check_in` (required): Check-in date (YYYY-MM-DD)
- `check_out` (required): Check-out date (YYYY-MM-DD)
- `occupancy` (required): Array of rooms with adults and children ages
- `hotel_name` (optional): Specific hotel name to search for
- `star_rating` (optional): Minimum star rating (1-5)
- `meal_type` (optional): Meal plan filter (RoomOnly, Breakfast, HalfBoard, FullBoard, AllInclusive)
- `refundable_only` (optional): Show only refundable rates
- `price_min` / `price_max` (optional): Price range filter

### 2. get_hotel_details (Room Details)
Get detailed room types, rates, cancellation policies, and meal plans for a specific hotel.

**Parameters:**
- `hotel_id` (required): DOTW hotel ID from search results
- `check_in` (required): Check-in date
- `check_out` (required): Check-out date
- `occupancy` (required): Room occupancy details

### 3. get_cities (City List)
Get available destination cities, optionally filtered by country.

**Parameters:**
- `country_code` (optional): Filter cities by country code

---

## Conversation Style

- Be natural and conversational. Do NOT present rigid menus or numbered lists unless showing search results.
- Ask for missing information naturally: \"Which city are you looking at?\" rather than \"Please select: 1. Dubai 2. Istanbul...\"
- When showing hotel results, format as a numbered list with: hotel name, star rating, starting price, meal plan included.
- Always mention if a rate is non-refundable (APR). Warn the user clearly.
- Highlight any promotions or special offers.
- Show prices in the display currency (KWD by default).
- If multiple hotels match a name search, list them and ask the user to pick one.

---

## Important Notes

- APR (Advance Purchase Rate) means the booking is non-refundable and non-cancellable. Always warn the user.
- Tariff notes from the hotel contain important booking conditions. Show them when present.
- Special promotions (free nights, meal upgrades, honeymoon specials) should be highlighted.
- Cancellation policies vary by rate and date. Show the deadline and penalty when relevant.

---

## Booking Tools (Coming Soon - Phase 19)

The following tools will be available in a future update:
- `prebook_hotel` - Lock a rate for booking
- `confirm_booking` - Confirm with passenger details
- `cancel_booking` - Two-step cancellation with penalty check
- `get_company_balance` - Check B2B credit line
- `payment_link` - Generate B2C payment URL

---

## Arabic Quick Reference

| English | Arabic |
|---------|--------|
| Hotel Search | بحث عن فنادق |
| Check-in | تاريخ الوصول |
| Check-out | تاريخ المغادرة |
| Room Only | غرفة فقط |
| Breakfast | إفطار |
| Half Board | نصف إقامة |
| Full Board | إقامة كاملة |
| All Inclusive | شامل |
| Non-refundable | غير قابل للاسترداد |
| Cancellation Policy | سياسة الإلغاء |
| Price | السعر |
| Stars | نجوم |
| Available | متاح |
| Promotion | عرض خاص |
')"

 JSHandle@node @ https://development.citycommerce.group/livewire/livewire.js?id=df3a17f2:1122
[     660ms] SyntaxError: Invalid or unexpected token
    at new AsyncFunction (<anonymous>)
    at safeAsyncFunction (https://development.citycommerce.group/livewire/livewire.js?id=df3a17f2:1174:21)
    at generateFunctionFromString (https://development.citycommerce.group/livewire/livewire.js?id=df3a17f2:1184:16)
    at generateEvaluatorFromString (https://development.citycommerce.group/livewire/livewire.js?id=df3a17f2:1189:16)
    at normalEvaluator (https://development.citycommerce.group/livewire/livewire.js?id=df3a17f2:1154:111)
    at evaluateLater (https://development.citycommerce.group/livewire/livewire.js?id=df3a17f2:1144:12)
    at https://development.citycommerce.group/livewire/livewire.js?id=df3a17f2:3872:35
    at Function.<anonymous> (https://development.citycommerce.group/livewire/livewire.js?id=df3a17f2:1909:58)
    at flushHandlers (https://development.citycommerce.group/livewire/livewire.js?id=df3a17f2:1281:48)
    at stopDeferring (https://development.citycommerce.group/livewire/livewire.js?id=df3a17f2:1286:7)
[ 1083341ms] [WARNING] Alpine Expression Error: Invalid or unexpected token

Expression: "navigator.clipboard.writeText(document.querySelector('.dotw-system-message')?.textContent || '# DotwAI System Message / Hotel Booking Assistant

You are a professional hotel booking assistant for a travel agency. You help agents and customers search for hotels, check room availability, and make bookings through the DOTW (Destinations of the World) hotel network.

---

## Role

You speak Arabic as the primary language and English as a secondary language. Respond in whichever language the user initiates the conversation in. If unclear, default to Arabic.

---

## Available Tools

### 1. search_hotels (Hotel Search)
Search for available hotels in a city or by hotel name.

**Parameters:**
- `city` (required): City name (e.g., \"Dubai\", \"Istanbul\", \"Kuala Lumpur\")
- `check_in` (required): Check-in date (YYYY-MM-DD)
- `check_out` (required): Check-out date (YYYY-MM-DD)
- `occupancy` (required): Array of rooms with adults and children ages
- `hotel_name` (optional): Specific hotel name to search for
- `star_rating` (optional): Minimum star rating (1-5)
- `meal_type` (optional): Meal plan filter (RoomOnly, Breakfast, HalfBoard, FullBoard, AllInclusive)
- `refundable_only` (optional): Show only refundable rates
- `price_min` / `price_max` (optional): Price range filter

### 2. get_hotel_details (Room Details)
Get detailed room types, rates, cancellation policies, and meal plans for a specific hotel.

**Parameters:**
- `hotel_id` (required): DOTW hotel ID from search results
- `check_in` (required): Check-in date
- `check_out` (required): Check-out date
- `occupancy` (required): Room occupancy details

### 3. get_cities (City List)
Get available destination cities, optionally filtered by country.

**Parameters:**
- `country_code` (optional): Filter cities by country code

---

## Conversation Style

- Be natural and conversational. Do NOT present rigid menus or numbered lists unless showing search results.
- Ask for missing information naturally: \"Which city are you looking at?\" rather than \"Please select: 1. Dubai 2. Istanbul...\"
- When showing hotel results, format as a numbered list with: hotel name, star rating, starting price, meal plan included.
- Always mention if a rate is non-refundable (APR). Warn the user clearly.
- Highlight any promotions or special offers.
- Show prices in the display currency (KWD by default).
- If multiple hotels match a name search, list them and ask the user to pick one.

---

## Important Notes

- APR (Advance Purchase Rate) means the booking is non-refundable and non-cancellable. Always warn the user.
- Tariff notes from the hotel contain important booking conditions. Show them when present.
- Special promotions (free nights, meal upgrades, honeymoon specials) should be highlighted.
- Cancellation policies vary by rate and date. Show the deadline and penalty when relevant.

---

## Booking Tools (Coming Soon - Phase 19)

The following tools will be available in a future update:
- `prebook_hotel` - Lock a rate for booking
- `confirm_booking` - Confirm with passenger details
- `cancel_booking` - Two-step cancellation with penalty check
- `get_company_balance` - Check B2B credit line
- `payment_link` - Generate B2C payment URL

---

## Arabic Quick Reference

| English | Arabic |
|---------|--------|
| Hotel Search | بحث عن فنادق |
| Check-in | تاريخ الوصول |
| Check-out | تاريخ المغادرة |
| Room Only | غرفة فقط |
| Breakfast | إفطار |
| Half Board | نصف إقامة |
| Full Board | إقامة كاملة |
| All Inclusive | شامل |
| Non-refundable | غير قابل للاسترداد |
| Cancellation Policy | سياسة الإلغاء |
| Price | السعر |
| Stars | نجوم |
| Available | متاح |
| Promotion | عرض خاص |
')"

 JSHandle@node @ https://development.citycommerce.group/livewire/livewire.js?id=df3a17f2:1122
[ 1083350ms] SyntaxError: Invalid or unexpected token
    at new AsyncFunction (<anonymous>)
    at safeAsyncFunction (https://development.citycommerce.group/livewire/livewire.js?id=df3a17f2:1174:21)
    at generateFunctionFromString (https://development.citycommerce.group/livewire/livewire.js?id=df3a17f2:1184:16)
    at generateEvaluatorFromString (https://development.citycommerce.group/livewire/livewire.js?id=df3a17f2:1189:16)
    at normalEvaluator (https://development.citycommerce.group/livewire/livewire.js?id=df3a17f2:1154:111)
    at evaluateLater (https://development.citycommerce.group/livewire/livewire.js?id=df3a17f2:1144:12)
    at https://development.citycommerce.group/livewire/livewire.js?id=df3a17f2:3872:35
    at Function.<anonymous> (https://development.citycommerce.group/livewire/livewire.js?id=df3a17f2:1909:58)
    at flushHandlers (https://development.citycommerce.group/livewire/livewire.js?id=df3a17f2:1281:48)
    at stopDeferring (https://development.citycommerce.group/livewire/livewire.js?id=df3a17f2:1286:7)
[ 1303788ms] [WARNING] Alpine Expression Error: Invalid or unexpected token

Expression: "navigator.clipboard.writeText(document.querySelector('.dotw-system-message')?.textContent || '# DotwAI System Message / Hotel Booking Assistant

You are a professional hotel booking assistant for a travel agency. You help agents and customers search for hotels, check room availability, and make bookings through the DOTW (Destinations of the World) hotel network.

---

## Role

You speak Arabic as the primary language and English as a secondary language. Respond in whichever language the user initiates the conversation in. If unclear, default to Arabic.

---

## Available Tools

### 1. search_hotels (Hotel Search)
Search for available hotels in a city or by hotel name.

**Parameters:**
- `city` (required): City name (e.g., \"Dubai\", \"Istanbul\", \"Kuala Lumpur\")
- `check_in` (required): Check-in date (YYYY-MM-DD)
- `check_out` (required): Check-out date (YYYY-MM-DD)
- `occupancy` (required): Array of rooms with adults and children ages
- `hotel_name` (optional): Specific hotel name to search for
- `star_rating` (optional): Minimum star rating (1-5)
- `meal_type` (optional): Meal plan filter (RoomOnly, Breakfast, HalfBoard, FullBoard, AllInclusive)
- `refundable_only` (optional): Show only refundable rates
- `price_min` / `price_max` (optional): Price range filter

### 2. get_hotel_details (Room Details)
Get detailed room types, rates, cancellation policies, and meal plans for a specific hotel.

**Parameters:**
- `hotel_id` (required): DOTW hotel ID from search results
- `check_in` (required): Check-in date
- `check_out` (required): Check-out date
- `occupancy` (required): Room occupancy details

### 3. get_cities (City List)
Get available destination cities, optionally filtered by country.

**Parameters:**
- `country_code` (optional): Filter cities by country code

---

## Conversation Style

- Be natural and conversational. Do NOT present rigid menus or numbered lists unless showing search results.
- Ask for missing information naturally: \"Which city are you looking at?\" rather than \"Please select: 1. Dubai 2. Istanbul...\"
- When showing hotel results, format as a numbered list with: hotel name, star rating, starting price, meal plan included.
- Always mention if a rate is non-refundable (APR). Warn the user clearly.
- Highlight any promotions or special offers.
- Show prices in the display currency (KWD by default).
- If multiple hotels match a name search, list them and ask the user to pick one.

---

## Important Notes

- APR (Advance Purchase Rate) means the booking is non-refundable and non-cancellable. Always warn the user.
- Tariff notes from the hotel contain important booking conditions. Show them when present.
- Special promotions (free nights, meal upgrades, honeymoon specials) should be highlighted.
- Cancellation policies vary by rate and date. Show the deadline and penalty when relevant.

---

## Booking Tools (Coming Soon - Phase 19)

The following tools will be available in a future update:
- `prebook_hotel` - Lock a rate for booking
- `confirm_booking` - Confirm with passenger details
- `cancel_booking` - Two-step cancellation with penalty check
- `get_company_balance` - Check B2B credit line
- `payment_link` - Generate B2C payment URL

---

## Arabic Quick Reference

| English | Arabic |
|---------|--------|
| Hotel Search | بحث عن فنادق |
| Check-in | تاريخ الوصول |
| Check-out | تاريخ المغادرة |
| Room Only | غرفة فقط |
| Breakfast | إفطار |
| Half Board | نصف إقامة |
| Full Board | إقامة كاملة |
| All Inclusive | شامل |
| Non-refundable | غير قابل للاسترداد |
| Cancellation Policy | سياسة الإلغاء |
| Price | السعر |
| Stars | نجوم |
| Available | متاح |
| Promotion | عرض خاص |
')"

 JSHandle@node @ https://development.citycommerce.group/livewire/livewire.js?id=df3a17f2:1122
[ 1303788ms] SyntaxError: Invalid or unexpected token
    at new AsyncFunction (<anonymous>)
    at safeAsyncFunction (https://development.citycommerce.group/livewire/livewire.js?id=df3a17f2:1174:21)
    at generateFunctionFromString (https://development.citycommerce.group/livewire/livewire.js?id=df3a17f2:1184:16)
    at generateEvaluatorFromString (https://development.citycommerce.group/livewire/livewire.js?id=df3a17f2:1189:16)
    at normalEvaluator (https://development.citycommerce.group/livewire/livewire.js?id=df3a17f2:1154:111)
    at evaluateLater (https://development.citycommerce.group/livewire/livewire.js?id=df3a17f2:1144:12)
    at https://development.citycommerce.group/livewire/livewire.js?id=df3a17f2:3872:35
    at Function.<anonymous> (https://development.citycommerce.group/livewire/livewire.js?id=df3a17f2:1909:58)
    at flushHandlers (https://development.citycommerce.group/livewire/livewire.js?id=df3a17f2:1281:48)
    at stopDeferring (https://development.citycommerce.group/livewire/livewire.js?id=df3a17f2:1286:7)
[ 1322454ms] [WARNING] Alpine Expression Error: Invalid or unexpected token

Expression: "navigator.clipboard.writeText(document.querySelector('.dotw-system-message')?.textContent || '# DotwAI System Message / Hotel Booking Assistant

You are a professional hotel booking assistant for a travel agency. You help agents and customers search for hotels, check room availability, and make bookings through the DOTW (Destinations of the World) hotel network.

---

## Role

You speak Arabic as the primary language and English as a secondary language. Respond in whichever language the user initiates the conversation in. If unclear, default to Arabic.

---

## Available Tools

### 1. search_hotels (Hotel Search)
Search for available hotels in a city or by hotel name.

**Parameters:**
- `city` (required): City name (e.g., \"Dubai\", \"Istanbul\", \"Kuala Lumpur\")
- `check_in` (required): Check-in date (YYYY-MM-DD)
- `check_out` (required): Check-out date (YYYY-MM-DD)
- `occupancy` (required): Array of rooms with adults and children ages
- `hotel_name` (optional): Specific hotel name to search for
- `star_rating` (optional): Minimum star rating (1-5)
- `meal_type` (optional): Meal plan filter (RoomOnly, Breakfast, HalfBoard, FullBoard, AllInclusive)
- `refundable_only` (optional): Show only refundable rates
- `price_min` / `price_max` (optional): Price range filter

### 2. get_hotel_details (Room Details)
Get detailed room types, rates, cancellation policies, and meal plans for a specific hotel.

**Parameters:**
- `hotel_id` (required): DOTW hotel ID from search results
- `check_in` (required): Check-in date
- `check_out` (required): Check-out date
- `occupancy` (required): Room occupancy details

### 3. get_cities (City List)
Get available destination cities, optionally filtered by country.

**Parameters:**
- `country_code` (optional): Filter cities by country code

---

## Conversation Style

- Be natural and conversational. Do NOT present rigid menus or numbered lists unless showing search results.
- Ask for missing information naturally: \"Which city are you looking at?\" rather than \"Please select: 1. Dubai 2. Istanbul...\"
- When showing hotel results, format as a numbered list with: hotel name, star rating, starting price, meal plan included.
- Always mention if a rate is non-refundable (APR). Warn the user clearly.
- Highlight any promotions or special offers.
- Show prices in the display currency (KWD by default).
- If multiple hotels match a name search, list them and ask the user to pick one.

---

## Important Notes

- APR (Advance Purchase Rate) means the booking is non-refundable and non-cancellable. Always warn the user.
- Tariff notes from the hotel contain important booking conditions. Show them when present.
- Special promotions (free nights, meal upgrades, honeymoon specials) should be highlighted.
- Cancellation policies vary by rate and date. Show the deadline and penalty when relevant.

---

## Booking Tools (Coming Soon - Phase 19)

The following tools will be available in a future update:
- `prebook_hotel` - Lock a rate for booking
- `confirm_booking` - Confirm with passenger details
- `cancel_booking` - Two-step cancellation with penalty check
- `get_company_balance` - Check B2B credit line
- `payment_link` - Generate B2C payment URL

---

## Arabic Quick Reference

| English | Arabic |
|---------|--------|
| Hotel Search | بحث عن فنادق |
| Check-in | تاريخ الوصول |
| Check-out | تاريخ المغادرة |
| Room Only | غرفة فقط |
| Breakfast | إفطار |
| Half Board | نصف إقامة |
| Full Board | إقامة كاملة |
| All Inclusive | شامل |
| Non-refundable | غير قابل للاسترداد |
| Cancellation Policy | سياسة الإلغاء |
| Price | السعر |
| Stars | نجوم |
| Available | متاح |
| Promotion | عرض خاص |
')"

 JSHandle@node @ https://development.citycommerce.group/livewire/livewire.js?id=df3a17f2:1122
[ 1322457ms] SyntaxError: Invalid or unexpected token
    at new AsyncFunction (<anonymous>)
    at safeAsyncFunction (https://development.citycommerce.group/livewire/livewire.js?id=df3a17f2:1174:21)
    at generateFunctionFromString (https://development.citycommerce.group/livewire/livewire.js?id=df3a17f2:1184:16)
    at generateEvaluatorFromString (https://development.citycommerce.group/livewire/livewire.js?id=df3a17f2:1189:16)
    at normalEvaluator (https://development.citycommerce.group/livewire/livewire.js?id=df3a17f2:1154:111)
    at evaluateLater (https://development.citycommerce.group/livewire/livewire.js?id=df3a17f2:1144:12)
    at https://development.citycommerce.group/livewire/livewire.js?id=df3a17f2:3872:35
    at Function.<anonymous> (https://development.citycommerce.group/livewire/livewire.js?id=df3a17f2:1909:58)
    at flushHandlers (https://development.citycommerce.group/livewire/livewire.js?id=df3a17f2:1281:48)
    at stopDeferring (https://development.citycommerce.group/livewire/livewire.js?id=df3a17f2:1286:7)
[ 1391661ms] [WARNING] Alpine Expression Error: Invalid or unexpected token

Expression: "navigator.clipboard.writeText(document.querySelector('.dotw-system-message')?.textContent || '# DotwAI System Message / Hotel Booking Assistant

You are a professional hotel booking assistant for a travel agency. You help agents and customers search for hotels, check room availability, and make bookings through the DOTW (Destinations of the World) hotel network.

---

## Role

You speak Arabic as the primary language and English as a secondary language. Respond in whichever language the user initiates the conversation in. If unclear, default to Arabic.

---

## Available Tools

### 1. search_hotels (Hotel Search)
Search for available hotels in a city or by hotel name.

**Parameters:**
- `city` (required): City name (e.g., \"Dubai\", \"Istanbul\", \"Kuala Lumpur\")
- `check_in` (required): Check-in date (YYYY-MM-DD)
- `check_out` (required): Check-out date (YYYY-MM-DD)
- `occupancy` (required): Array of rooms with adults and children ages
- `hotel_name` (optional): Specific hotel name to search for
- `star_rating` (optional): Minimum star rating (1-5)
- `meal_type` (optional): Meal plan filter (RoomOnly, Breakfast, HalfBoard, FullBoard, AllInclusive)
- `refundable_only` (optional): Show only refundable rates
- `price_min` / `price_max` (optional): Price range filter

### 2. get_hotel_details (Room Details)
Get detailed room types, rates, cancellation policies, and meal plans for a specific hotel.

**Parameters:**
- `hotel_id` (required): DOTW hotel ID from search results
- `check_in` (required): Check-in date
- `check_out` (required): Check-out date
- `occupancy` (required): Room occupancy details

### 3. get_cities (City List)
Get available destination cities, optionally filtered by country.

**Parameters:**
- `country_code` (optional): Filter cities by country code

---

## Conversation Style

- Be natural and conversational. Do NOT present rigid menus or numbered lists unless showing search results.
- Ask for missing information naturally: \"Which city are you looking at?\" rather than \"Please select: 1. Dubai 2. Istanbul...\"
- When showing hotel results, format as a numbered list with: hotel name, star rating, starting price, meal plan included.
- Always mention if a rate is non-refundable (APR). Warn the user clearly.
- Highlight any promotions or special offers.
- Show prices in the display currency (KWD by default).
- If multiple hotels match a name search, list them and ask the user to pick one.

---

## Important Notes

- APR (Advance Purchase Rate) means the booking is non-refundable and non-cancellable. Always warn the user.
- Tariff notes from the hotel contain important booking conditions. Show them when present.
- Special promotions (free nights, meal upgrades, honeymoon specials) should be highlighted.
- Cancellation policies vary by rate and date. Show the deadline and penalty when relevant.

---

## Booking Tools (Coming Soon - Phase 19)

The following tools will be available in a future update:
- `prebook_hotel` - Lock a rate for booking
- `confirm_booking` - Confirm with passenger details
- `cancel_booking` - Two-step cancellation with penalty check
- `get_company_balance` - Check B2B credit line
- `payment_link` - Generate B2C payment URL

---

## Arabic Quick Reference

| English | Arabic |
|---------|--------|
| Hotel Search | بحث عن فنادق |
| Check-in | تاريخ الوصول |
| Check-out | تاريخ المغادرة |
| Room Only | غرفة فقط |
| Breakfast | إفطار |
| Half Board | نصف إقامة |
| Full Board | إقامة كاملة |
| All Inclusive | شامل |
| Non-refundable | غير قابل للاسترداد |
| Cancellation Policy | سياسة الإلغاء |
| Price | السعر |
| Stars | نجوم |
| Available | متاح |
| Promotion | عرض خاص |
')"

 JSHandle@node @ https://development.citycommerce.group/livewire/livewire.js?id=df3a17f2:1122
[ 1391669ms] SyntaxError: Invalid or unexpected token
    at new AsyncFunction (<anonymous>)
    at safeAsyncFunction (https://development.citycommerce.group/livewire/livewire.js?id=df3a17f2:1174:21)
    at generateFunctionFromString (https://development.citycommerce.group/livewire/livewire.js?id=df3a17f2:1184:16)
    at generateEvaluatorFromString (https://development.citycommerce.group/livewire/livewire.js?id=df3a17f2:1189:16)
    at normalEvaluator (https://development.citycommerce.group/livewire/livewire.js?id=df3a17f2:1154:111)
    at evaluateLater (https://development.citycommerce.group/livewire/livewire.js?id=df3a17f2:1144:12)
    at https://development.citycommerce.group/livewire/livewire.js?id=df3a17f2:3872:35
    at Function.<anonymous> (https://development.citycommerce.group/livewire/livewire.js?id=df3a17f2:1909:58)
    at flushHandlers (https://development.citycommerce.group/livewire/livewire.js?id=df3a17f2:1281:48)
    at stopDeferring (https://development.citycommerce.group/livewire/livewire.js?id=df3a17f2:1286:7)
[ 2309598ms] [WARNING] Alpine Expression Error: Invalid or unexpected token

Expression: "navigator.clipboard.writeText(document.querySelector('.dotw-system-message')?.textContent || '# DotwAI System Message / Hotel Booking Assistant

You are a professional hotel booking assistant for a travel agency. You help agents and customers search for hotels, check room availability, and make bookings through the DOTW (Destinations of the World) hotel network.

---

## Role

You speak Arabic as the primary language and English as a secondary language. Respond in whichever language the user initiates the conversation in. If unclear, default to Arabic.

---

## Available Tools

### 1. search_hotels (Hotel Search)
Search for available hotels in a city or by hotel name.

**Parameters:**
- `city` (required): City name (e.g., \"Dubai\", \"Istanbul\", \"Kuala Lumpur\")
- `check_in` (required): Check-in date (YYYY-MM-DD)
- `check_out` (required): Check-out date (YYYY-MM-DD)
- `occupancy` (required): Array of rooms with adults and children ages
- `hotel_name` (optional): Specific hotel name to search for
- `star_rating` (optional): Minimum star rating (1-5)
- `meal_type` (optional): Meal plan filter (RoomOnly, Breakfast, HalfBoard, FullBoard, AllInclusive)
- `refundable_only` (optional): Show only refundable rates
- `price_min` / `price_max` (optional): Price range filter

### 2. get_hotel_details (Room Details)
Get detailed room types, rates, cancellation policies, and meal plans for a specific hotel.

**Parameters:**
- `hotel_id` (required): DOTW hotel ID from search results
- `check_in` (required): Check-in date
- `check_out` (required): Check-out date
- `occupancy` (required): Room occupancy details

### 3. get_cities (City List)
Get available destination cities, optionally filtered by country.

**Parameters:**
- `country_code` (optional): Filter cities by country code

---

## Conversation Style

- Be natural and conversational. Do NOT present rigid menus or numbered lists unless showing search results.
- Ask for missing information naturally: \"Which city are you looking at?\" rather than \"Please select: 1. Dubai 2. Istanbul...\"
- When showing hotel results, format as a numbered list with: hotel name, star rating, starting price, meal plan included.
- Always mention if a rate is non-refundable (APR). Warn the user clearly.
- Highlight any promotions or special offers.
- Show prices in the display currency (KWD by default).
- If multiple hotels match a name search, list them and ask the user to pick one.

---

## Important Notes

- APR (Advance Purchase Rate) means the booking is non-refundable and non-cancellable. Always warn the user.
- Tariff notes from the hotel contain important booking conditions. Show them when present.
- Special promotions (free nights, meal upgrades, honeymoon specials) should be highlighted.
- Cancellation policies vary by rate and date. Show the deadline and penalty when relevant.

---

## Booking Tools (Coming Soon - Phase 19)

The following tools will be available in a future update:
- `prebook_hotel` - Lock a rate for booking
- `confirm_booking` - Confirm with passenger details
- `cancel_booking` - Two-step cancellation with penalty check
- `get_company_balance` - Check B2B credit line
- `payment_link` - Generate B2C payment URL

---

## Arabic Quick Reference

| English | Arabic |
|---------|--------|
| Hotel Search | بحث عن فنادق |
| Check-in | تاريخ الوصول |
| Check-out | تاريخ المغادرة |
| Room Only | غرفة فقط |
| Breakfast | إفطار |
| Half Board | نصف إقامة |
| Full Board | إقامة كاملة |
| All Inclusive | شامل |
| Non-refundable | غير قابل للاسترداد |
| Cancellation Policy | سياسة الإلغاء |
| Price | السعر |
| Stars | نجوم |
| Available | متاح |
| Promotion | عرض خاص |
')"

 JSHandle@node @ https://development.citycommerce.group/livewire/livewire.js?id=df3a17f2:1122
[ 2309605ms] SyntaxError: Invalid or unexpected token
    at new AsyncFunction (<anonymous>)
    at safeAsyncFunction (https://development.citycommerce.group/livewire/livewire.js?id=df3a17f2:1174:21)
    at generateFunctionFromString (https://development.citycommerce.group/livewire/livewire.js?id=df3a17f2:1184:16)
    at generateEvaluatorFromString (https://development.citycommerce.group/livewire/livewire.js?id=df3a17f2:1189:16)
    at normalEvaluator (https://development.citycommerce.group/livewire/livewire.js?id=df3a17f2:1154:111)
    at evaluateLater (https://development.citycommerce.group/livewire/livewire.js?id=df3a17f2:1144:12)
    at https://development.citycommerce.group/livewire/livewire.js?id=df3a17f2:3872:35
    at Function.<anonymous> (https://development.citycommerce.group/livewire/livewire.js?id=df3a17f2:1909:58)
    at flushHandlers (https://development.citycommerce.group/livewire/livewire.js?id=df3a17f2:1281:48)
    at stopDeferring (https://development.citycommerce.group/livewire/livewire.js?id=df3a17f2:1286:7)
[ 3569964ms] [ERROR] Failed to load resource: net::ERR_NETWORK_CHANGED @ https://development.citycommerce.group/livewire/update:0
[ 8039838ms] [ERROR] Failed to load resource: net::ERR_CONNECTION_CLOSED @ https://development.citycommerce.group/livewire/update:0
[ 8099842ms] [ERROR] Failed to load resource: net::ERR_CONNECTION_CLOSED @ https://development.citycommerce.group/livewire/update:0
[11759609ms] [ERROR] Failed to load resource: net::ERR_NETWORK_ACCESS_DENIED @ https://development.citycommerce.group/livewire/update:0
[11789598ms] [ERROR] Failed to load resource: net::ERR_NETWORK_ACCESS_DENIED @ https://development.citycommerce.group/livewire/update:0
[11849611ms] [ERROR] Failed to load resource: net::ERR_NETWORK_ACCESS_DENIED @ https://development.citycommerce.group/livewire/update:0
[11880899ms] [ERROR] Failed to load resource: net::ERR_NETWORK_CHANGED @ https://development.citycommerce.group/livewire/update:0
[11909884ms] [ERROR] Failed to load resource: net::ERR_NETWORK_CHANGED @ https://development.citycommerce.group/livewire/update:0
[11941942ms] [ERROR] Failed to load resource: net::ERR_NAME_NOT_RESOLVED @ https://development.citycommerce.group/livewire/update:0
[14219618ms] [ERROR] Failed to load resource: net::ERR_NAME_NOT_RESOLVED @ https://development.citycommerce.group/livewire/update:0
[15389610ms] [ERROR] Failed to load resource: net::ERR_NAME_NOT_RESOLVED @ https://development.citycommerce.group/livewire/update:0
[15419616ms] [ERROR] Failed to load resource: net::ERR_NAME_NOT_RESOLVED @ https://development.citycommerce.group/livewire/update:0
[15449623ms] [ERROR] Failed to load resource: net::ERR_NAME_NOT_RESOLVED @ https://development.citycommerce.group/livewire/update:0
[15479607ms] [ERROR] Failed to load resource: net::ERR_NAME_NOT_RESOLVED @ https://development.citycommerce.group/livewire/update:0
[15509619ms] [ERROR] Failed to load resource: net::ERR_NAME_NOT_RESOLVED @ https://development.citycommerce.group/livewire/update:0
[15539613ms] [ERROR] Failed to load resource: net::ERR_NAME_NOT_RESOLVED @ https://development.citycommerce.group/livewire/update:0
[15569616ms] [ERROR] Failed to load resource: net::ERR_NAME_NOT_RESOLVED @ https://development.citycommerce.group/livewire/update:0
[15599612ms] [ERROR] Failed to load resource: net::ERR_NAME_NOT_RESOLVED @ https://development.citycommerce.group/livewire/update:0
[15629616ms] [ERROR] Failed to load resource: net::ERR_NAME_NOT_RESOLVED @ https://development.citycommerce.group/livewire/update:0
[15659618ms] [ERROR] Failed to load resource: net::ERR_NAME_NOT_RESOLVED @ https://development.citycommerce.group/livewire/update:0
[15689617ms] [ERROR] Failed to load resource: net::ERR_NAME_NOT_RESOLVED @ https://development.citycommerce.group/livewire/update:0
[15719618ms] [ERROR] Failed to load resource: net::ERR_NAME_NOT_RESOLVED @ https://development.citycommerce.group/livewire/update:0
[15749607ms] [ERROR] Failed to load resource: net::ERR_NAME_NOT_RESOLVED @ https://development.citycommerce.group/livewire/update:0
[15779606ms] [ERROR] Failed to load resource: net::ERR_NAME_NOT_RESOLVED @ https://development.citycommerce.group/livewire/update:0
[15809622ms] [ERROR] Failed to load resource: net::ERR_NAME_NOT_RESOLVED @ https://development.citycommerce.group/livewire/update:0
[15839616ms] [ERROR] Failed to load resource: net::ERR_NAME_NOT_RESOLVED @ https://development.citycommerce.group/livewire/update:0
[15869621ms] [ERROR] Failed to load resource: net::ERR_NAME_NOT_RESOLVED @ https://development.citycommerce.group/livewire/update:0
[15899610ms] [ERROR] Failed to load resource: net::ERR_NAME_NOT_RESOLVED @ https://development.citycommerce.group/livewire/update:0
[15929625ms] [ERROR] Failed to load resource: net::ERR_NAME_NOT_RESOLVED @ https://development.citycommerce.group/livewire/update:0
[15959618ms] [ERROR] Failed to load resource: net::ERR_NAME_NOT_RESOLVED @ https://development.citycommerce.group/livewire/update:0
[15989626ms] [ERROR] Failed to load resource: net::ERR_NAME_NOT_RESOLVED @ https://development.citycommerce.group/livewire/update:0
[16019615ms] [ERROR] Failed to load resource: net::ERR_NAME_NOT_RESOLVED @ https://development.citycommerce.group/livewire/update:0
[16049616ms] [ERROR] Failed to load resource: net::ERR_NAME_NOT_RESOLVED @ https://development.citycommerce.group/livewire/update:0
[16079616ms] [ERROR] Failed to load resource: net::ERR_NAME_NOT_RESOLVED @ https://development.citycommerce.group/livewire/update:0
[16109613ms] [ERROR] Failed to load resource: net::ERR_NAME_NOT_RESOLVED @ https://development.citycommerce.group/livewire/update:0
[16139617ms] [ERROR] Failed to load resource: net::ERR_NAME_NOT_RESOLVED @ https://development.citycommerce.group/livewire/update:0
[16169617ms] [ERROR] Failed to load resource: net::ERR_NAME_NOT_RESOLVED @ https://development.citycommerce.group/livewire/update:0
[16199609ms] [ERROR] Failed to load resource: net::ERR_NAME_NOT_RESOLVED @ https://development.citycommerce.group/livewire/update:0
[16229621ms] [ERROR] Failed to load resource: net::ERR_NAME_NOT_RESOLVED @ https://development.citycommerce.group/livewire/update:0
[16259605ms] [ERROR] Failed to load resource: net::ERR_NAME_NOT_RESOLVED @ https://development.citycommerce.group/livewire/update:0
[16289608ms] [ERROR] Failed to load resource: net::ERR_NAME_NOT_RESOLVED @ https://development.citycommerce.group/livewire/update:0
[16319619ms] [ERROR] Failed to load resource: net::ERR_NAME_NOT_RESOLVED @ https://development.citycommerce.group/livewire/update:0
[16349608ms] [ERROR] Failed to load resource: net::ERR_NAME_NOT_RESOLVED @ https://development.citycommerce.group/livewire/update:0
[16379618ms] [ERROR] Failed to load resource: net::ERR_NAME_NOT_RESOLVED @ https://development.citycommerce.group/livewire/update:0
[16409623ms] [ERROR] Failed to load resource: net::ERR_NAME_NOT_RESOLVED @ https://development.citycommerce.group/livewire/update:0
[16439617ms] [ERROR] Failed to load resource: net::ERR_NAME_NOT_RESOLVED @ https://development.citycommerce.group/livewire/update:0
[16469610ms] [ERROR] Failed to load resource: net::ERR_NAME_NOT_RESOLVED @ https://development.citycommerce.group/livewire/update:0
[16499612ms] [ERROR] Failed to load resource: net::ERR_NAME_NOT_RESOLVED @ https://development.citycommerce.group/livewire/update:0
[16529626ms] [ERROR] Failed to load resource: net::ERR_NAME_NOT_RESOLVED @ https://development.citycommerce.group/livewire/update:0
[16559621ms] [ERROR] Failed to load resource: net::ERR_NAME_NOT_RESOLVED @ https://development.citycommerce.group/livewire/update:0
[16589618ms] [ERROR] Failed to load resource: net::ERR_NAME_NOT_RESOLVED @ https://development.citycommerce.group/livewire/update:0
[16619616ms] [ERROR] Failed to load resource: net::ERR_NAME_NOT_RESOLVED @ https://development.citycommerce.group/livewire/update:0
[16649615ms] [ERROR] Failed to load resource: net::ERR_NAME_NOT_RESOLVED @ https://development.citycommerce.group/livewire/update:0
[16679615ms] [ERROR] Failed to load resource: net::ERR_NAME_NOT_RESOLVED @ https://development.citycommerce.group/livewire/update:0
[16709622ms] [ERROR] Failed to load resource: net::ERR_NAME_NOT_RESOLVED @ https://development.citycommerce.group/livewire/update:0
[16739615ms] [ERROR] Failed to load resource: net::ERR_NAME_NOT_RESOLVED @ https://development.citycommerce.group/livewire/update:0
[16769613ms] [ERROR] Failed to load resource: net::ERR_NAME_NOT_RESOLVED @ https://development.citycommerce.group/livewire/update:0
[16799618ms] [ERROR] Failed to load resource: net::ERR_NAME_NOT_RESOLVED @ https://development.citycommerce.group/livewire/update:0
[16829610ms] [ERROR] Failed to load resource: net::ERR_NAME_NOT_RESOLVED @ https://development.citycommerce.group/livewire/update:0
[16859612ms] [ERROR] Failed to load resource: net::ERR_NAME_NOT_RESOLVED @ https://development.citycommerce.group/livewire/update:0
[16889610ms] [ERROR] Failed to load resource: net::ERR_NAME_NOT_RESOLVED @ https://development.citycommerce.group/livewire/update:0
[16919620ms] [ERROR] Failed to load resource: net::ERR_NAME_NOT_RESOLVED @ https://development.citycommerce.group/livewire/update:0
[16949623ms] [ERROR] Failed to load resource: net::ERR_NAME_NOT_RESOLVED @ https://development.citycommerce.group/livewire/update:0
[16979620ms] [ERROR] Failed to load resource: net::ERR_NAME_NOT_RESOLVED @ https://development.citycommerce.group/livewire/update:0
[17009615ms] [ERROR] Failed to load resource: net::ERR_NAME_NOT_RESOLVED @ https://development.citycommerce.group/livewire/update:0
[17039620ms] [ERROR] Failed to load resource: net::ERR_NAME_NOT_RESOLVED @ https://development.citycommerce.group/livewire/update:0
[17069617ms] [ERROR] Failed to load resource: net::ERR_NAME_NOT_RESOLVED @ https://development.citycommerce.group/livewire/update:0
[17099623ms] [ERROR] Failed to load resource: net::ERR_NAME_NOT_RESOLVED @ https://development.citycommerce.group/livewire/update:0
[17129621ms] [ERROR] Failed to load resource: net::ERR_NAME_NOT_RESOLVED @ https://development.citycommerce.group/livewire/update:0
[17159613ms] [ERROR] Failed to load resource: net::ERR_NAME_NOT_RESOLVED @ https://development.citycommerce.group/livewire/update:0
[17189621ms] [ERROR] Failed to load resource: net::ERR_NAME_NOT_RESOLVED @ https://development.citycommerce.group/livewire/update:0
[17219614ms] [ERROR] Failed to load resource: net::ERR_NAME_NOT_RESOLVED @ https://development.citycommerce.group/livewire/update:0
[17249617ms] [ERROR] Failed to load resource: net::ERR_NAME_NOT_RESOLVED @ https://development.citycommerce.group/livewire/update:0
[17279621ms] [ERROR] Failed to load resource: net::ERR_NAME_NOT_RESOLVED @ https://development.citycommerce.group/livewire/update:0
[17309618ms] [ERROR] Failed to load resource: net::ERR_NAME_NOT_RESOLVED @ https://development.citycommerce.group/livewire/update:0
[17339622ms] [ERROR] Failed to load resource: net::ERR_NAME_NOT_RESOLVED @ https://development.citycommerce.group/livewire/update:0
[17369614ms] [ERROR] Failed to load resource: net::ERR_NAME_NOT_RESOLVED @ https://development.citycommerce.group/livewire/update:0
[17399618ms] [ERROR] Failed to load resource: net::ERR_NAME_NOT_RESOLVED @ https://development.citycommerce.group/livewire/update:0
[17429610ms] [ERROR] Failed to load resource: net::ERR_NAME_NOT_RESOLVED @ https://development.citycommerce.group/livewire/update:0
[17459614ms] [ERROR] Failed to load resource: net::ERR_NAME_NOT_RESOLVED @ https://development.citycommerce.group/livewire/update:0
[17489616ms] [ERROR] Failed to load resource: net::ERR_NAME_NOT_RESOLVED @ https://development.citycommerce.group/livewire/update:0
[17519617ms] [ERROR] Failed to load resource: net::ERR_NAME_NOT_RESOLVED @ https://development.citycommerce.group/livewire/update:0
[17549615ms] [ERROR] Failed to load resource: net::ERR_NAME_NOT_RESOLVED @ https://development.citycommerce.group/livewire/update:0
[17579610ms] [ERROR] Failed to load resource: net::ERR_NAME_NOT_RESOLVED @ https://development.citycommerce.group/livewire/update:0
[17609615ms] [ERROR] Failed to load resource: net::ERR_NAME_NOT_RESOLVED @ https://development.citycommerce.group/livewire/update:0
[17639620ms] [ERROR] Failed to load resource: net::ERR_NAME_NOT_RESOLVED @ https://development.citycommerce.group/livewire/update:0
[17669618ms] [ERROR] Failed to load resource: net::ERR_NAME_NOT_RESOLVED @ https://development.citycommerce.group/livewire/update:0
[17699618ms] [ERROR] Failed to load resource: net::ERR_NAME_NOT_RESOLVED @ https://development.citycommerce.group/livewire/update:0
[17729615ms] [ERROR] Failed to load resource: net::ERR_NAME_NOT_RESOLVED @ https://development.citycommerce.group/livewire/update:0
[17759619ms] [ERROR] Failed to load resource: net::ERR_NAME_NOT_RESOLVED @ https://development.citycommerce.group/livewire/update:0
[17789618ms] [ERROR] Failed to load resource: net::ERR_NAME_NOT_RESOLVED @ https://development.citycommerce.group/livewire/update:0
[17819598ms] [ERROR] Failed to load resource: net::ERR_NAME_NOT_RESOLVED @ https://development.citycommerce.group/livewire/update:0
[17849618ms] [ERROR] Failed to load resource: net::ERR_NAME_NOT_RESOLVED @ https://development.citycommerce.group/livewire/update:0
[17879610ms] [ERROR] Failed to load resource: net::ERR_NAME_NOT_RESOLVED @ https://development.citycommerce.group/livewire/update:0
[17909616ms] [ERROR] Failed to load resource: net::ERR_NAME_NOT_RESOLVED @ https://development.citycommerce.group/livewire/update:0
[17939616ms] [ERROR] Failed to load resource: net::ERR_NAME_NOT_RESOLVED @ https://development.citycommerce.group/livewire/update:0
[17969619ms] [ERROR] Failed to load resource: net::ERR_NAME_NOT_RESOLVED @ https://development.citycommerce.group/livewire/update:0
[17999622ms] [ERROR] Failed to load resource: net::ERR_NAME_NOT_RESOLVED @ https://development.citycommerce.group/livewire/update:0
[18029622ms] [ERROR] Failed to load resource: net::ERR_NAME_NOT_RESOLVED @ https://development.citycommerce.group/livewire/update:0
[18059622ms] [ERROR] Failed to load resource: net::ERR_NAME_NOT_RESOLVED @ https://development.citycommerce.group/livewire/update:0
[18089617ms] [ERROR] Failed to load resource: net::ERR_NAME_NOT_RESOLVED @ https://development.citycommerce.group/livewire/update:0
[18119623ms] [ERROR] Failed to load resource: net::ERR_NAME_NOT_RESOLVED @ https://development.citycommerce.group/livewire/update:0
[18149612ms] [ERROR] Failed to load resource: net::ERR_NAME_NOT_RESOLVED @ https://development.citycommerce.group/livewire/update:0
[18179612ms] [ERROR] Failed to load resource: net::ERR_NAME_NOT_RESOLVED @ https://development.citycommerce.group/livewire/update:0
[18209610ms] [ERROR] Failed to load resource: net::ERR_NAME_NOT_RESOLVED @ https://development.citycommerce.group/livewire/update:0
[18239612ms] [ERROR] Failed to load resource: net::ERR_NAME_NOT_RESOLVED @ https://development.citycommerce.group/livewire/update:0
[18269614ms] [ERROR] Failed to load resource: net::ERR_NAME_NOT_RESOLVED @ https://development.citycommerce.group/livewire/update:0
[18299619ms] [ERROR] Failed to load resource: net::ERR_NAME_NOT_RESOLVED @ https://development.citycommerce.group/livewire/update:0
[18329622ms] [ERROR] Failed to load resource: net::ERR_NAME_NOT_RESOLVED @ https://development.citycommerce.group/livewire/update:0
[18359625ms] [ERROR] Failed to load resource: net::ERR_NAME_NOT_RESOLVED @ https://development.citycommerce.group/livewire/update:0
[18389611ms] [ERROR] Failed to load resource: net::ERR_NAME_NOT_RESOLVED @ https://development.citycommerce.group/livewire/update:0
[18419623ms] [ERROR] Failed to load resource: net::ERR_NAME_NOT_RESOLVED @ https://development.citycommerce.group/livewire/update:0
[18449617ms] [ERROR] Failed to load resource: net::ERR_NAME_NOT_RESOLVED @ https://development.citycommerce.group/livewire/update:0
[18479623ms] [ERROR] Failed to load resource: net::ERR_NAME_NOT_RESOLVED @ https://development.citycommerce.group/livewire/update:0
[18509617ms] [ERROR] Failed to load resource: net::ERR_NAME_NOT_RESOLVED @ https://development.citycommerce.group/livewire/update:0
[18539625ms] [ERROR] Failed to load resource: net::ERR_NAME_NOT_RESOLVED @ https://development.citycommerce.group/livewire/update:0
[18569617ms] [ERROR] Failed to load resource: net::ERR_NAME_NOT_RESOLVED @ https://development.citycommerce.group/livewire/update:0
[18599620ms] [ERROR] Failed to load resource: net::ERR_NAME_NOT_RESOLVED @ https://development.citycommerce.group/livewire/update:0
[18629614ms] [ERROR] Failed to load resource: net::ERR_NAME_NOT_RESOLVED @ https://development.citycommerce.group/livewire/update:0
[18659617ms] [ERROR] Failed to load resource: net::ERR_NAME_NOT_RESOLVED @ https://development.citycommerce.group/livewire/update:0
[18689623ms] [ERROR] Failed to load resource: net::ERR_NAME_NOT_RESOLVED @ https://development.citycommerce.group/livewire/update:0
[18719610ms] [ERROR] Failed to load resource: net::ERR_NAME_NOT_RESOLVED @ https://development.citycommerce.group/livewire/update:0
[18749621ms] [ERROR] Failed to load resource: net::ERR_NAME_NOT_RESOLVED @ https://development.citycommerce.group/livewire/update:0
[18779616ms] [ERROR] Failed to load resource: net::ERR_NAME_NOT_RESOLVED @ https://development.citycommerce.group/livewire/update:0
[18809615ms] [ERROR] Failed to load resource: net::ERR_NAME_NOT_RESOLVED @ https://development.citycommerce.group/livewire/update:0
[18839609ms] [ERROR] Failed to load resource: net::ERR_NAME_NOT_RESOLVED @ https://development.citycommerce.group/livewire/update:0
[18869607ms] [ERROR] Failed to load resource: net::ERR_NAME_NOT_RESOLVED @ https://development.citycommerce.group/livewire/update:0
[18899618ms] [ERROR] Failed to load resource: net::ERR_NAME_NOT_RESOLVED @ https://development.citycommerce.group/livewire/update:0
[18929610ms] [ERROR] Failed to load resource: net::ERR_NAME_NOT_RESOLVED @ https://development.citycommerce.group/livewire/update:0
[18959613ms] [ERROR] Failed to load resource: net::ERR_NAME_NOT_RESOLVED @ https://development.citycommerce.group/livewire/update:0
[18989622ms] [ERROR] Failed to load resource: net::ERR_NAME_NOT_RESOLVED @ https://development.citycommerce.group/livewire/update:0
[19019613ms] [ERROR] Failed to load resource: net::ERR_NAME_NOT_RESOLVED @ https://development.citycommerce.group/livewire/update:0
[19049617ms] [ERROR] Failed to load resource: net::ERR_NAME_NOT_RESOLVED @ https://development.citycommerce.group/livewire/update:0
[19079610ms] [ERROR] Failed to load resource: net::ERR_NAME_NOT_RESOLVED @ https://development.citycommerce.group/livewire/update:0
[19109612ms] [ERROR] Failed to load resource: net::ERR_NAME_NOT_RESOLVED @ https://development.citycommerce.group/livewire/update:0
[19139623ms] [ERROR] Failed to load resource: net::ERR_NAME_NOT_RESOLVED @ https://development.citycommerce.group/livewire/update:0
[19169621ms] [ERROR] Failed to load resource: net::ERR_NAME_NOT_RESOLVED @ https://development.citycommerce.group/livewire/update:0
[19199611ms] [ERROR] Failed to load resource: net::ERR_NAME_NOT_RESOLVED @ https://development.citycommerce.group/livewire/update:0
[19229624ms] [ERROR] Failed to load resource: net::ERR_NAME_NOT_RESOLVED @ https://development.citycommerce.group/livewire/update:0
[19259622ms] [ERROR] Failed to load resource: net::ERR_NAME_NOT_RESOLVED @ https://development.citycommerce.group/livewire/update:0
[19289618ms] [ERROR] Failed to load resource: net::ERR_NAME_NOT_RESOLVED @ https://development.citycommerce.group/livewire/update:0
[19319610ms] [ERROR] Failed to load resource: net::ERR_NAME_NOT_RESOLVED @ https://development.citycommerce.group/livewire/update:0
[19349617ms] [ERROR] Failed to load resource: net::ERR_NAME_NOT_RESOLVED @ https://development.citycommerce.group/livewire/update:0
[19379616ms] [ERROR] Failed to load resource: net::ERR_NAME_NOT_RESOLVED @ https://development.citycommerce.group/livewire/update:0
[19409610ms] [ERROR] Failed to load resource: net::ERR_NAME_NOT_RESOLVED @ https://development.citycommerce.group/livewire/update:0
[19439621ms] [ERROR] Failed to load resource: net::ERR_NAME_NOT_RESOLVED @ https://development.citycommerce.group/livewire/update:0
[19469611ms] [ERROR] Failed to load resource: net::ERR_NAME_NOT_RESOLVED @ https://development.citycommerce.group/livewire/update:0
[19499617ms] [ERROR] Failed to load resource: net::ERR_NAME_NOT_RESOLVED @ https://development.citycommerce.group/livewire/update:0
[19529619ms] [ERROR] Failed to load resource: net::ERR_NAME_NOT_RESOLVED @ https://development.citycommerce.group/livewire/update:0
[19559616ms] [ERROR] Failed to load resource: net::ERR_NAME_NOT_RESOLVED @ https://development.citycommerce.group/livewire/update:0
[19589615ms] [ERROR] Failed to load resource: net::ERR_NAME_NOT_RESOLVED @ https://development.citycommerce.group/livewire/update:0
[19619609ms] [ERROR] Failed to load resource: net::ERR_NAME_NOT_RESOLVED @ https://development.citycommerce.group/livewire/update:0
[19649617ms] [ERROR] Failed to load resource: net::ERR_NAME_NOT_RESOLVED @ https://development.citycommerce.group/livewire/update:0
[19679615ms] [ERROR] Failed to load resource: net::ERR_NAME_NOT_RESOLVED @ https://development.citycommerce.group/livewire/update:0
[19709615ms] [ERROR] Failed to load resource: net::ERR_NAME_NOT_RESOLVED @ https://development.citycommerce.group/livewire/update:0
[19739615ms] [ERROR] Failed to load resource: net::ERR_NAME_NOT_RESOLVED @ https://development.citycommerce.group/livewire/update:0
[19769617ms] [ERROR] Failed to load resource: net::ERR_NAME_NOT_RESOLVED @ https://development.citycommerce.group/livewire/update:0
[19799617ms] [ERROR] Failed to load resource: net::ERR_NAME_NOT_RESOLVED @ https://development.citycommerce.group/livewire/update:0
[19829622ms] [ERROR] Failed to load resource: net::ERR_NAME_NOT_RESOLVED @ https://development.citycommerce.group/livewire/update:0
[19859615ms] [ERROR] Failed to load resource: net::ERR_NAME_NOT_RESOLVED @ https://development.citycommerce.group/livewire/update:0
[19889617ms] [ERROR] Failed to load resource: net::ERR_NAME_NOT_RESOLVED @ https://development.citycommerce.group/livewire/update:0
[19919614ms] [ERROR] Failed to load resource: net::ERR_NAME_NOT_RESOLVED @ https://development.citycommerce.group/livewire/update:0
[19949618ms] [ERROR] Failed to load resource: net::ERR_NAME_NOT_RESOLVED @ https://development.citycommerce.group/livewire/update:0
[19979623ms] [ERROR] Failed to load resource: net::ERR_NAME_NOT_RESOLVED @ https://development.citycommerce.group/livewire/update:0
[20009616ms] [ERROR] Failed to load resource: net::ERR_NAME_NOT_RESOLVED @ https://development.citycommerce.group/livewire/update:0
[20039619ms] [ERROR] Failed to load resource: net::ERR_NAME_NOT_RESOLVED @ https://development.citycommerce.group/livewire/update:0
[20069608ms] [ERROR] Failed to load resource: net::ERR_NAME_NOT_RESOLVED @ https://development.citycommerce.group/livewire/update:0
[20099613ms] [ERROR] Failed to load resource: net::ERR_NAME_NOT_RESOLVED @ https://development.citycommerce.group/livewire/update:0
[20129611ms] [ERROR] Failed to load resource: net::ERR_NAME_NOT_RESOLVED @ https://development.citycommerce.group/livewire/update:0
[20159611ms] [ERROR] Failed to load resource: net::ERR_NAME_NOT_RESOLVED @ https://development.citycommerce.group/livewire/update:0
[20189615ms] [ERROR] Failed to load resource: net::ERR_NAME_NOT_RESOLVED @ https://development.citycommerce.group/livewire/update:0
[20219625ms] [ERROR] Failed to load resource: net::ERR_NAME_NOT_RESOLVED @ https://development.citycommerce.group/livewire/update:0
[20249622ms] [ERROR] Failed to load resource: net::ERR_NAME_NOT_RESOLVED @ https://development.citycommerce.group/livewire/update:0
[20279620ms] [ERROR] Failed to load resource: net::ERR_NAME_NOT_RESOLVED @ https://development.citycommerce.group/livewire/update:0
[20309617ms] [ERROR] Failed to load resource: net::ERR_NAME_NOT_RESOLVED @ https://development.citycommerce.group/livewire/update:0
[20339617ms] [ERROR] Failed to load resource: net::ERR_NAME_NOT_RESOLVED @ https://development.citycommerce.group/livewire/update:0
[20369625ms] [ERROR] Failed to load resource: net::ERR_NAME_NOT_RESOLVED @ https://development.citycommerce.group/livewire/update:0
[20399614ms] [ERROR] Failed to load resource: net::ERR_NAME_NOT_RESOLVED @ https://development.citycommerce.group/livewire/update:0
[20429621ms] [ERROR] Failed to load resource: net::ERR_NAME_NOT_RESOLVED @ https://development.citycommerce.group/livewire/update:0
[20459626ms] [ERROR] Failed to load resource: net::ERR_NAME_NOT_RESOLVED @ https://development.citycommerce.group/livewire/update:0
[20489615ms] [ERROR] Failed to load resource: net::ERR_NAME_NOT_RESOLVED @ https://development.citycommerce.group/livewire/update:0
[20519621ms] [ERROR] Failed to load resource: net::ERR_NAME_NOT_RESOLVED @ https://development.citycommerce.group/livewire/update:0
[20549615ms] [ERROR] Failed to load resource: net::ERR_NAME_NOT_RESOLVED @ https://development.citycommerce.group/livewire/update:0
[20579625ms] [ERROR] Failed to load resource: net::ERR_NAME_NOT_RESOLVED @ https://development.citycommerce.group/livewire/update:0
[20609614ms] [ERROR] Failed to load resource: net::ERR_NAME_NOT_RESOLVED @ https://development.citycommerce.group/livewire/update:0
[20639622ms] [ERROR] Failed to load resource: net::ERR_NAME_NOT_RESOLVED @ https://development.citycommerce.group/livewire/update:0
[20669625ms] [ERROR] Failed to load resource: net::ERR_NAME_NOT_RESOLVED @ https://development.citycommerce.group/livewire/update:0
[20699620ms] [ERROR] Failed to load resource: net::ERR_NAME_NOT_RESOLVED @ https://development.citycommerce.group/livewire/update:0
[20729615ms] [ERROR] Failed to load resource: net::ERR_NAME_NOT_RESOLVED @ https://development.citycommerce.group/livewire/update:0
[20759624ms] [ERROR] Failed to load resource: net::ERR_NAME_NOT_RESOLVED @ https://development.citycommerce.group/livewire/update:0
[20789625ms] [ERROR] Failed to load resource: net::ERR_NAME_NOT_RESOLVED @ https://development.citycommerce.group/livewire/update:0
[20819612ms] [ERROR] Failed to load resource: net::ERR_NAME_NOT_RESOLVED @ https://development.citycommerce.group/livewire/update:0
[20849616ms] [ERROR] Failed to load resource: net::ERR_NAME_NOT_RESOLVED @ https://development.citycommerce.group/livewire/update:0
[20879608ms] [ERROR] Failed to load resource: net::ERR_NAME_NOT_RESOLVED @ https://development.citycommerce.group/livewire/update:0
[20909620ms] [ERROR] Failed to load resource: net::ERR_NAME_NOT_RESOLVED @ https://development.citycommerce.group/livewire/update:0
[20939615ms] [ERROR] Failed to load resource: net::ERR_NAME_NOT_RESOLVED @ https://development.citycommerce.group/livewire/update:0
[20969615ms] [ERROR] Failed to load resource: net::ERR_NAME_NOT_RESOLVED @ https://development.citycommerce.group/livewire/update:0
[20999606ms] [ERROR] Failed to load resource: net::ERR_NAME_NOT_RESOLVED @ https://development.citycommerce.group/livewire/update:0
[21029618ms] [ERROR] Failed to load resource: net::ERR_NAME_NOT_RESOLVED @ https://development.citycommerce.group/livewire/update:0
[21059620ms] [ERROR] Failed to load resource: net::ERR_NAME_NOT_RESOLVED @ https://development.citycommerce.group/livewire/update:0
[21089621ms] [ERROR] Failed to load resource: net::ERR_NAME_NOT_RESOLVED @ https://development.citycommerce.group/livewire/update:0
[21119614ms] [ERROR] Failed to load resource: net::ERR_NAME_NOT_RESOLVED @ https://development.citycommerce.group/livewire/update:0
[21149618ms] [ERROR] Failed to load resource: net::ERR_NAME_NOT_RESOLVED @ https://development.citycommerce.group/livewire/update:0
[21179621ms] [ERROR] Failed to load resource: net::ERR_NAME_NOT_RESOLVED @ https://development.citycommerce.group/livewire/update:0
[21209622ms] [ERROR] Failed to load resource: net::ERR_NAME_NOT_RESOLVED @ https://development.citycommerce.group/livewire/update:0
[21239617ms] [ERROR] Failed to load resource: net::ERR_NAME_NOT_RESOLVED @ https://development.citycommerce.group/livewire/update:0
[21269622ms] [ERROR] Failed to load resource: net::ERR_NAME_NOT_RESOLVED @ https://development.citycommerce.group/livewire/update:0
[21299617ms] [ERROR] Failed to load resource: net::ERR_NAME_NOT_RESOLVED @ https://development.citycommerce.group/livewire/update:0
[21329612ms] [ERROR] Failed to load resource: net::ERR_NAME_NOT_RESOLVED @ https://development.citycommerce.group/livewire/update:0
[21359621ms] [ERROR] Failed to load resource: net::ERR_NAME_NOT_RESOLVED @ https://development.citycommerce.group/livewire/update:0
[21389624ms] [ERROR] Failed to load resource: net::ERR_NAME_NOT_RESOLVED @ https://development.citycommerce.group/livewire/update:0
[21419619ms] [ERROR] Failed to load resource: net::ERR_NAME_NOT_RESOLVED @ https://development.citycommerce.group/livewire/update:0
[21449624ms] [ERROR] Failed to load resource: net::ERR_NAME_NOT_RESOLVED @ https://development.citycommerce.group/livewire/update:0
[21479618ms] [ERROR] Failed to load resource: net::ERR_NAME_NOT_RESOLVED @ https://development.citycommerce.group/livewire/update:0
[21509623ms] [ERROR] Failed to load resource: net::ERR_NAME_NOT_RESOLVED @ https://development.citycommerce.group/livewire/update:0
[21539614ms] [ERROR] Failed to load resource: net::ERR_NAME_NOT_RESOLVED @ https://development.citycommerce.group/livewire/update:0
[21569616ms] [ERROR] Failed to load resource: net::ERR_NAME_NOT_RESOLVED @ https://development.citycommerce.group/livewire/update:0
[21599620ms] [ERROR] Failed to load resource: net::ERR_NAME_NOT_RESOLVED @ https://development.citycommerce.group/livewire/update:0
[21629610ms] [ERROR] Failed to load resource: net::ERR_NAME_NOT_RESOLVED @ https://development.citycommerce.group/livewire/update:0
[21659615ms] [ERROR] Failed to load resource: net::ERR_NAME_NOT_RESOLVED @ https://development.citycommerce.group/livewire/update:0
[21689620ms] [ERROR] Failed to load resource: net::ERR_NAME_NOT_RESOLVED @ https://development.citycommerce.group/livewire/update:0
[21719611ms] [ERROR] Failed to load resource: net::ERR_NAME_NOT_RESOLVED @ https://development.citycommerce.group/livewire/update:0
[21749623ms] [ERROR] Failed to load resource: net::ERR_NAME_NOT_RESOLVED @ https://development.citycommerce.group/livewire/update:0
[21779625ms] [ERROR] Failed to load resource: net::ERR_NAME_NOT_RESOLVED @ https://development.citycommerce.group/livewire/update:0
[21809616ms] [ERROR] Failed to load resource: net::ERR_NAME_NOT_RESOLVED @ https://development.citycommerce.group/livewire/update:0
[21839616ms] [ERROR] Failed to load resource: net::ERR_NAME_NOT_RESOLVED @ https://development.citycommerce.group/livewire/update:0
[21869623ms] [ERROR] Failed to load resource: net::ERR_NAME_NOT_RESOLVED @ https://development.citycommerce.group/livewire/update:0
[21899608ms] [ERROR] Failed to load resource: net::ERR_NAME_NOT_RESOLVED @ https://development.citycommerce.group/livewire/update:0
[21929618ms] [ERROR] Failed to load resource: net::ERR_NAME_NOT_RESOLVED @ https://development.citycommerce.group/livewire/update:0
[21959618ms] [ERROR] Failed to load resource: net::ERR_NAME_NOT_RESOLVED @ https://development.citycommerce.group/livewire/update:0
[21989619ms] [ERROR] Failed to load resource: net::ERR_NAME_NOT_RESOLVED @ https://development.citycommerce.group/livewire/update:0
[22019612ms] [ERROR] Failed to load resource: net::ERR_NAME_NOT_RESOLVED @ https://development.citycommerce.group/livewire/update:0
[22049619ms] [ERROR] Failed to load resource: net::ERR_NAME_NOT_RESOLVED @ https://development.citycommerce.group/livewire/update:0
[22079609ms] [ERROR] Failed to load resource: net::ERR_NAME_NOT_RESOLVED @ https://development.citycommerce.group/livewire/update:0
[22109618ms] [ERROR] Failed to load resource: net::ERR_NAME_NOT_RESOLVED @ https://development.citycommerce.group/livewire/update:0
[22139621ms] [ERROR] Failed to load resource: net::ERR_NAME_NOT_RESOLVED @ https://development.citycommerce.group/livewire/update:0
[22169618ms] [ERROR] Failed to load resource: net::ERR_NAME_NOT_RESOLVED @ https://development.citycommerce.group/livewire/update:0
[22199624ms] [ERROR] Failed to load resource: net::ERR_NAME_NOT_RESOLVED @ https://development.citycommerce.group/livewire/update:0
[22229621ms] [ERROR] Failed to load resource: net::ERR_NAME_NOT_RESOLVED @ https://development.citycommerce.group/livewire/update:0
[22259618ms] [ERROR] Failed to load resource: net::ERR_NAME_NOT_RESOLVED @ https://development.citycommerce.group/livewire/update:0
[22289618ms] [ERROR] Failed to load resource: net::ERR_NAME_NOT_RESOLVED @ https://development.citycommerce.group/livewire/update:0
[22319614ms] [ERROR] Failed to load resource: net::ERR_NAME_NOT_RESOLVED @ https://development.citycommerce.group/livewire/update:0
[22349610ms] [ERROR] Failed to load resource: net::ERR_NAME_NOT_RESOLVED @ https://development.citycommerce.group/livewire/update:0
[22379612ms] [ERROR] Failed to load resource: net::ERR_NAME_NOT_RESOLVED @ https://development.citycommerce.group/livewire/update:0
[22409629ms] [ERROR] Failed to load resource: net::ERR_NAME_NOT_RESOLVED @ https://development.citycommerce.group/livewire/update:0
[22439614ms] [ERROR] Failed to load resource: net::ERR_NAME_NOT_RESOLVED @ https://development.citycommerce.group/livewire/update:0
[22469609ms] [ERROR] Failed to load resource: net::ERR_NAME_NOT_RESOLVED @ https://development.citycommerce.group/livewire/update:0
[22499623ms] [ERROR] Failed to load resource: net::ERR_NAME_NOT_RESOLVED @ https://development.citycommerce.group/livewire/update:0
[22529616ms] [ERROR] Failed to load resource: net::ERR_NAME_NOT_RESOLVED @ https://development.citycommerce.group/livewire/update:0
[22559625ms] [ERROR] Failed to load resource: net::ERR_NAME_NOT_RESOLVED @ https://development.citycommerce.group/livewire/update:0
[22589615ms] [ERROR] Failed to load resource: net::ERR_NAME_NOT_RESOLVED @ https://development.citycommerce.group/livewire/update:0
[22619617ms] [ERROR] Failed to load resource: net::ERR_NAME_NOT_RESOLVED @ https://development.citycommerce.group/livewire/update:0
[22649621ms] [ERROR] Failed to load resource: net::ERR_NAME_NOT_RESOLVED @ https://development.citycommerce.group/livewire/update:0
[22679612ms] [ERROR] Failed to load resource: net::ERR_NAME_NOT_RESOLVED @ https://development.citycommerce.group/livewire/update:0
[22709615ms] [ERROR] Failed to load resource: net::ERR_NAME_NOT_RESOLVED @ https://development.citycommerce.group/livewire/update:0
[22739613ms] [ERROR] Failed to load resource: net::ERR_NAME_NOT_RESOLVED @ https://development.citycommerce.group/livewire/update:0
[22769621ms] [ERROR] Failed to load resource: net::ERR_NAME_NOT_RESOLVED @ https://development.citycommerce.group/livewire/update:0
[22799613ms] [ERROR] Failed to load resource: net::ERR_NAME_NOT_RESOLVED @ https://development.citycommerce.group/livewire/update:0
[22829619ms] [ERROR] Failed to load resource: net::ERR_NAME_NOT_RESOLVED @ https://development.citycommerce.group/livewire/update:0
[22859606ms] [ERROR] Failed to load resource: net::ERR_NAME_NOT_RESOLVED @ https://development.citycommerce.group/livewire/update:0
[22889615ms] [ERROR] Failed to load resource: net::ERR_NAME_NOT_RESOLVED @ https://development.citycommerce.group/livewire/update:0
[22919622ms] [ERROR] Failed to load resource: net::ERR_NAME_NOT_RESOLVED @ https://development.citycommerce.group/livewire/update:0
[22949617ms] [ERROR] Failed to load resource: net::ERR_NAME_NOT_RESOLVED @ https://development.citycommerce.group/livewire/update:0
[22979612ms] [ERROR] Failed to load resource: net::ERR_NAME_NOT_RESOLVED @ https://development.citycommerce.group/livewire/update:0
[23009627ms] [ERROR] Failed to load resource: net::ERR_NAME_NOT_RESOLVED @ https://development.citycommerce.group/livewire/update:0
[23039621ms] [ERROR] Failed to load resource: net::ERR_NAME_NOT_RESOLVED @ https://development.citycommerce.group/livewire/update:0
[23069616ms] [ERROR] Failed to load resource: net::ERR_NAME_NOT_RESOLVED @ https://development.citycommerce.group/livewire/update:0
[23099618ms] [ERROR] Failed to load resource: net::ERR_NAME_NOT_RESOLVED @ https://development.citycommerce.group/livewire/update:0
[23129618ms] [ERROR] Failed to load resource: net::ERR_NAME_NOT_RESOLVED @ https://development.citycommerce.group/livewire/update:0
[23159618ms] [ERROR] Failed to load resource: net::ERR_NAME_NOT_RESOLVED @ https://development.citycommerce.group/livewire/update:0
[23189618ms] [ERROR] Failed to load resource: net::ERR_NAME_NOT_RESOLVED @ https://development.citycommerce.group/livewire/update:0
[23219612ms] [ERROR] Failed to load resource: net::ERR_NAME_NOT_RESOLVED @ https://development.citycommerce.group/livewire/update:0
[23249611ms] [ERROR] Failed to load resource: net::ERR_NAME_NOT_RESOLVED @ https://development.citycommerce.group/livewire/update:0
[23279622ms] [ERROR] Failed to load resource: net::ERR_NAME_NOT_RESOLVED @ https://development.citycommerce.group/livewire/update:0
[23309616ms] [ERROR] Failed to load resource: net::ERR_NAME_NOT_RESOLVED @ https://development.citycommerce.group/livewire/update:0
[23339622ms] [ERROR] Failed to load resource: net::ERR_NAME_NOT_RESOLVED @ https://development.citycommerce.group/livewire/update:0
[23369614ms] [ERROR] Failed to load resource: net::ERR_NAME_NOT_RESOLVED @ https://development.citycommerce.group/livewire/update:0
[23399614ms] [ERROR] Failed to load resource: net::ERR_NAME_NOT_RESOLVED @ https://development.citycommerce.group/livewire/update:0
[23429613ms] [ERROR] Failed to load resource: net::ERR_NAME_NOT_RESOLVED @ https://development.citycommerce.group/livewire/update:0
[23459621ms] [ERROR] Failed to load resource: net::ERR_NAME_NOT_RESOLVED @ https://development.citycommerce.group/livewire/update:0
[23489613ms] [ERROR] Failed to load resource: net::ERR_NAME_NOT_RESOLVED @ https://development.citycommerce.group/livewire/update:0
[23519620ms] [ERROR] Failed to load resource: net::ERR_NAME_NOT_RESOLVED @ https://development.citycommerce.group/livewire/update:0
[23549616ms] [ERROR] Failed to load resource: net::ERR_NAME_NOT_RESOLVED @ https://development.citycommerce.group/livewire/update:0
[23579621ms] [ERROR] Failed to load resource: net::ERR_NAME_NOT_RESOLVED @ https://development.citycommerce.group/livewire/update:0
[23609615ms] [ERROR] Failed to load resource: net::ERR_NAME_NOT_RESOLVED @ https://development.citycommerce.group/livewire/update:0
[23639614ms] [ERROR] Failed to load resource: net::ERR_NAME_NOT_RESOLVED @ https://development.citycommerce.group/livewire/update:0
[23669623ms] [ERROR] Failed to load resource: net::ERR_NAME_NOT_RESOLVED @ https://development.citycommerce.group/livewire/update:0
[23699616ms] [ERROR] Failed to load resource: net::ERR_NAME_NOT_RESOLVED @ https://development.citycommerce.group/livewire/update:0
[23729606ms] [ERROR] Failed to load resource: net::ERR_NAME_NOT_RESOLVED @ https://development.citycommerce.group/livewire/update:0
[23759625ms] [ERROR] Failed to load resource: net::ERR_NAME_NOT_RESOLVED @ https://development.citycommerce.group/livewire/update:0
[23789622ms] [ERROR] Failed to load resource: net::ERR_NAME_NOT_RESOLVED @ https://development.citycommerce.group/livewire/update:0
[23819612ms] [ERROR] Failed to load resource: net::ERR_NAME_NOT_RESOLVED @ https://development.citycommerce.group/livewire/update:0
[23849618ms] [ERROR] Failed to load resource: net::ERR_NAME_NOT_RESOLVED @ https://development.citycommerce.group/livewire/update:0
[23879613ms] [ERROR] Failed to load resource: net::ERR_NAME_NOT_RESOLVED @ https://development.citycommerce.group/livewire/update:0
[23909619ms] [ERROR] Failed to load resource: net::ERR_NAME_NOT_RESOLVED @ https://development.citycommerce.group/livewire/update:0
[23939625ms] [ERROR] Failed to load resource: net::ERR_NAME_NOT_RESOLVED @ https://development.citycommerce.group/livewire/update:0
[23969615ms] [ERROR] Failed to load resource: net::ERR_NAME_NOT_RESOLVED @ https://development.citycommerce.group/livewire/update:0
[23999615ms] [ERROR] Failed to load resource: net::ERR_NAME_NOT_RESOLVED @ https://development.citycommerce.group/livewire/update:0
[24029613ms] [ERROR] Failed to load resource: net::ERR_NAME_NOT_RESOLVED @ https://development.citycommerce.group/livewire/update:0
[24059616ms] [ERROR] Failed to load resource: net::ERR_NAME_NOT_RESOLVED @ https://development.citycommerce.group/livewire/update:0
[24089616ms] [ERROR] Failed to load resource: net::ERR_NAME_NOT_RESOLVED @ https://development.citycommerce.group/livewire/update:0
[24119621ms] [ERROR] Failed to load resource: net::ERR_NAME_NOT_RESOLVED @ https://development.citycommerce.group/livewire/update:0
[24149625ms] [ERROR] Failed to load resource: net::ERR_NAME_NOT_RESOLVED @ https://development.citycommerce.group/livewire/update:0
[24179616ms] [ERROR] Failed to load resource: net::ERR_NAME_NOT_RESOLVED @ https://development.citycommerce.group/livewire/update:0
[24209618ms] [ERROR] Failed to load resource: net::ERR_NAME_NOT_RESOLVED @ https://development.citycommerce.group/livewire/update:0
[24239609ms] [ERROR] Failed to load resource: net::ERR_NAME_NOT_RESOLVED @ https://development.citycommerce.group/livewire/update:0
[24269614ms] [ERROR] Failed to load resource: net::ERR_NAME_NOT_RESOLVED @ https://development.citycommerce.group/livewire/update:0
[24299618ms] [ERROR] Failed to load resource: net::ERR_NAME_NOT_RESOLVED @ https://development.citycommerce.group/livewire/update:0
[24329618ms] [ERROR] Failed to load resource: net::ERR_NAME_NOT_RESOLVED @ https://development.citycommerce.group/livewire/update:0
[24359623ms] [ERROR] Failed to load resource: net::ERR_NAME_NOT_RESOLVED @ https://development.citycommerce.group/livewire/update:0
[24389622ms] [ERROR] Failed to load resource: net::ERR_NAME_NOT_RESOLVED @ https://development.citycommerce.group/livewire/update:0
[24419618ms] [ERROR] Failed to load resource: net::ERR_NAME_NOT_RESOLVED @ https://development.citycommerce.group/livewire/update:0
[24449620ms] [ERROR] Failed to load resource: net::ERR_NAME_NOT_RESOLVED @ https://development.citycommerce.group/livewire/update:0
[24479617ms] [ERROR] Failed to load resource: net::ERR_NAME_NOT_RESOLVED @ https://development.citycommerce.group/livewire/update:0
[24509615ms] [ERROR] Failed to load resource: net::ERR_NAME_NOT_RESOLVED @ https://development.citycommerce.group/livewire/update:0
[24539614ms] [ERROR] Failed to load resource: net::ERR_NAME_NOT_RESOLVED @ https://development.citycommerce.group/livewire/update:0
[24569621ms] [ERROR] Failed to load resource: net::ERR_NAME_NOT_RESOLVED @ https://development.citycommerce.group/livewire/update:0
[24599621ms] [ERROR] Failed to load resource: net::ERR_NAME_NOT_RESOLVED @ https://development.citycommerce.group/livewire/update:0
[24629612ms] [ERROR] Failed to load resource: net::ERR_NAME_NOT_RESOLVED @ https://development.citycommerce.group/livewire/update:0
[24659618ms] [ERROR] Failed to load resource: net::ERR_NAME_NOT_RESOLVED @ https://development.citycommerce.group/livewire/update:0
[24689616ms] [ERROR] Failed to load resource: net::ERR_NAME_NOT_RESOLVED @ https://development.citycommerce.group/livewire/update:0
[24719618ms] [ERROR] Failed to load resource: net::ERR_NAME_NOT_RESOLVED @ https://development.citycommerce.group/livewire/update:0
[24749625ms] [ERROR] Failed to load resource: net::ERR_NAME_NOT_RESOLVED @ https://development.citycommerce.group/livewire/update:0
[24779611ms] [ERROR] Failed to load resource: net::ERR_NAME_NOT_RESOLVED @ https://development.citycommerce.group/livewire/update:0
[24809619ms] [ERROR] Failed to load resource: net::ERR_NAME_NOT_RESOLVED @ https://development.citycommerce.group/livewire/update:0
[24839618ms] [ERROR] Failed to load resource: net::ERR_NAME_NOT_RESOLVED @ https://development.citycommerce.group/livewire/update:0
[24869624ms] [ERROR] Failed to load resource: net::ERR_NAME_NOT_RESOLVED @ https://development.citycommerce.group/livewire/update:0
[24899620ms] [ERROR] Failed to load resource: net::ERR_NAME_NOT_RESOLVED @ https://development.citycommerce.group/livewire/update:0
[24929623ms] [ERROR] Failed to load resource: net::ERR_NAME_NOT_RESOLVED @ https://development.citycommerce.group/livewire/update:0
[24959610ms] [ERROR] Failed to load resource: net::ERR_NAME_NOT_RESOLVED @ https://development.citycommerce.group/livewire/update:0
[24989623ms] [ERROR] Failed to load resource: net::ERR_NAME_NOT_RESOLVED @ https://development.citycommerce.group/livewire/update:0
[25019623ms] [ERROR] Failed to load resource: net::ERR_NAME_NOT_RESOLVED @ https://development.citycommerce.group/livewire/update:0
[25049617ms] [ERROR] Failed to load resource: net::ERR_NAME_NOT_RESOLVED @ https://development.citycommerce.group/livewire/update:0
[25079608ms] [ERROR] Failed to load resource: net::ERR_NAME_NOT_RESOLVED @ https://development.citycommerce.group/livewire/update:0
[25109604ms] [ERROR] Failed to load resource: net::ERR_NAME_NOT_RESOLVED @ https://development.citycommerce.group/livewire/update:0
[25139612ms] [ERROR] Failed to load resource: net::ERR_NAME_NOT_RESOLVED @ https://development.citycommerce.group/livewire/update:0
[25169615ms] [ERROR] Failed to load resource: net::ERR_NAME_NOT_RESOLVED @ https://development.citycommerce.group/livewire/update:0
[25199613ms] [ERROR] Failed to load resource: net::ERR_NAME_NOT_RESOLVED @ https://development.citycommerce.group/livewire/update:0
[25229609ms] [ERROR] Failed to load resource: net::ERR_NAME_NOT_RESOLVED @ https://development.citycommerce.group/livewire/update:0
[25259611ms] [ERROR] Failed to load resource: net::ERR_NAME_NOT_RESOLVED @ https://development.citycommerce.group/livewire/update:0
[25289612ms] [ERROR] Failed to load resource: net::ERR_NAME_NOT_RESOLVED @ https://development.citycommerce.group/livewire/update:0
[25319615ms] [ERROR] Failed to load resource: net::ERR_NAME_NOT_RESOLVED @ https://development.citycommerce.group/livewire/update:0
[25349614ms] [ERROR] Failed to load resource: net::ERR_NAME_NOT_RESOLVED @ https://development.citycommerce.group/livewire/update:0
[25379604ms] [ERROR] Failed to load resource: net::ERR_NAME_NOT_RESOLVED @ https://development.citycommerce.group/livewire/update:0
[25409612ms] [ERROR] Failed to load resource: net::ERR_NAME_NOT_RESOLVED @ https://development.citycommerce.group/livewire/update:0
[25439617ms] [ERROR] Failed to load resource: net::ERR_NAME_NOT_RESOLVED @ https://development.citycommerce.group/livewire/update:0
[25469622ms] [ERROR] Failed to load resource: net::ERR_NAME_NOT_RESOLVED @ https://development.citycommerce.group/livewire/update:0
[25499622ms] [ERROR] Failed to load resource: net::ERR_NAME_NOT_RESOLVED @ https://development.citycommerce.group/livewire/update:0
[25529619ms] [ERROR] Failed to load resource: net::ERR_NAME_NOT_RESOLVED @ https://development.citycommerce.group/livewire/update:0
[25559617ms] [ERROR] Failed to load resource: net::ERR_NAME_NOT_RESOLVED @ https://development.citycommerce.group/livewire/update:0
[25589616ms] [ERROR] Failed to load resource: net::ERR_NAME_NOT_RESOLVED @ https://development.citycommerce.group/livewire/update:0
[25619611ms] [ERROR] Failed to load resource: net::ERR_NAME_NOT_RESOLVED @ https://development.citycommerce.group/livewire/update:0
[25649613ms] [ERROR] Failed to load resource: net::ERR_NAME_NOT_RESOLVED @ https://development.citycommerce.group/livewire/update:0
[25679617ms] [ERROR] Failed to load resource: net::ERR_NAME_NOT_RESOLVED @ https://development.citycommerce.group/livewire/update:0
[25709615ms] [ERROR] Failed to load resource: net::ERR_NAME_NOT_RESOLVED @ https://development.citycommerce.group/livewire/update:0
[25739612ms] [ERROR] Failed to load resource: net::ERR_NAME_NOT_RESOLVED @ https://development.citycommerce.group/livewire/update:0
[25769615ms] [ERROR] Failed to load resource: net::ERR_NAME_NOT_RESOLVED @ https://development.citycommerce.group/livewire/update:0
[25799615ms] [ERROR] Failed to load resource: net::ERR_NAME_NOT_RESOLVED @ https://development.citycommerce.group/livewire/update:0
[25829606ms] [ERROR] Failed to load resource: net::ERR_NAME_NOT_RESOLVED @ https://development.citycommerce.group/livewire/update:0
[25859612ms] [ERROR] Failed to load resource: net::ERR_NAME_NOT_RESOLVED @ https://development.citycommerce.group/livewire/update:0
[25889612ms] [ERROR] Failed to load resource: net::ERR_NAME_NOT_RESOLVED @ https://development.citycommerce.group/livewire/update:0
[25919620ms] [ERROR] Failed to load resource: net::ERR_NAME_NOT_RESOLVED @ https://development.citycommerce.group/livewire/update:0
[25949612ms] [ERROR] Failed to load resource: net::ERR_NAME_NOT_RESOLVED @ https://development.citycommerce.group/livewire/update:0
[25979618ms] [ERROR] Failed to load resource: net::ERR_NAME_NOT_RESOLVED @ https://development.citycommerce.group/livewire/update:0
[26009611ms] [ERROR] Failed to load resource: net::ERR_NAME_NOT_RESOLVED @ https://development.citycommerce.group/livewire/update:0
[26039619ms] [ERROR] Failed to load resource: net::ERR_NAME_NOT_RESOLVED @ https://development.citycommerce.group/livewire/update:0
[26069616ms] [ERROR] Failed to load resource: net::ERR_NAME_NOT_RESOLVED @ https://development.citycommerce.group/livewire/update:0
[26099618ms] [ERROR] Failed to load resource: net::ERR_NAME_NOT_RESOLVED @ https://development.citycommerce.group/livewire/update:0
[26129617ms] [ERROR] Failed to load resource: net::ERR_NAME_NOT_RESOLVED @ https://development.citycommerce.group/livewire/update:0
[26159620ms] [ERROR] Failed to load resource: net::ERR_NAME_NOT_RESOLVED @ https://development.citycommerce.group/livewire/update:0
[26189621ms] [ERROR] Failed to load resource: net::ERR_NAME_NOT_RESOLVED @ https://development.citycommerce.group/livewire/update:0
[26219613ms] [ERROR] Failed to load resource: net::ERR_NAME_NOT_RESOLVED @ https://development.citycommerce.group/livewire/update:0
[26249625ms] [ERROR] Failed to load resource: net::ERR_NAME_NOT_RESOLVED @ https://development.citycommerce.group/livewire/update:0
[26279611ms] [ERROR] Failed to load resource: net::ERR_NAME_NOT_RESOLVED @ https://development.citycommerce.group/livewire/update:0
[26309621ms] [ERROR] Failed to load resource: net::ERR_NAME_NOT_RESOLVED @ https://development.citycommerce.group/livewire/update:0
[26339617ms] [ERROR] Failed to load resource: net::ERR_NAME_NOT_RESOLVED @ https://development.citycommerce.group/livewire/update:0
[26369617ms] [ERROR] Failed to load resource: net::ERR_NAME_NOT_RESOLVED @ https://development.citycommerce.group/livewire/update:0
[26399613ms] [ERROR] Failed to load resource: net::ERR_NAME_NOT_RESOLVED @ https://development.citycommerce.group/livewire/update:0
[26429614ms] [ERROR] Failed to load resource: net::ERR_NAME_NOT_RESOLVED @ https://development.citycommerce.group/livewire/update:0
[26459613ms] [ERROR] Failed to load resource: net::ERR_NAME_NOT_RESOLVED @ https://development.citycommerce.group/livewire/update:0
[26489616ms] [ERROR] Failed to load resource: net::ERR_NAME_NOT_RESOLVED @ https://development.citycommerce.group/livewire/update:0
[26519617ms] [ERROR] Failed to load resource: net::ERR_NAME_NOT_RESOLVED @ https://development.citycommerce.group/livewire/update:0
[26549624ms] [ERROR] Failed to load resource: net::ERR_NAME_NOT_RESOLVED @ https://development.citycommerce.group/livewire/update:0
[26579616ms] [ERROR] Failed to load resource: net::ERR_NAME_NOT_RESOLVED @ https://development.citycommerce.group/livewire/update:0
[26609613ms] [ERROR] Failed to load resource: net::ERR_NAME_NOT_RESOLVED @ https://development.citycommerce.group/livewire/update:0
[26639611ms] [ERROR] Failed to load resource: net::ERR_NAME_NOT_RESOLVED @ https://development.citycommerce.group/livewire/update:0
[26669616ms] [ERROR] Failed to load resource: net::ERR_NAME_NOT_RESOLVED @ https://development.citycommerce.group/livewire/update:0
[26699619ms] [ERROR] Failed to load resource: net::ERR_NAME_NOT_RESOLVED @ https://development.citycommerce.group/livewire/update:0
[26729621ms] [ERROR] Failed to load resource: net::ERR_NAME_NOT_RESOLVED @ https://development.citycommerce.group/livewire/update:0
[26759615ms] [ERROR] Failed to load resource: net::ERR_NAME_NOT_RESOLVED @ https://development.citycommerce.group/livewire/update:0
[26789612ms] [ERROR] Failed to load resource: net::ERR_NAME_NOT_RESOLVED @ https://development.citycommerce.group/livewire/update:0
[26819619ms] [ERROR] Failed to load resource: net::ERR_NAME_NOT_RESOLVED @ https://development.citycommerce.group/livewire/update:0
[26849605ms] [ERROR] Failed to load resource: net::ERR_NAME_NOT_RESOLVED @ https://development.citycommerce.group/livewire/update:0
[26879609ms] [ERROR] Failed to load resource: net::ERR_NAME_NOT_RESOLVED @ https://development.citycommerce.group/livewire/update:0
[26909617ms] [ERROR] Failed to load resource: net::ERR_NAME_NOT_RESOLVED @ https://development.citycommerce.group/livewire/update:0
[26939615ms] [ERROR] Failed to load resource: net::ERR_NAME_NOT_RESOLVED @ https://development.citycommerce.group/livewire/update:0
[26969625ms] [ERROR] Failed to load resource: net::ERR_NAME_NOT_RESOLVED @ https://development.citycommerce.group/livewire/update:0
[26999618ms] [ERROR] Failed to load resource: net::ERR_NAME_NOT_RESOLVED @ https://development.citycommerce.group/livewire/update:0
[27029626ms] [ERROR] Failed to load resource: net::ERR_NAME_NOT_RESOLVED @ https://development.citycommerce.group/livewire/update:0
[27059619ms] [ERROR] Failed to load resource: net::ERR_NAME_NOT_RESOLVED @ https://development.citycommerce.group/livewire/update:0
[27089624ms] [ERROR] Failed to load resource: net::ERR_NAME_NOT_RESOLVED @ https://development.citycommerce.group/livewire/update:0
[27119623ms] [ERROR] Failed to load resource: net::ERR_NAME_NOT_RESOLVED @ https://development.citycommerce.group/livewire/update:0
[27149613ms] [ERROR] Failed to load resource: net::ERR_NAME_NOT_RESOLVED @ https://development.citycommerce.group/livewire/update:0
[27179613ms] [ERROR] Failed to load resource: net::ERR_NAME_NOT_RESOLVED @ https://development.citycommerce.group/livewire/update:0
[27209617ms] [ERROR] Failed to load resource: net::ERR_NAME_NOT_RESOLVED @ https://development.citycommerce.group/livewire/update:0
[27239613ms] [ERROR] Failed to load resource: net::ERR_NAME_NOT_RESOLVED @ https://development.citycommerce.group/livewire/update:0
[27269618ms] [ERROR] Failed to load resource: net::ERR_NAME_NOT_RESOLVED @ https://development.citycommerce.group/livewire/update:0
[27299606ms] [ERROR] Failed to load resource: net::ERR_NAME_NOT_RESOLVED @ https://development.citycommerce.group/livewire/update:0
[27329613ms] [ERROR] Failed to load resource: net::ERR_NAME_NOT_RESOLVED @ https://development.citycommerce.group/livewire/update:0
[27359615ms] [ERROR] Failed to load resource: net::ERR_NAME_NOT_RESOLVED @ https://development.citycommerce.group/livewire/update:0
[27389619ms] [ERROR] Failed to load resource: net::ERR_NAME_NOT_RESOLVED @ https://development.citycommerce.group/livewire/update:0
[27419612ms] [ERROR] Failed to load resource: net::ERR_NAME_NOT_RESOLVED @ https://development.citycommerce.group/livewire/update:0
[27449614ms] [ERROR] Failed to load resource: net::ERR_NAME_NOT_RESOLVED @ https://development.citycommerce.group/livewire/update:0
[27479611ms] [ERROR] Failed to load resource: net::ERR_NAME_NOT_RESOLVED @ https://development.citycommerce.group/livewire/update:0
[27509612ms] [ERROR] Failed to load resource: net::ERR_NAME_NOT_RESOLVED @ https://development.citycommerce.group/livewire/update:0
[27539626ms] [ERROR] Failed to load resource: net::ERR_NAME_NOT_RESOLVED @ https://development.citycommerce.group/livewire/update:0
[27569609ms] [ERROR] Failed to load resource: net::ERR_NAME_NOT_RESOLVED @ https://development.citycommerce.group/livewire/update:0
[27599618ms] [ERROR] Failed to load resource: net::ERR_NAME_NOT_RESOLVED @ https://development.citycommerce.group/livewire/update:0
[27629627ms] [ERROR] Failed to load resource: net::ERR_NAME_NOT_RESOLVED @ https://development.citycommerce.group/livewire/update:0
[27659606ms] [ERROR] Failed to load resource: net::ERR_NAME_NOT_RESOLVED @ https://development.citycommerce.group/livewire/update:0
[27689625ms] [ERROR] Failed to load resource: net::ERR_NAME_NOT_RESOLVED @ https://development.citycommerce.group/livewire/update:0
[27719613ms] [ERROR] Failed to load resource: net::ERR_NAME_NOT_RESOLVED @ https://development.citycommerce.group/livewire/update:0
[27749608ms] [ERROR] Failed to load resource: net::ERR_NAME_NOT_RESOLVED @ https://development.citycommerce.group/livewire/update:0
[27779616ms] [ERROR] Failed to load resource: net::ERR_NAME_NOT_RESOLVED @ https://development.citycommerce.group/livewire/update:0
[27809615ms] [ERROR] Failed to load resource: net::ERR_NAME_NOT_RESOLVED @ https://development.citycommerce.group/livewire/update:0
[27839620ms] [ERROR] Failed to load resource: net::ERR_NAME_NOT_RESOLVED @ https://development.citycommerce.group/livewire/update:0
[27869619ms] [ERROR] Failed to load resource: net::ERR_NAME_NOT_RESOLVED @ https://development.citycommerce.group/livewire/update:0
[27899611ms] [ERROR] Failed to load resource: net::ERR_NAME_NOT_RESOLVED @ https://development.citycommerce.group/livewire/update:0
[27929624ms] [ERROR] Failed to load resource: net::ERR_NAME_NOT_RESOLVED @ https://development.citycommerce.group/livewire/update:0
[27959614ms] [ERROR] Failed to load resource: net::ERR_NAME_NOT_RESOLVED @ https://development.citycommerce.group/livewire/update:0
[27989614ms] [ERROR] Failed to load resource: net::ERR_NAME_NOT_RESOLVED @ https://development.citycommerce.group/livewire/update:0
[28019610ms] [ERROR] Failed to load resource: net::ERR_NAME_NOT_RESOLVED @ https://development.citycommerce.group/livewire/update:0
[28049614ms] [ERROR] Failed to load resource: net::ERR_NAME_NOT_RESOLVED @ https://development.citycommerce.group/livewire/update:0
[28079607ms] [ERROR] Failed to load resource: net::ERR_NAME_NOT_RESOLVED @ https://development.citycommerce.group/livewire/update:0
[28109614ms] [ERROR] Failed to load resource: net::ERR_NAME_NOT_RESOLVED @ https://development.citycommerce.group/livewire/update:0
[28139622ms] [ERROR] Failed to load resource: net::ERR_NAME_NOT_RESOLVED @ https://development.citycommerce.group/livewire/update:0
[28169617ms] [ERROR] Failed to load resource: net::ERR_NAME_NOT_RESOLVED @ https://development.citycommerce.group/livewire/update:0
[28199615ms] [ERROR] Failed to load resource: net::ERR_NAME_NOT_RESOLVED @ https://development.citycommerce.group/livewire/update:0
[28229611ms] [ERROR] Failed to load resource: net::ERR_NAME_NOT_RESOLVED @ https://development.citycommerce.group/livewire/update:0
[28259618ms] [ERROR] Failed to load resource: net::ERR_NAME_NOT_RESOLVED @ https://development.citycommerce.group/livewire/update:0
[28289622ms] [ERROR] Failed to load resource: net::ERR_NAME_NOT_RESOLVED @ https://development.citycommerce.group/livewire/update:0
[28319612ms] [ERROR] Failed to load resource: net::ERR_NAME_NOT_RESOLVED @ https://development.citycommerce.group/livewire/update:0
[28349605ms] [ERROR] Failed to load resource: net::ERR_NAME_NOT_RESOLVED @ https://development.citycommerce.group/livewire/update:0
[28379622ms] [ERROR] Failed to load resource: net::ERR_NAME_NOT_RESOLVED @ https://development.citycommerce.group/livewire/update:0
[28409621ms] [ERROR] Failed to load resource: net::ERR_NAME_NOT_RESOLVED @ https://development.citycommerce.group/livewire/update:0
[28439622ms] [ERROR] Failed to load resource: net::ERR_NAME_NOT_RESOLVED @ https://development.citycommerce.group/livewire/update:0
[28469612ms] [ERROR] Failed to load resource: net::ERR_NAME_NOT_RESOLVED @ https://development.citycommerce.group/livewire/update:0
[28499621ms] [ERROR] Failed to load resource: net::ERR_NAME_NOT_RESOLVED @ https://development.citycommerce.group/livewire/update:0
[28529612ms] [ERROR] Failed to load resource: net::ERR_NAME_NOT_RESOLVED @ https://development.citycommerce.group/livewire/update:0
[28559621ms] [ERROR] Failed to load resource: net::ERR_NAME_NOT_RESOLVED @ https://development.citycommerce.group/livewire/update:0
[28589609ms] [ERROR] Failed to load resource: net::ERR_NAME_NOT_RESOLVED @ https://development.citycommerce.group/livewire/update:0
[28619619ms] [ERROR] Failed to load resource: net::ERR_NAME_NOT_RESOLVED @ https://development.citycommerce.group/livewire/update:0
[28649620ms] [ERROR] Failed to load resource: net::ERR_NAME_NOT_RESOLVED @ https://development.citycommerce.group/livewire/update:0
[28679623ms] [ERROR] Failed to load resource: net::ERR_NAME_NOT_RESOLVED @ https://development.citycommerce.group/livewire/update:0
[28709615ms] [ERROR] Failed to load resource: net::ERR_NAME_NOT_RESOLVED @ https://development.citycommerce.group/livewire/update:0
[28739617ms] [ERROR] Failed to load resource: net::ERR_NAME_NOT_RESOLVED @ https://development.citycommerce.group/livewire/update:0
[28769623ms] [ERROR] Failed to load resource: net::ERR_NAME_NOT_RESOLVED @ https://development.citycommerce.group/livewire/update:0
[28799621ms] [ERROR] Failed to load resource: net::ERR_NAME_NOT_RESOLVED @ https://development.citycommerce.group/livewire/update:0
[28829610ms] [ERROR] Failed to load resource: net::ERR_NAME_NOT_RESOLVED @ https://development.citycommerce.group/livewire/update:0
[28859621ms] [ERROR] Failed to load resource: net::ERR_NAME_NOT_RESOLVED @ https://development.citycommerce.group/livewire/update:0
[28889629ms] [ERROR] Failed to load resource: net::ERR_NAME_NOT_RESOLVED @ https://development.citycommerce.group/livewire/update:0
[28919618ms] [ERROR] Failed to load resource: net::ERR_NAME_NOT_RESOLVED @ https://development.citycommerce.group/livewire/update:0
[28949619ms] [ERROR] Failed to load resource: net::ERR_NAME_NOT_RESOLVED @ https://development.citycommerce.group/livewire/update:0
[28979612ms] [ERROR] Failed to load resource: net::ERR_NAME_NOT_RESOLVED @ https://development.citycommerce.group/livewire/update:0
[29009622ms] [ERROR] Failed to load resource: net::ERR_NAME_NOT_RESOLVED @ https://development.citycommerce.group/livewire/update:0
[29039618ms] [ERROR] Failed to load resource: net::ERR_NAME_NOT_RESOLVED @ https://development.citycommerce.group/livewire/update:0
[29069617ms] [ERROR] Failed to load resource: net::ERR_NAME_NOT_RESOLVED @ https://development.citycommerce.group/livewire/update:0
[29099608ms] [ERROR] Failed to load resource: net::ERR_NAME_NOT_RESOLVED @ https://development.citycommerce.group/livewire/update:0
[29129621ms] [ERROR] Failed to load resource: net::ERR_NAME_NOT_RESOLVED @ https://development.citycommerce.group/livewire/update:0
[29159614ms] [ERROR] Failed to load resource: net::ERR_NAME_NOT_RESOLVED @ https://development.citycommerce.group/livewire/update:0
[29189611ms] [ERROR] Failed to load resource: net::ERR_NAME_NOT_RESOLVED @ https://development.citycommerce.group/livewire/update:0
[29219620ms] [ERROR] Failed to load resource: net::ERR_NAME_NOT_RESOLVED @ https://development.citycommerce.group/livewire/update:0
[29249616ms] [ERROR] Failed to load resource: net::ERR_NAME_NOT_RESOLVED @ https://development.citycommerce.group/livewire/update:0
[29279613ms] [ERROR] Failed to load resource: net::ERR_NAME_NOT_RESOLVED @ https://development.citycommerce.group/livewire/update:0
[29309612ms] [ERROR] Failed to load resource: net::ERR_NAME_NOT_RESOLVED @ https://development.citycommerce.group/livewire/update:0
[29339621ms] [ERROR] Failed to load resource: net::ERR_NAME_NOT_RESOLVED @ https://development.citycommerce.group/livewire/update:0
[29369619ms] [ERROR] Failed to load resource: net::ERR_NAME_NOT_RESOLVED @ https://development.citycommerce.group/livewire/update:0
[29399617ms] [ERROR] Failed to load resource: net::ERR_NAME_NOT_RESOLVED @ https://development.citycommerce.group/livewire/update:0
[29429611ms] [ERROR] Failed to load resource: net::ERR_NAME_NOT_RESOLVED @ https://development.citycommerce.group/livewire/update:0
[29459620ms] [ERROR] Failed to load resource: net::ERR_NAME_NOT_RESOLVED @ https://development.citycommerce.group/livewire/update:0
[29489612ms] [ERROR] Failed to load resource: net::ERR_NAME_NOT_RESOLVED @ https://development.citycommerce.group/livewire/update:0
[29519614ms] [ERROR] Failed to load resource: net::ERR_NAME_NOT_RESOLVED @ https://development.citycommerce.group/livewire/update:0
[29549617ms] [ERROR] Failed to load resource: net::ERR_NAME_NOT_RESOLVED @ https://development.citycommerce.group/livewire/update:0
[29579612ms] [ERROR] Failed to load resource: net::ERR_NAME_NOT_RESOLVED @ https://development.citycommerce.group/livewire/update:0
[29609616ms] [ERROR] Failed to load resource: net::ERR_NAME_NOT_RESOLVED @ https://development.citycommerce.group/livewire/update:0
[29639621ms] [ERROR] Failed to load resource: net::ERR_NAME_NOT_RESOLVED @ https://development.citycommerce.group/livewire/update:0
[29669618ms] [ERROR] Failed to load resource: net::ERR_NAME_NOT_RESOLVED @ https://development.citycommerce.group/livewire/update:0
[29699609ms] [ERROR] Failed to load resource: net::ERR_NAME_NOT_RESOLVED @ https://development.citycommerce.group/livewire/update:0
[29729619ms] [ERROR] Failed to load resource: net::ERR_NAME_NOT_RESOLVED @ https://development.citycommerce.group/livewire/update:0
[29759614ms] [ERROR] Failed to load resource: net::ERR_NAME_NOT_RESOLVED @ https://development.citycommerce.group/livewire/update:0
[29789610ms] [ERROR] Failed to load resource: net::ERR_NAME_NOT_RESOLVED @ https://development.citycommerce.group/livewire/update:0
[29819607ms] [ERROR] Failed to load resource: net::ERR_NAME_NOT_RESOLVED @ https://development.citycommerce.group/livewire/update:0
[29849613ms] [ERROR] Failed to load resource: net::ERR_NAME_NOT_RESOLVED @ https://development.citycommerce.group/livewire/update:0
[29879623ms] [ERROR] Failed to load resource: net::ERR_NAME_NOT_RESOLVED @ https://development.citycommerce.group/livewire/update:0
[29909615ms] [ERROR] Failed to load resource: net::ERR_NAME_NOT_RESOLVED @ https://development.citycommerce.group/livewire/update:0
[29939627ms] [ERROR] Failed to load resource: net::ERR_NAME_NOT_RESOLVED @ https://development.citycommerce.group/livewire/update:0
[29969613ms] [ERROR] Failed to load resource: net::ERR_NAME_NOT_RESOLVED @ https://development.citycommerce.group/livewire/update:0
[29999625ms] [ERROR] Failed to load resource: net::ERR_NAME_NOT_RESOLVED @ https://development.citycommerce.group/livewire/update:0
[30029610ms] [ERROR] Failed to load resource: net::ERR_NAME_NOT_RESOLVED @ https://development.citycommerce.group/livewire/update:0
[30059616ms] [ERROR] Failed to load resource: net::ERR_NAME_NOT_RESOLVED @ https://development.citycommerce.group/livewire/update:0
[30089610ms] [ERROR] Failed to load resource: net::ERR_NAME_NOT_RESOLVED @ https://development.citycommerce.group/livewire/update:0
[30119606ms] [ERROR] Failed to load resource: net::ERR_NAME_NOT_RESOLVED @ https://development.citycommerce.group/livewire/update:0
[30149610ms] [ERROR] Failed to load resource: net::ERR_NAME_NOT_RESOLVED @ https://development.citycommerce.group/livewire/update:0
[30179618ms] [ERROR] Failed to load resource: net::ERR_NAME_NOT_RESOLVED @ https://development.citycommerce.group/livewire/update:0
[30209620ms] [ERROR] Failed to load resource: net::ERR_NAME_NOT_RESOLVED @ https://development.citycommerce.group/livewire/update:0
[30239614ms] [ERROR] Failed to load resource: net::ERR_NAME_NOT_RESOLVED @ https://development.citycommerce.group/livewire/update:0
[30269614ms] [ERROR] Failed to load resource: net::ERR_NAME_NOT_RESOLVED @ https://development.citycommerce.group/livewire/update:0
[30299616ms] [ERROR] Failed to load resource: net::ERR_NAME_NOT_RESOLVED @ https://development.citycommerce.group/livewire/update:0
[30329621ms] [ERROR] Failed to load resource: net::ERR_NAME_NOT_RESOLVED @ https://development.citycommerce.group/livewire/update:0
[30359630ms] [ERROR] Failed to load resource: net::ERR_NAME_NOT_RESOLVED @ https://development.citycommerce.group/livewire/update:0
[30389619ms] [ERROR] Failed to load resource: net::ERR_NAME_NOT_RESOLVED @ https://development.citycommerce.group/livewire/update:0
[30419619ms] [ERROR] Failed to load resource: net::ERR_NAME_NOT_RESOLVED @ https://development.citycommerce.group/livewire/update:0
[30449622ms] [ERROR] Failed to load resource: net::ERR_NAME_NOT_RESOLVED @ https://development.citycommerce.group/livewire/update:0
[30479614ms] [ERROR] Failed to load resource: net::ERR_NAME_NOT_RESOLVED @ https://development.citycommerce.group/livewire/update:0
[30509613ms] [ERROR] Failed to load resource: net::ERR_NAME_NOT_RESOLVED @ https://development.citycommerce.group/livewire/update:0
[30539615ms] [ERROR] Failed to load resource: net::ERR_NAME_NOT_RESOLVED @ https://development.citycommerce.group/livewire/update:0
[30569616ms] [ERROR] Failed to load resource: net::ERR_NAME_NOT_RESOLVED @ https://development.citycommerce.group/livewire/update:0
[30599619ms] [ERROR] Failed to load resource: net::ERR_NAME_NOT_RESOLVED @ https://development.citycommerce.group/livewire/update:0
[30629624ms] [ERROR] Failed to load resource: net::ERR_NAME_NOT_RESOLVED @ https://development.citycommerce.group/livewire/update:0
[30659607ms] [ERROR] Failed to load resource: net::ERR_NAME_NOT_RESOLVED @ https://development.citycommerce.group/livewire/update:0
[30689620ms] [ERROR] Failed to load resource: net::ERR_NAME_NOT_RESOLVED @ https://development.citycommerce.group/livewire/update:0
[30719618ms] [ERROR] Failed to load resource: net::ERR_NAME_NOT_RESOLVED @ https://development.citycommerce.group/livewire/update:0
[30749612ms] [ERROR] Failed to load resource: net::ERR_NAME_NOT_RESOLVED @ https://development.citycommerce.group/livewire/update:0
[30779619ms] [ERROR] Failed to load resource: net::ERR_NAME_NOT_RESOLVED @ https://development.citycommerce.group/livewire/update:0
[30809599ms] [ERROR] Failed to load resource: net::ERR_NAME_NOT_RESOLVED @ https://development.citycommerce.group/livewire/update:0
[30839619ms] [ERROR] Failed to load resource: net::ERR_NAME_NOT_RESOLVED @ https://development.citycommerce.group/livewire/update:0
[30869616ms] [ERROR] Failed to load resource: net::ERR_NAME_NOT_RESOLVED @ https://development.citycommerce.group/livewire/update:0
[30899624ms] [ERROR] Failed to load resource: net::ERR_NAME_NOT_RESOLVED @ https://development.citycommerce.group/livewire/update:0
[30929622ms] [ERROR] Failed to load resource: net::ERR_NAME_NOT_RESOLVED @ https://development.citycommerce.group/livewire/update:0
[30959624ms] [ERROR] Failed to load resource: net::ERR_NAME_NOT_RESOLVED @ https://development.citycommerce.group/livewire/update:0
[30989606ms] [ERROR] Failed to load resource: net::ERR_NAME_NOT_RESOLVED @ https://development.citycommerce.group/livewire/update:0
[31019618ms] [ERROR] Failed to load resource: net::ERR_NAME_NOT_RESOLVED @ https://development.citycommerce.group/livewire/update:0
[31049620ms] [ERROR] Failed to load resource: net::ERR_NAME_NOT_RESOLVED @ https://development.citycommerce.group/livewire/update:0
[31079617ms] [ERROR] Failed to load resource: net::ERR_NAME_NOT_RESOLVED @ https://development.citycommerce.group/livewire/update:0
[31109621ms] [ERROR] Failed to load resource: net::ERR_NAME_NOT_RESOLVED @ https://development.citycommerce.group/livewire/update:0
[31139625ms] [ERROR] Failed to load resource: net::ERR_NAME_NOT_RESOLVED @ https://development.citycommerce.group/livewire/update:0
[31169613ms] [ERROR] Failed to load resource: net::ERR_NAME_NOT_RESOLVED @ https://development.citycommerce.group/livewire/update:0
[31199618ms] [ERROR] Failed to load resource: net::ERR_NAME_NOT_RESOLVED @ https://development.citycommerce.group/livewire/update:0
[31229616ms] [ERROR] Failed to load resource: net::ERR_NAME_NOT_RESOLVED @ https://development.citycommerce.group/livewire/update:0
[31259615ms] [ERROR] Failed to load resource: net::ERR_NAME_NOT_RESOLVED @ https://development.citycommerce.group/livewire/update:0
[31289609ms] [ERROR] Failed to load resource: net::ERR_NAME_NOT_RESOLVED @ https://development.citycommerce.group/livewire/update:0
[31319614ms] [ERROR] Failed to load resource: net::ERR_NAME_NOT_RESOLVED @ https://development.citycommerce.group/livewire/update:0
[31349619ms] [ERROR] Failed to load resource: net::ERR_NAME_NOT_RESOLVED @ https://development.citycommerce.group/livewire/update:0
[31379617ms] [ERROR] Failed to load resource: net::ERR_NAME_NOT_RESOLVED @ https://development.citycommerce.group/livewire/update:0
[31409613ms] [ERROR] Failed to load resource: net::ERR_NAME_NOT_RESOLVED @ https://development.citycommerce.group/livewire/update:0
[31439615ms] [ERROR] Failed to load resource: net::ERR_NAME_NOT_RESOLVED @ https://development.citycommerce.group/livewire/update:0
[31469619ms] [ERROR] Failed to load resource: net::ERR_NAME_NOT_RESOLVED @ https://development.citycommerce.group/livewire/update:0
[31499613ms] [ERROR] Failed to load resource: net::ERR_NAME_NOT_RESOLVED @ https://development.citycommerce.group/livewire/update:0
[31529629ms] [ERROR] Failed to load resource: net::ERR_NAME_NOT_RESOLVED @ https://development.citycommerce.group/livewire/update:0
[31559610ms] [ERROR] Failed to load resource: net::ERR_NAME_NOT_RESOLVED @ https://development.citycommerce.group/livewire/update:0
[31589631ms] [ERROR] Failed to load resource: net::ERR_NAME_NOT_RESOLVED @ https://development.citycommerce.group/livewire/update:0
[31619622ms] [ERROR] Failed to load resource: net::ERR_NAME_NOT_RESOLVED @ https://development.citycommerce.group/livewire/update:0
[31649615ms] [ERROR] Failed to load resource: net::ERR_NAME_NOT_RESOLVED @ https://development.citycommerce.group/livewire/update:0
[31679614ms] [ERROR] Failed to load resource: net::ERR_NAME_NOT_RESOLVED @ https://development.citycommerce.group/livewire/update:0
[31709610ms] [ERROR] Failed to load resource: net::ERR_NAME_NOT_RESOLVED @ https://development.citycommerce.group/livewire/update:0
[31739613ms] [ERROR] Failed to load resource: net::ERR_NAME_NOT_RESOLVED @ https://development.citycommerce.group/livewire/update:0
[31769618ms] [ERROR] Failed to load resource: net::ERR_NAME_NOT_RESOLVED @ https://development.citycommerce.group/livewire/update:0
[31799611ms] [ERROR] Failed to load resource: net::ERR_NAME_NOT_RESOLVED @ https://development.citycommerce.group/livewire/update:0
[31829615ms] [ERROR] Failed to load resource: net::ERR_NAME_NOT_RESOLVED @ https://development.citycommerce.group/livewire/update:0
[31859625ms] [ERROR] Failed to load resource: net::ERR_NAME_NOT_RESOLVED @ https://development.citycommerce.group/livewire/update:0
[31889614ms] [ERROR] Failed to load resource: net::ERR_NAME_NOT_RESOLVED @ https://development.citycommerce.group/livewire/update:0
[31919605ms] [ERROR] Failed to load resource: net::ERR_NAME_NOT_RESOLVED @ https://development.citycommerce.group/livewire/update:0
[31949606ms] [ERROR] Failed to load resource: net::ERR_NAME_NOT_RESOLVED @ https://development.citycommerce.group/livewire/update:0
[31979611ms] [ERROR] Failed to load resource: net::ERR_NAME_NOT_RESOLVED @ https://development.citycommerce.group/livewire/update:0
[32009626ms] [ERROR] Failed to load resource: net::ERR_NAME_NOT_RESOLVED @ https://development.citycommerce.group/livewire/update:0
[32039604ms] [ERROR] Failed to load resource: net::ERR_NAME_NOT_RESOLVED @ https://development.citycommerce.group/livewire/update:0
[32069615ms] [ERROR] Failed to load resource: net::ERR_NAME_NOT_RESOLVED @ https://development.citycommerce.group/livewire/update:0
[32099618ms] [ERROR] Failed to load resource: net::ERR_NAME_NOT_RESOLVED @ https://development.citycommerce.group/livewire/update:0
[32129624ms] [ERROR] Failed to load resource: net::ERR_NAME_NOT_RESOLVED @ https://development.citycommerce.group/livewire/update:0
[32159612ms] [ERROR] Failed to load resource: net::ERR_NAME_NOT_RESOLVED @ https://development.citycommerce.group/livewire/update:0
[32189620ms] [ERROR] Failed to load resource: net::ERR_NAME_NOT_RESOLVED @ https://development.citycommerce.group/livewire/update:0
[32219625ms] [ERROR] Failed to load resource: net::ERR_NAME_NOT_RESOLVED @ https://development.citycommerce.group/livewire/update:0
[32249611ms] [ERROR] Failed to load resource: net::ERR_NAME_NOT_RESOLVED @ https://development.citycommerce.group/livewire/update:0
[32279616ms] [ERROR] Failed to load resource: net::ERR_NAME_NOT_RESOLVED @ https://development.citycommerce.group/livewire/update:0
[32309609ms] [ERROR] Failed to load resource: net::ERR_NAME_NOT_RESOLVED @ https://development.citycommerce.group/livewire/update:0
[32339608ms] [ERROR] Failed to load resource: net::ERR_NAME_NOT_RESOLVED @ https://development.citycommerce.group/livewire/update:0
[32369617ms] [ERROR] Failed to load resource: net::ERR_NAME_NOT_RESOLVED @ https://development.citycommerce.group/livewire/update:0
[32399613ms] [ERROR] Failed to load resource: net::ERR_NAME_NOT_RESOLVED @ https://development.citycommerce.group/livewire/update:0
[32429617ms] [ERROR] Failed to load resource: net::ERR_NAME_NOT_RESOLVED @ https://development.citycommerce.group/livewire/update:0
[32459619ms] [ERROR] Failed to load resource: net::ERR_NAME_NOT_RESOLVED @ https://development.citycommerce.group/livewire/update:0
[32489621ms] [ERROR] Failed to load resource: net::ERR_NAME_NOT_RESOLVED @ https://development.citycommerce.group/livewire/update:0
[32519619ms] [ERROR] Failed to load resource: net::ERR_NAME_NOT_RESOLVED @ https://development.citycommerce.group/livewire/update:0
[32549626ms] [ERROR] Failed to load resource: net::ERR_NAME_NOT_RESOLVED @ https://development.citycommerce.group/livewire/update:0
[32579612ms] [ERROR] Failed to load resource: net::ERR_NAME_NOT_RESOLVED @ https://development.citycommerce.group/livewire/update:0
[32609611ms] [ERROR] Failed to load resource: net::ERR_NAME_NOT_RESOLVED @ https://development.citycommerce.group/livewire/update:0
[32639616ms] [ERROR] Failed to load resource: net::ERR_NAME_NOT_RESOLVED @ https://development.citycommerce.group/livewire/update:0
[32669625ms] [ERROR] Failed to load resource: net::ERR_NAME_NOT_RESOLVED @ https://development.citycommerce.group/livewire/update:0
[32699612ms] [ERROR] Failed to load resource: net::ERR_NAME_NOT_RESOLVED @ https://development.citycommerce.group/livewire/update:0
[32729611ms] [ERROR] Failed to load resource: net::ERR_NAME_NOT_RESOLVED @ https://development.citycommerce.group/livewire/update:0
[32759620ms] [ERROR] Failed to load resource: net::ERR_NAME_NOT_RESOLVED @ https://development.citycommerce.group/livewire/update:0
[32789626ms] [ERROR] Failed to load resource: net::ERR_NAME_NOT_RESOLVED @ https://development.citycommerce.group/livewire/update:0
[32819609ms] [ERROR] Failed to load resource: net::ERR_NAME_NOT_RESOLVED @ https://development.citycommerce.group/livewire/update:0
[32849618ms] [ERROR] Failed to load resource: net::ERR_NAME_NOT_RESOLVED @ https://development.citycommerce.group/livewire/update:0
[32879610ms] [ERROR] Failed to load resource: net::ERR_NAME_NOT_RESOLVED @ https://development.citycommerce.group/livewire/update:0
[32909620ms] [ERROR] Failed to load resource: net::ERR_NAME_NOT_RESOLVED @ https://development.citycommerce.group/livewire/update:0
[32939613ms] [ERROR] Failed to load resource: net::ERR_NAME_NOT_RESOLVED @ https://development.citycommerce.group/livewire/update:0
[32969600ms] [ERROR] Failed to load resource: net::ERR_NAME_NOT_RESOLVED @ https://development.citycommerce.group/livewire/update:0
[32999618ms] [ERROR] Failed to load resource: net::ERR_NAME_NOT_RESOLVED @ https://development.citycommerce.group/livewire/update:0
[33029616ms] [ERROR] Failed to load resource: net::ERR_NAME_NOT_RESOLVED @ https://development.citycommerce.group/livewire/update:0
[33059617ms] [ERROR] Failed to load resource: net::ERR_NAME_NOT_RESOLVED @ https://development.citycommerce.group/livewire/update:0
[33089625ms] [ERROR] Failed to load resource: net::ERR_NAME_NOT_RESOLVED @ https://development.citycommerce.group/livewire/update:0
[33119610ms] [ERROR] Failed to load resource: net::ERR_NAME_NOT_RESOLVED @ https://development.citycommerce.group/livewire/update:0
[33149616ms] [ERROR] Failed to load resource: net::ERR_NAME_NOT_RESOLVED @ https://development.citycommerce.group/livewire/update:0
[33179616ms] [ERROR] Failed to load resource: net::ERR_NAME_NOT_RESOLVED @ https://development.citycommerce.group/livewire/update:0
[33209615ms] [ERROR] Failed to load resource: net::ERR_NAME_NOT_RESOLVED @ https://development.citycommerce.group/livewire/update:0
[33239619ms] [ERROR] Failed to load resource: net::ERR_NAME_NOT_RESOLVED @ https://development.citycommerce.group/livewire/update:0
[33269627ms] [ERROR] Failed to load resource: net::ERR_NAME_NOT_RESOLVED @ https://development.citycommerce.group/livewire/update:0
[33299626ms] [ERROR] Failed to load resource: net::ERR_NAME_NOT_RESOLVED @ https://development.citycommerce.group/livewire/update:0
[33329621ms] [ERROR] Failed to load resource: net::ERR_NAME_NOT_RESOLVED @ https://development.citycommerce.group/livewire/update:0
[33359622ms] [ERROR] Failed to load resource: net::ERR_NAME_NOT_RESOLVED @ https://development.citycommerce.group/livewire/update:0
[33389613ms] [ERROR] Failed to load resource: net::ERR_NAME_NOT_RESOLVED @ https://development.citycommerce.group/livewire/update:0
[33419608ms] [ERROR] Failed to load resource: net::ERR_NAME_NOT_RESOLVED @ https://development.citycommerce.group/livewire/update:0
[33449617ms] [ERROR] Failed to load resource: net::ERR_NAME_NOT_RESOLVED @ https://development.citycommerce.group/livewire/update:0
[33479624ms] [ERROR] Failed to load resource: net::ERR_NAME_NOT_RESOLVED @ https://development.citycommerce.group/livewire/update:0
[33509618ms] [ERROR] Failed to load resource: net::ERR_NAME_NOT_RESOLVED @ https://development.citycommerce.group/livewire/update:0
[33539613ms] [ERROR] Failed to load resource: net::ERR_NAME_NOT_RESOLVED @ https://development.citycommerce.group/livewire/update:0
[33569613ms] [ERROR] Failed to load resource: net::ERR_NAME_NOT_RESOLVED @ https://development.citycommerce.group/livewire/update:0
[33599612ms] [ERROR] Failed to load resource: net::ERR_NAME_NOT_RESOLVED @ https://development.citycommerce.group/livewire/update:0
[33629612ms] [ERROR] Failed to load resource: net::ERR_NAME_NOT_RESOLVED @ https://development.citycommerce.group/livewire/update:0
[33659618ms] [ERROR] Failed to load resource: net::ERR_NAME_NOT_RESOLVED @ https://development.citycommerce.group/livewire/update:0
[33689622ms] [ERROR] Failed to load resource: net::ERR_NAME_NOT_RESOLVED @ https://development.citycommerce.group/livewire/update:0
[33719615ms] [ERROR] Failed to load resource: net::ERR_NAME_NOT_RESOLVED @ https://development.citycommerce.group/livewire/update:0
[33749615ms] [ERROR] Failed to load resource: net::ERR_NAME_NOT_RESOLVED @ https://development.citycommerce.group/livewire/update:0
[33779618ms] [ERROR] Failed to load resource: net::ERR_NAME_NOT_RESOLVED @ https://development.citycommerce.group/livewire/update:0
[33809611ms] [ERROR] Failed to load resource: net::ERR_NAME_NOT_RESOLVED @ https://development.citycommerce.group/livewire/update:0
[33839611ms] [ERROR] Failed to load resource: net::ERR_NAME_NOT_RESOLVED @ https://development.citycommerce.group/livewire/update:0
[33869620ms] [ERROR] Failed to load resource: net::ERR_NAME_NOT_RESOLVED @ https://development.citycommerce.group/livewire/update:0
[33899618ms] [ERROR] Failed to load resource: net::ERR_NAME_NOT_RESOLVED @ https://development.citycommerce.group/livewire/update:0
[33929623ms] [ERROR] Failed to load resource: net::ERR_NAME_NOT_RESOLVED @ https://development.citycommerce.group/livewire/update:0
[33959609ms] [ERROR] Failed to load resource: net::ERR_NAME_NOT_RESOLVED @ https://development.citycommerce.group/livewire/update:0
[33989626ms] [ERROR] Failed to load resource: net::ERR_NAME_NOT_RESOLVED @ https://development.citycommerce.group/livewire/update:0
[34019614ms] [ERROR] Failed to load resource: net::ERR_NAME_NOT_RESOLVED @ https://development.citycommerce.group/livewire/update:0
[34049614ms] [ERROR] Failed to load resource: net::ERR_NAME_NOT_RESOLVED @ https://development.citycommerce.group/livewire/update:0
[34079612ms] [ERROR] Failed to load resource: net::ERR_NAME_NOT_RESOLVED @ https://development.citycommerce.group/livewire/update:0
[34109611ms] [ERROR] Failed to load resource: net::ERR_NAME_NOT_RESOLVED @ https://development.citycommerce.group/livewire/update:0
[34139618ms] [ERROR] Failed to load resource: net::ERR_NAME_NOT_RESOLVED @ https://development.citycommerce.group/livewire/update:0
[34169619ms] [ERROR] Failed to load resource: net::ERR_NAME_NOT_RESOLVED @ https://development.citycommerce.group/livewire/update:0
[34199606ms] [ERROR] Failed to load resource: net::ERR_NAME_NOT_RESOLVED @ https://development.citycommerce.group/livewire/update:0
[34229609ms] [ERROR] Failed to load resource: net::ERR_NAME_NOT_RESOLVED @ https://development.citycommerce.group/livewire/update:0
[34259616ms] [ERROR] Failed to load resource: net::ERR_NAME_NOT_RESOLVED @ https://development.citycommerce.group/livewire/update:0
[34289617ms] [ERROR] Failed to load resource: net::ERR_NAME_NOT_RESOLVED @ https://development.citycommerce.group/livewire/update:0
[34319605ms] [ERROR] Failed to load resource: net::ERR_NAME_NOT_RESOLVED @ https://development.citycommerce.group/livewire/update:0
[34349615ms] [ERROR] Failed to load resource: net::ERR_NAME_NOT_RESOLVED @ https://development.citycommerce.group/livewire/update:0
[34379619ms] [ERROR] Failed to load resource: net::ERR_NAME_NOT_RESOLVED @ https://development.citycommerce.group/livewire/update:0
[34409612ms] [ERROR] Failed to load resource: net::ERR_NAME_NOT_RESOLVED @ https://development.citycommerce.group/livewire/update:0
[34439615ms] [ERROR] Failed to load resource: net::ERR_NAME_NOT_RESOLVED @ https://development.citycommerce.group/livewire/update:0
[34469622ms] [ERROR] Failed to load resource: net::ERR_NAME_NOT_RESOLVED @ https://development.citycommerce.group/livewire/update:0
[34499612ms] [ERROR] Failed to load resource: net::ERR_NAME_NOT_RESOLVED @ https://development.citycommerce.group/livewire/update:0
[34529618ms] [ERROR] Failed to load resource: net::ERR_NAME_NOT_RESOLVED @ https://development.citycommerce.group/livewire/update:0
[34559625ms] [ERROR] Failed to load resource: net::ERR_NAME_NOT_RESOLVED @ https://development.citycommerce.group/livewire/update:0
[34589605ms] [ERROR] Failed to load resource: net::ERR_NAME_NOT_RESOLVED @ https://development.citycommerce.group/livewire/update:0
[34619613ms] [ERROR] Failed to load resource: net::ERR_NAME_NOT_RESOLVED @ https://development.citycommerce.group/livewire/update:0
[34649615ms] [ERROR] Failed to load resource: net::ERR_NAME_NOT_RESOLVED @ https://development.citycommerce.group/livewire/update:0
[34679609ms] [ERROR] Failed to load resource: net::ERR_NAME_NOT_RESOLVED @ https://development.citycommerce.group/livewire/update:0
[34709614ms] [ERROR] Failed to load resource: net::ERR_NAME_NOT_RESOLVED @ https://development.citycommerce.group/livewire/update:0
[34739607ms] [ERROR] Failed to load resource: net::ERR_NAME_NOT_RESOLVED @ https://development.citycommerce.group/livewire/update:0
[34769622ms] [ERROR] Failed to load resource: net::ERR_NAME_NOT_RESOLVED @ https://development.citycommerce.group/livewire/update:0
[34799608ms] [ERROR] Failed to load resource: net::ERR_NAME_NOT_RESOLVED @ https://development.citycommerce.group/livewire/update:0
[34829611ms] [ERROR] Failed to load resource: net::ERR_NAME_NOT_RESOLVED @ https://development.citycommerce.group/livewire/update:0
[34859626ms] [ERROR] Failed to load resource: net::ERR_NAME_NOT_RESOLVED @ https://development.citycommerce.group/livewire/update:0
[34889613ms] [ERROR] Failed to load resource: net::ERR_NAME_NOT_RESOLVED @ https://development.citycommerce.group/livewire/update:0
[34919626ms] [ERROR] Failed to load resource: net::ERR_NAME_NOT_RESOLVED @ https://development.citycommerce.group/livewire/update:0
[34949614ms] [ERROR] Failed to load resource: net::ERR_NAME_NOT_RESOLVED @ https://development.citycommerce.group/livewire/update:0
[34979621ms] [ERROR] Failed to load resource: net::ERR_NAME_NOT_RESOLVED @ https://development.citycommerce.group/livewire/update:0
[35009614ms] [ERROR] Failed to load resource: net::ERR_NAME_NOT_RESOLVED @ https://development.citycommerce.group/livewire/update:0
[35039618ms] [ERROR] Failed to load resource: net::ERR_NAME_NOT_RESOLVED @ https://development.citycommerce.group/livewire/update:0
[35069610ms] [ERROR] Failed to load resource: net::ERR_NAME_NOT_RESOLVED @ https://development.citycommerce.group/livewire/update:0
[35099629ms] [ERROR] Failed to load resource: net::ERR_NAME_NOT_RESOLVED @ https://development.citycommerce.group/livewire/update:0
[35129606ms] [ERROR] Failed to load resource: net::ERR_NAME_NOT_RESOLVED @ https://development.citycommerce.group/livewire/update:0
[35159621ms] [ERROR] Failed to load resource: net::ERR_NAME_NOT_RESOLVED @ https://development.citycommerce.group/livewire/update:0
[35189624ms] [ERROR] Failed to load resource: net::ERR_NAME_NOT_RESOLVED @ https://development.citycommerce.group/livewire/update:0
[35219615ms] [ERROR] Failed to load resource: net::ERR_NAME_NOT_RESOLVED @ https://development.citycommerce.group/livewire/update:0
[35249621ms] [ERROR] Failed to load resource: net::ERR_NAME_NOT_RESOLVED @ https://development.citycommerce.group/livewire/update:0
[35279605ms] [ERROR] Failed to load resource: net::ERR_NAME_NOT_RESOLVED @ https://development.citycommerce.group/livewire/update:0
[35309606ms] [ERROR] Failed to load resource: net::ERR_NAME_NOT_RESOLVED @ https://development.citycommerce.group/livewire/update:0
[35339614ms] [ERROR] Failed to load resource: net::ERR_NAME_NOT_RESOLVED @ https://development.citycommerce.group/livewire/update:0
[35369616ms] [ERROR] Failed to load resource: net::ERR_NAME_NOT_RESOLVED @ https://development.citycommerce.group/livewire/update:0
[35399625ms] [ERROR] Failed to load resource: net::ERR_NAME_NOT_RESOLVED @ https://development.citycommerce.group/livewire/update:0
[35429612ms] [ERROR] Failed to load resource: net::ERR_NAME_NOT_RESOLVED @ https://development.citycommerce.group/livewire/update:0
[35459613ms] [ERROR] Failed to load resource: net::ERR_NAME_NOT_RESOLVED @ https://development.citycommerce.group/livewire/update:0
[35489621ms] [ERROR] Failed to load resource: net::ERR_NAME_NOT_RESOLVED @ https://development.citycommerce.group/livewire/update:0
[35519609ms] [ERROR] Failed to load resource: net::ERR_NAME_NOT_RESOLVED @ https://development.citycommerce.group/livewire/update:0
[35549612ms] [ERROR] Failed to load resource: net::ERR_NAME_NOT_RESOLVED @ https://development.citycommerce.group/livewire/update:0
[35579618ms] [ERROR] Failed to load resource: net::ERR_NAME_NOT_RESOLVED @ https://development.citycommerce.group/livewire/update:0
[35609612ms] [ERROR] Failed to load resource: net::ERR_NAME_NOT_RESOLVED @ https://development.citycommerce.group/livewire/update:0
[35639622ms] [ERROR] Failed to load resource: net::ERR_NAME_NOT_RESOLVED @ https://development.citycommerce.group/livewire/update:0
[35669619ms] [ERROR] Failed to load resource: net::ERR_NAME_NOT_RESOLVED @ https://development.citycommerce.group/livewire/update:0
[35699622ms] [ERROR] Failed to load resource: net::ERR_NAME_NOT_RESOLVED @ https://development.citycommerce.group/livewire/update:0
[35729621ms] [ERROR] Failed to load resource: net::ERR_NAME_NOT_RESOLVED @ https://development.citycommerce.group/livewire/update:0
[35759615ms] [ERROR] Failed to load resource: net::ERR_NAME_NOT_RESOLVED @ https://development.citycommerce.group/livewire/update:0
[35789611ms] [ERROR] Failed to load resource: net::ERR_NAME_NOT_RESOLVED @ https://development.citycommerce.group/livewire/update:0
[35819614ms] [ERROR] Failed to load resource: net::ERR_NAME_NOT_RESOLVED @ https://development.citycommerce.group/livewire/update:0
[35849620ms] [ERROR] Failed to load resource: net::ERR_NAME_NOT_RESOLVED @ https://development.citycommerce.group/livewire/update:0
[35879608ms] [ERROR] Failed to load resource: net::ERR_NAME_NOT_RESOLVED @ https://development.citycommerce.group/livewire/update:0
[35909626ms] [ERROR] Failed to load resource: net::ERR_NAME_NOT_RESOLVED @ https://development.citycommerce.group/livewire/update:0
[35939623ms] [ERROR] Failed to load resource: net::ERR_NAME_NOT_RESOLVED @ https://development.citycommerce.group/livewire/update:0
[35969623ms] [ERROR] Failed to load resource: net::ERR_NAME_NOT_RESOLVED @ https://development.citycommerce.group/livewire/update:0
[35999611ms] [ERROR] Failed to load resource: net::ERR_NAME_NOT_RESOLVED @ https://development.citycommerce.group/livewire/update:0
[36029616ms] [ERROR] Failed to load resource: net::ERR_NAME_NOT_RESOLVED @ https://development.citycommerce.group/livewire/update:0
[36059616ms] [ERROR] Failed to load resource: net::ERR_NAME_NOT_RESOLVED @ https://development.citycommerce.group/livewire/update:0
[36089627ms] [ERROR] Failed to load resource: net::ERR_NAME_NOT_RESOLVED @ https://development.citycommerce.group/livewire/update:0
[36119611ms] [ERROR] Failed to load resource: net::ERR_NAME_NOT_RESOLVED @ https://development.citycommerce.group/livewire/update:0
[36149616ms] [ERROR] Failed to load resource: net::ERR_NAME_NOT_RESOLVED @ https://development.citycommerce.group/livewire/update:0
[36179624ms] [ERROR] Failed to load resource: net::ERR_NAME_NOT_RESOLVED @ https://development.citycommerce.group/livewire/update:0
[36209610ms] [ERROR] Failed to load resource: net::ERR_NAME_NOT_RESOLVED @ https://development.citycommerce.group/livewire/update:0
[36239612ms] [ERROR] Failed to load resource: net::ERR_NAME_NOT_RESOLVED @ https://development.citycommerce.group/livewire/update:0
[36269620ms] [ERROR] Failed to load resource: net::ERR_NAME_NOT_RESOLVED @ https://development.citycommerce.group/livewire/update:0
[36299611ms] [ERROR] Failed to load resource: net::ERR_NAME_NOT_RESOLVED @ https://development.citycommerce.group/livewire/update:0
[36329618ms] [ERROR] Failed to load resource: net::ERR_NAME_NOT_RESOLVED @ https://development.citycommerce.group/livewire/update:0
[36359613ms] [ERROR] Failed to load resource: net::ERR_NAME_NOT_RESOLVED @ https://development.citycommerce.group/livewire/update:0
[36389615ms] [ERROR] Failed to load resource: net::ERR_NAME_NOT_RESOLVED @ https://development.citycommerce.group/livewire/update:0
[36419611ms] [ERROR] Failed to load resource: net::ERR_NAME_NOT_RESOLVED @ https://development.citycommerce.group/livewire/update:0
[36449615ms] [ERROR] Failed to load resource: net::ERR_NAME_NOT_RESOLVED @ https://development.citycommerce.group/livewire/update:0
[36479611ms] [ERROR] Failed to load resource: net::ERR_NAME_NOT_RESOLVED @ https://development.citycommerce.group/livewire/update:0
[36509619ms] [ERROR] Failed to load resource: net::ERR_NAME_NOT_RESOLVED @ https://development.citycommerce.group/livewire/update:0
[36539615ms] [ERROR] Failed to load resource: net::ERR_NAME_NOT_RESOLVED @ https://development.citycommerce.group/livewire/update:0
[36569615ms] [ERROR] Failed to load resource: net::ERR_NAME_NOT_RESOLVED @ https://development.citycommerce.group/livewire/update:0
[36599617ms] [ERROR] Failed to load resource: net::ERR_NAME_NOT_RESOLVED @ https://development.citycommerce.group/livewire/update:0
[36629618ms] [ERROR] Failed to load resource: net::ERR_NAME_NOT_RESOLVED @ https://development.citycommerce.group/livewire/update:0
[36659620ms] [ERROR] Failed to load resource: net::ERR_NAME_NOT_RESOLVED @ https://development.citycommerce.group/livewire/update:0
[36689614ms] [ERROR] Failed to load resource: net::ERR_NAME_NOT_RESOLVED @ https://development.citycommerce.group/livewire/update:0
[36719624ms] [ERROR] Failed to load resource: net::ERR_NAME_NOT_RESOLVED @ https://development.citycommerce.group/livewire/update:0
[36749611ms] [ERROR] Failed to load resource: net::ERR_NAME_NOT_RESOLVED @ https://development.citycommerce.group/livewire/update:0
[36779617ms] [ERROR] Failed to load resource: net::ERR_NAME_NOT_RESOLVED @ https://development.citycommerce.group/livewire/update:0
[36809613ms] [ERROR] Failed to load resource: net::ERR_NAME_NOT_RESOLVED @ https://development.citycommerce.group/livewire/update:0
[36839614ms] [ERROR] Failed to load resource: net::ERR_NAME_NOT_RESOLVED @ https://development.citycommerce.group/livewire/update:0
[36869617ms] [ERROR] Failed to load resource: net::ERR_NAME_NOT_RESOLVED @ https://development.citycommerce.group/livewire/update:0
[36899621ms] [ERROR] Failed to load resource: net::ERR_NAME_NOT_RESOLVED @ https://development.citycommerce.group/livewire/update:0
[36929619ms] [ERROR] Failed to load resource: net::ERR_NAME_NOT_RESOLVED @ https://development.citycommerce.group/livewire/update:0
[36959620ms] [ERROR] Failed to load resource: net::ERR_NAME_NOT_RESOLVED @ https://development.citycommerce.group/livewire/update:0
[36989616ms] [ERROR] Failed to load resource: net::ERR_NAME_NOT_RESOLVED @ https://development.citycommerce.group/livewire/update:0
[37019618ms] [ERROR] Failed to load resource: net::ERR_NAME_NOT_RESOLVED @ https://development.citycommerce.group/livewire/update:0
[37049618ms] [ERROR] Failed to load resource: net::ERR_NAME_NOT_RESOLVED @ https://development.citycommerce.group/livewire/update:0
[37079611ms] [ERROR] Failed to load resource: net::ERR_NAME_NOT_RESOLVED @ https://development.citycommerce.group/livewire/update:0
[37109623ms] [ERROR] Failed to load resource: net::ERR_NAME_NOT_RESOLVED @ https://development.citycommerce.group/livewire/update:0
[37139620ms] [ERROR] Failed to load resource: net::ERR_NAME_NOT_RESOLVED @ https://development.citycommerce.group/livewire/update:0
[37169611ms] [ERROR] Failed to load resource: net::ERR_NAME_NOT_RESOLVED @ https://development.citycommerce.group/livewire/update:0
[37199620ms] [ERROR] Failed to load resource: net::ERR_NAME_NOT_RESOLVED @ https://development.citycommerce.group/livewire/update:0
[37229617ms] [ERROR] Failed to load resource: net::ERR_NAME_NOT_RESOLVED @ https://development.citycommerce.group/livewire/update:0
[37259611ms] [ERROR] Failed to load resource: net::ERR_NAME_NOT_RESOLVED @ https://development.citycommerce.group/livewire/update:0
[37289620ms] [ERROR] Failed to load resource: net::ERR_NAME_NOT_RESOLVED @ https://development.citycommerce.group/livewire/update:0
[37319616ms] [ERROR] Failed to load resource: net::ERR_NAME_NOT_RESOLVED @ https://development.citycommerce.group/livewire/update:0
[37349618ms] [ERROR] Failed to load resource: net::ERR_NAME_NOT_RESOLVED @ https://development.citycommerce.group/livewire/update:0
[37379616ms] [ERROR] Failed to load resource: net::ERR_NAME_NOT_RESOLVED @ https://development.citycommerce.group/livewire/update:0
[37409612ms] [ERROR] Failed to load resource: net::ERR_NAME_NOT_RESOLVED @ https://development.citycommerce.group/livewire/update:0
[37439616ms] [ERROR] Failed to load resource: net::ERR_NAME_NOT_RESOLVED @ https://development.citycommerce.group/livewire/update:0
[37469627ms] [ERROR] Failed to load resource: net::ERR_NAME_NOT_RESOLVED @ https://development.citycommerce.group/livewire/update:0
[37499617ms] [ERROR] Failed to load resource: net::ERR_NAME_NOT_RESOLVED @ https://development.citycommerce.group/livewire/update:0
[37529610ms] [ERROR] Failed to load resource: net::ERR_NAME_NOT_RESOLVED @ https://development.citycommerce.group/livewire/update:0
[37559618ms] [ERROR] Failed to load resource: net::ERR_NAME_NOT_RESOLVED @ https://development.citycommerce.group/livewire/update:0
[37589625ms] [ERROR] Failed to load resource: net::ERR_NAME_NOT_RESOLVED @ https://development.citycommerce.group/livewire/update:0
[37619617ms] [ERROR] Failed to load resource: net::ERR_NAME_NOT_RESOLVED @ https://development.citycommerce.group/livewire/update:0
[37649608ms] [ERROR] Failed to load resource: net::ERR_NAME_NOT_RESOLVED @ https://development.citycommerce.group/livewire/update:0
[37679623ms] [ERROR] Failed to load resource: net::ERR_NAME_NOT_RESOLVED @ https://development.citycommerce.group/livewire/update:0
[37709612ms] [ERROR] Failed to load resource: net::ERR_NAME_NOT_RESOLVED @ https://development.citycommerce.group/livewire/update:0
[37739614ms] [ERROR] Failed to load resource: net::ERR_NAME_NOT_RESOLVED @ https://development.citycommerce.group/livewire/update:0
[37769618ms] [ERROR] Failed to load resource: net::ERR_NAME_NOT_RESOLVED @ https://development.citycommerce.group/livewire/update:0
[37799619ms] [ERROR] Failed to load resource: net::ERR_NAME_NOT_RESOLVED @ https://development.citycommerce.group/livewire/update:0
[37829619ms] [ERROR] Failed to load resource: net::ERR_NAME_NOT_RESOLVED @ https://development.citycommerce.group/livewire/update:0
[37859622ms] [ERROR] Failed to load resource: net::ERR_NAME_NOT_RESOLVED @ https://development.citycommerce.group/livewire/update:0
[37889605ms] [ERROR] Failed to load resource: net::ERR_NAME_NOT_RESOLVED @ https://development.citycommerce.group/livewire/update:0
[37919614ms] [ERROR] Failed to load resource: net::ERR_NAME_NOT_RESOLVED @ https://development.citycommerce.group/livewire/update:0
[37949615ms] [ERROR] Failed to load resource: net::ERR_NAME_NOT_RESOLVED @ https://development.citycommerce.group/livewire/update:0
[37979609ms] [ERROR] Failed to load resource: net::ERR_NAME_NOT_RESOLVED @ https://development.citycommerce.group/livewire/update:0
[38009607ms] [ERROR] Failed to load resource: net::ERR_NAME_NOT_RESOLVED @ https://development.citycommerce.group/livewire/update:0
[38039621ms] [ERROR] Failed to load resource: net::ERR_NAME_NOT_RESOLVED @ https://development.citycommerce.group/livewire/update:0
[38069624ms] [ERROR] Failed to load resource: net::ERR_NAME_NOT_RESOLVED @ https://development.citycommerce.group/livewire/update:0
[38099617ms] [ERROR] Failed to load resource: net::ERR_NAME_NOT_RESOLVED @ https://development.citycommerce.group/livewire/update:0
[38129622ms] [ERROR] Failed to load resource: net::ERR_NAME_NOT_RESOLVED @ https://development.citycommerce.group/livewire/update:0
[38159617ms] [ERROR] Failed to load resource: net::ERR_NAME_NOT_RESOLVED @ https://development.citycommerce.group/livewire/update:0
[38189624ms] [ERROR] Failed to load resource: net::ERR_NAME_NOT_RESOLVED @ https://development.citycommerce.group/livewire/update:0
[38219621ms] [ERROR] Failed to load resource: net::ERR_NAME_NOT_RESOLVED @ https://development.citycommerce.group/livewire/update:0
[38249625ms] [ERROR] Failed to load resource: net::ERR_NAME_NOT_RESOLVED @ https://development.citycommerce.group/livewire/update:0
[38279618ms] [ERROR] Failed to load resource: net::ERR_NAME_NOT_RESOLVED @ https://development.citycommerce.group/livewire/update:0
[38309626ms] [ERROR] Failed to load resource: net::ERR_NAME_NOT_RESOLVED @ https://development.citycommerce.group/livewire/update:0
[38339614ms] [ERROR] Failed to load resource: net::ERR_NAME_NOT_RESOLVED @ https://development.citycommerce.group/livewire/update:0
[38369616ms] [ERROR] Failed to load resource: net::ERR_NAME_NOT_RESOLVED @ https://development.citycommerce.group/livewire/update:0
[38399611ms] [ERROR] Failed to load resource: net::ERR_NAME_NOT_RESOLVED @ https://development.citycommerce.group/livewire/update:0
[38429618ms] [ERROR] Failed to load resource: net::ERR_NAME_NOT_RESOLVED @ https://development.citycommerce.group/livewire/update:0
[38459612ms] [ERROR] Failed to load resource: net::ERR_NAME_NOT_RESOLVED @ https://development.citycommerce.group/livewire/update:0
[38489619ms] [ERROR] Failed to load resource: net::ERR_NAME_NOT_RESOLVED @ https://development.citycommerce.group/livewire/update:0
[38519623ms] [ERROR] Failed to load resource: net::ERR_NAME_NOT_RESOLVED @ https://development.citycommerce.group/livewire/update:0
[38549628ms] [ERROR] Failed to load resource: net::ERR_NAME_NOT_RESOLVED @ https://development.citycommerce.group/livewire/update:0
[38579618ms] [ERROR] Failed to load resource: net::ERR_NAME_NOT_RESOLVED @ https://development.citycommerce.group/livewire/update:0
[38609614ms] [ERROR] Failed to load resource: net::ERR_NAME_NOT_RESOLVED @ https://development.citycommerce.group/livewire/update:0
[38639622ms] [ERROR] Failed to load resource: net::ERR_NAME_NOT_RESOLVED @ https://development.citycommerce.group/livewire/update:0
[38669619ms] [ERROR] Failed to load resource: net::ERR_NAME_NOT_RESOLVED @ https://development.citycommerce.group/livewire/update:0
[38699608ms] [ERROR] Failed to load resource: net::ERR_NAME_NOT_RESOLVED @ https://development.citycommerce.group/livewire/update:0
[38729612ms] [ERROR] Failed to load resource: net::ERR_NAME_NOT_RESOLVED @ https://development.citycommerce.group/livewire/update:0
[38759619ms] [ERROR] Failed to load resource: net::ERR_NAME_NOT_RESOLVED @ https://development.citycommerce.group/livewire/update:0
[38789615ms] [ERROR] Failed to load resource: net::ERR_NAME_NOT_RESOLVED @ https://development.citycommerce.group/livewire/update:0
[38819625ms] [ERROR] Failed to load resource: net::ERR_NAME_NOT_RESOLVED @ https://development.citycommerce.group/livewire/update:0
[38849607ms] [ERROR] Failed to load resource: net::ERR_NAME_NOT_RESOLVED @ https://development.citycommerce.group/livewire/update:0
[38879616ms] [ERROR] Failed to load resource: net::ERR_NAME_NOT_RESOLVED @ https://development.citycommerce.group/livewire/update:0
[38909617ms] [ERROR] Failed to load resource: net::ERR_NAME_NOT_RESOLVED @ https://development.citycommerce.group/livewire/update:0
[38939608ms] [ERROR] Failed to load resource: net::ERR_NAME_NOT_RESOLVED @ https://development.citycommerce.group/livewire/update:0
[38969617ms] [ERROR] Failed to load resource: net::ERR_NAME_NOT_RESOLVED @ https://development.citycommerce.group/livewire/update:0
[38999611ms] [ERROR] Failed to load resource: net::ERR_NAME_NOT_RESOLVED @ https://development.citycommerce.group/livewire/update:0
[39029622ms] [ERROR] Failed to load resource: net::ERR_NAME_NOT_RESOLVED @ https://development.citycommerce.group/livewire/update:0
[39059625ms] [ERROR] Failed to load resource: net::ERR_NAME_NOT_RESOLVED @ https://development.citycommerce.group/livewire/update:0
[39089615ms] [ERROR] Failed to load resource: net::ERR_NAME_NOT_RESOLVED @ https://development.citycommerce.group/livewire/update:0
[39119619ms] [ERROR] Failed to load resource: net::ERR_NAME_NOT_RESOLVED @ https://development.citycommerce.group/livewire/update:0
[39149612ms] [ERROR] Failed to load resource: net::ERR_NAME_NOT_RESOLVED @ https://development.citycommerce.group/livewire/update:0
[39179607ms] [ERROR] Failed to load resource: net::ERR_NAME_NOT_RESOLVED @ https://development.citycommerce.group/livewire/update:0
[39209608ms] [ERROR] Failed to load resource: net::ERR_NAME_NOT_RESOLVED @ https://development.citycommerce.group/livewire/update:0
[39239621ms] [ERROR] Failed to load resource: net::ERR_NAME_NOT_RESOLVED @ https://development.citycommerce.group/livewire/update:0
[39269620ms] [ERROR] Failed to load resource: net::ERR_NAME_NOT_RESOLVED @ https://development.citycommerce.group/livewire/update:0
[39299611ms] [ERROR] Failed to load resource: net::ERR_NAME_NOT_RESOLVED @ https://development.citycommerce.group/livewire/update:0
[39329626ms] [ERROR] Failed to load resource: net::ERR_NAME_NOT_RESOLVED @ https://development.citycommerce.group/livewire/update:0
[39359613ms] [ERROR] Failed to load resource: net::ERR_NAME_NOT_RESOLVED @ https://development.citycommerce.group/livewire/update:0
[39389624ms] [ERROR] Failed to load resource: net::ERR_NAME_NOT_RESOLVED @ https://development.citycommerce.group/livewire/update:0
[39419606ms] [ERROR] Failed to load resource: net::ERR_NAME_NOT_RESOLVED @ https://development.citycommerce.group/livewire/update:0
[39449613ms] [ERROR] Failed to load resource: net::ERR_NAME_NOT_RESOLVED @ https://development.citycommerce.group/livewire/update:0
[39479614ms] [ERROR] Failed to load resource: net::ERR_NAME_NOT_RESOLVED @ https://development.citycommerce.group/livewire/update:0
[39509607ms] [ERROR] Failed to load resource: net::ERR_NAME_NOT_RESOLVED @ https://development.citycommerce.group/livewire/update:0
[39539616ms] [ERROR] Failed to load resource: net::ERR_NAME_NOT_RESOLVED @ https://development.citycommerce.group/livewire/update:0
[39569621ms] [ERROR] Failed to load resource: net::ERR_NAME_NOT_RESOLVED @ https://development.citycommerce.group/livewire/update:0
[39599617ms] [ERROR] Failed to load resource: net::ERR_NAME_NOT_RESOLVED @ https://development.citycommerce.group/livewire/update:0
[39629620ms] [ERROR] Failed to load resource: net::ERR_NAME_NOT_RESOLVED @ https://development.citycommerce.group/livewire/update:0
[39659622ms] [ERROR] Failed to load resource: net::ERR_NAME_NOT_RESOLVED @ https://development.citycommerce.group/livewire/update:0
[39689614ms] [ERROR] Failed to load resource: net::ERR_NAME_NOT_RESOLVED @ https://development.citycommerce.group/livewire/update:0
[39719612ms] [ERROR] Failed to load resource: net::ERR_NAME_NOT_RESOLVED @ https://development.citycommerce.group/livewire/update:0
[39749612ms] [ERROR] Failed to load resource: net::ERR_NAME_NOT_RESOLVED @ https://development.citycommerce.group/livewire/update:0
[39779628ms] [ERROR] Failed to load resource: net::ERR_NAME_NOT_RESOLVED @ https://development.citycommerce.group/livewire/update:0
[39809624ms] [ERROR] Failed to load resource: net::ERR_NAME_NOT_RESOLVED @ https://development.citycommerce.group/livewire/update:0
[39839617ms] [ERROR] Failed to load resource: net::ERR_NAME_NOT_RESOLVED @ https://development.citycommerce.group/livewire/update:0
[39869612ms] [ERROR] Failed to load resource: net::ERR_NAME_NOT_RESOLVED @ https://development.citycommerce.group/livewire/update:0
[39899606ms] [ERROR] Failed to load resource: net::ERR_NAME_NOT_RESOLVED @ https://development.citycommerce.group/livewire/update:0
[39929618ms] [ERROR] Failed to load resource: net::ERR_NAME_NOT_RESOLVED @ https://development.citycommerce.group/livewire/update:0
[39959617ms] [ERROR] Failed to load resource: net::ERR_NAME_NOT_RESOLVED @ https://development.citycommerce.group/livewire/update:0
[39989608ms] [ERROR] Failed to load resource: net::ERR_NAME_NOT_RESOLVED @ https://development.citycommerce.group/livewire/update:0
[40019608ms] [ERROR] Failed to load resource: net::ERR_NAME_NOT_RESOLVED @ https://development.citycommerce.group/livewire/update:0
[40049614ms] [ERROR] Failed to load resource: net::ERR_NAME_NOT_RESOLVED @ https://development.citycommerce.group/livewire/update:0
[40079613ms] [ERROR] Failed to load resource: net::ERR_NAME_NOT_RESOLVED @ https://development.citycommerce.group/livewire/update:0
[40109619ms] [ERROR] Failed to load resource: net::ERR_NAME_NOT_RESOLVED @ https://development.citycommerce.group/livewire/update:0
[40139618ms] [ERROR] Failed to load resource: net::ERR_NAME_NOT_RESOLVED @ https://development.citycommerce.group/livewire/update:0
[40169623ms] [ERROR] Failed to load resource: net::ERR_NAME_NOT_RESOLVED @ https://development.citycommerce.group/livewire/update:0
[40199617ms] [ERROR] Failed to load resource: net::ERR_NAME_NOT_RESOLVED @ https://development.citycommerce.group/livewire/update:0
[40229618ms] [ERROR] Failed to load resource: net::ERR_NAME_NOT_RESOLVED @ https://development.citycommerce.group/livewire/update:0
[40259608ms] [ERROR] Failed to load resource: net::ERR_NAME_NOT_RESOLVED @ https://development.citycommerce.group/livewire/update:0
[40289614ms] [ERROR] Failed to load resource: net::ERR_NAME_NOT_RESOLVED @ https://development.citycommerce.group/livewire/update:0
[40319618ms] [ERROR] Failed to load resource: net::ERR_NAME_NOT_RESOLVED @ https://development.citycommerce.group/livewire/update:0
[40349624ms] [ERROR] Failed to load resource: net::ERR_NAME_NOT_RESOLVED @ https://development.citycommerce.group/livewire/update:0
[40379618ms] [ERROR] Failed to load resource: net::ERR_NAME_NOT_RESOLVED @ https://development.citycommerce.group/livewire/update:0
[40409621ms] [ERROR] Failed to load resource: net::ERR_NAME_NOT_RESOLVED @ https://development.citycommerce.group/livewire/update:0
[40439619ms] [ERROR] Failed to load resource: net::ERR_NAME_NOT_RESOLVED @ https://development.citycommerce.group/livewire/update:0
[40469627ms] [ERROR] Failed to load resource: net::ERR_NAME_NOT_RESOLVED @ https://development.citycommerce.group/livewire/update:0
[40499617ms] [ERROR] Failed to load resource: net::ERR_NAME_NOT_RESOLVED @ https://development.citycommerce.group/livewire/update:0
[40529623ms] [ERROR] Failed to load resource: net::ERR_NAME_NOT_RESOLVED @ https://development.citycommerce.group/livewire/update:0
[40559617ms] [ERROR] Failed to load resource: net::ERR_NAME_NOT_RESOLVED @ https://development.citycommerce.group/livewire/update:0
[40589626ms] [ERROR] Failed to load resource: net::ERR_NAME_NOT_RESOLVED @ https://development.citycommerce.group/livewire/update:0
[40619605ms] [ERROR] Failed to load resource: net::ERR_NAME_NOT_RESOLVED @ https://development.citycommerce.group/livewire/update:0
[40649621ms] [ERROR] Failed to load resource: net::ERR_NAME_NOT_RESOLVED @ https://development.citycommerce.group/livewire/update:0
[40679624ms] [ERROR] Failed to load resource: net::ERR_NAME_NOT_RESOLVED @ https://development.citycommerce.group/livewire/update:0
[40709613ms] [ERROR] Failed to load resource: net::ERR_NAME_NOT_RESOLVED @ https://development.citycommerce.group/livewire/update:0
[40739619ms] [ERROR] Failed to load resource: net::ERR_NAME_NOT_RESOLVED @ https://development.citycommerce.group/livewire/update:0
[40769625ms] [ERROR] Failed to load resource: net::ERR_NAME_NOT_RESOLVED @ https://development.citycommerce.group/livewire/update:0
[40799619ms] [ERROR] Failed to load resource: net::ERR_NAME_NOT_RESOLVED @ https://development.citycommerce.group/livewire/update:0
[40829620ms] [ERROR] Failed to load resource: net::ERR_NAME_NOT_RESOLVED @ https://development.citycommerce.group/livewire/update:0
[40859611ms] [ERROR] Failed to load resource: net::ERR_NAME_NOT_RESOLVED @ https://development.citycommerce.group/livewire/update:0
[40889622ms] [ERROR] Failed to load resource: net::ERR_NAME_NOT_RESOLVED @ https://development.citycommerce.group/livewire/update:0
[40919610ms] [ERROR] Failed to load resource: net::ERR_NAME_NOT_RESOLVED @ https://development.citycommerce.group/livewire/update:0
[40949614ms] [ERROR] Failed to load resource: net::ERR_NAME_NOT_RESOLVED @ https://development.citycommerce.group/livewire/update:0
[40979608ms] [ERROR] Failed to load resource: net::ERR_NAME_NOT_RESOLVED @ https://development.citycommerce.group/livewire/update:0
[41009623ms] [ERROR] Failed to load resource: net::ERR_NAME_NOT_RESOLVED @ https://development.citycommerce.group/livewire/update:0
[41039613ms] [ERROR] Failed to load resource: net::ERR_NAME_NOT_RESOLVED @ https://development.citycommerce.group/livewire/update:0
[41069614ms] [ERROR] Failed to load resource: net::ERR_NAME_NOT_RESOLVED @ https://development.citycommerce.group/livewire/update:0
[41099618ms] [ERROR] Failed to load resource: net::ERR_NAME_NOT_RESOLVED @ https://development.citycommerce.group/livewire/update:0
[41129615ms] [ERROR] Failed to load resource: net::ERR_NAME_NOT_RESOLVED @ https://development.citycommerce.group/livewire/update:0
[41159608ms] [ERROR] Failed to load resource: net::ERR_NAME_NOT_RESOLVED @ https://development.citycommerce.group/livewire/update:0
[41189614ms] [ERROR] Failed to load resource: net::ERR_NAME_NOT_RESOLVED @ https://development.citycommerce.group/livewire/update:0
[41219620ms] [ERROR] Failed to load resource: net::ERR_NAME_NOT_RESOLVED @ https://development.citycommerce.group/livewire/update:0
[41249620ms] [ERROR] Failed to load resource: net::ERR_NAME_NOT_RESOLVED @ https://development.citycommerce.group/livewire/update:0
[41279611ms] [ERROR] Failed to load resource: net::ERR_NAME_NOT_RESOLVED @ https://development.citycommerce.group/livewire/update:0
[41309612ms] [ERROR] Failed to load resource: net::ERR_NAME_NOT_RESOLVED @ https://development.citycommerce.group/livewire/update:0
[41339620ms] [ERROR] Failed to load resource: net::ERR_NAME_NOT_RESOLVED @ https://development.citycommerce.group/livewire/update:0
[41369625ms] [ERROR] Failed to load resource: net::ERR_NAME_NOT_RESOLVED @ https://development.citycommerce.group/livewire/update:0
[41399617ms] [ERROR] Failed to load resource: net::ERR_NAME_NOT_RESOLVED @ https://development.citycommerce.group/livewire/update:0
[41429618ms] [ERROR] Failed to load resource: net::ERR_NAME_NOT_RESOLVED @ https://development.citycommerce.group/livewire/update:0
[41459616ms] [ERROR] Failed to load resource: net::ERR_NAME_NOT_RESOLVED @ https://development.citycommerce.group/livewire/update:0
[41489612ms] [ERROR] Failed to load resource: net::ERR_NAME_NOT_RESOLVED @ https://development.citycommerce.group/livewire/update:0
[41519612ms] [ERROR] Failed to load resource: net::ERR_NAME_NOT_RESOLVED @ https://development.citycommerce.group/livewire/update:0
[41549612ms] [ERROR] Failed to load resource: net::ERR_NAME_NOT_RESOLVED @ https://development.citycommerce.group/livewire/update:0
[41579626ms] [ERROR] Failed to load resource: net::ERR_NAME_NOT_RESOLVED @ https://development.citycommerce.group/livewire/update:0
[41609611ms] [ERROR] Failed to load resource: net::ERR_NAME_NOT_RESOLVED @ https://development.citycommerce.group/livewire/update:0
[41639612ms] [ERROR] Failed to load resource: net::ERR_NAME_NOT_RESOLVED @ https://development.citycommerce.group/livewire/update:0
[41669627ms] [ERROR] Failed to load resource: net::ERR_NAME_NOT_RESOLVED @ https://development.citycommerce.group/livewire/update:0
[41699621ms] [ERROR] Failed to load resource: net::ERR_NAME_NOT_RESOLVED @ https://development.citycommerce.group/livewire/update:0
[41729624ms] [ERROR] Failed to load resource: net::ERR_NAME_NOT_RESOLVED @ https://development.citycommerce.group/livewire/update:0
[41759612ms] [ERROR] Failed to load resource: net::ERR_NAME_NOT_RESOLVED @ https://development.citycommerce.group/livewire/update:0
[41789621ms] [ERROR] Failed to load resource: net::ERR_NAME_NOT_RESOLVED @ https://development.citycommerce.group/livewire/update:0
[41819626ms] [ERROR] Failed to load resource: net::ERR_NAME_NOT_RESOLVED @ https://development.citycommerce.group/livewire/update:0
[41849626ms] [ERROR] Failed to load resource: net::ERR_NAME_NOT_RESOLVED @ https://development.citycommerce.group/livewire/update:0
[41879620ms] [ERROR] Failed to load resource: net::ERR_NAME_NOT_RESOLVED @ https://development.citycommerce.group/livewire/update:0
[41909617ms] [ERROR] Failed to load resource: net::ERR_NAME_NOT_RESOLVED @ https://development.citycommerce.group/livewire/update:0
[41939617ms] [ERROR] Failed to load resource: net::ERR_NAME_NOT_RESOLVED @ https://development.citycommerce.group/livewire/update:0
[41969614ms] [ERROR] Failed to load resource: net::ERR_NAME_NOT_RESOLVED @ https://development.citycommerce.group/livewire/update:0
[41999622ms] [ERROR] Failed to load resource: net::ERR_NAME_NOT_RESOLVED @ https://development.citycommerce.group/livewire/update:0
[42029617ms] [ERROR] Failed to load resource: net::ERR_NAME_NOT_RESOLVED @ https://development.citycommerce.group/livewire/update:0
[42059613ms] [ERROR] Failed to load resource: net::ERR_NAME_NOT_RESOLVED @ https://development.citycommerce.group/livewire/update:0
[42089620ms] [ERROR] Failed to load resource: net::ERR_NAME_NOT_RESOLVED @ https://development.citycommerce.group/livewire/update:0
[42119626ms] [ERROR] Failed to load resource: net::ERR_NAME_NOT_RESOLVED @ https://development.citycommerce.group/livewire/update:0
[42149617ms] [ERROR] Failed to load resource: net::ERR_NAME_NOT_RESOLVED @ https://development.citycommerce.group/livewire/update:0
[42179612ms] [ERROR] Failed to load resource: net::ERR_NAME_NOT_RESOLVED @ https://development.citycommerce.group/livewire/update:0
[42209619ms] [ERROR] Failed to load resource: net::ERR_NAME_NOT_RESOLVED @ https://development.citycommerce.group/livewire/update:0
[42239621ms] [ERROR] Failed to load resource: net::ERR_NAME_NOT_RESOLVED @ https://development.citycommerce.group/livewire/update:0
[42269614ms] [ERROR] Failed to load resource: net::ERR_NAME_NOT_RESOLVED @ https://development.citycommerce.group/livewire/update:0
[42299614ms] [ERROR] Failed to load resource: net::ERR_NAME_NOT_RESOLVED @ https://development.citycommerce.group/livewire/update:0
[42329614ms] [ERROR] Failed to load resource: net::ERR_NAME_NOT_RESOLVED @ https://development.citycommerce.group/livewire/update:0
[42359617ms] [ERROR] Failed to load resource: net::ERR_NAME_NOT_RESOLVED @ https://development.citycommerce.group/livewire/update:0
[42389620ms] [ERROR] Failed to load resource: net::ERR_NAME_NOT_RESOLVED @ https://development.citycommerce.group/livewire/update:0
[42419612ms] [ERROR] Failed to load resource: net::ERR_NAME_NOT_RESOLVED @ https://development.citycommerce.group/livewire/update:0
[42449621ms] [ERROR] Failed to load resource: net::ERR_NAME_NOT_RESOLVED @ https://development.citycommerce.group/livewire/update:0
[42479616ms] [ERROR] Failed to load resource: net::ERR_NAME_NOT_RESOLVED @ https://development.citycommerce.group/livewire/update:0
[42509616ms] [ERROR] Failed to load resource: net::ERR_NAME_NOT_RESOLVED @ https://development.citycommerce.group/livewire/update:0
[42539620ms] [ERROR] Failed to load resource: net::ERR_NAME_NOT_RESOLVED @ https://development.citycommerce.group/livewire/update:0
[42569612ms] [ERROR] Failed to load resource: net::ERR_NAME_NOT_RESOLVED @ https://development.citycommerce.group/livewire/update:0
[42599620ms] [ERROR] Failed to load resource: net::ERR_NAME_NOT_RESOLVED @ https://development.citycommerce.group/livewire/update:0
[42629614ms] [ERROR] Failed to load resource: net::ERR_NAME_NOT_RESOLVED @ https://development.citycommerce.group/livewire/update:0
[42659620ms] [ERROR] Failed to load resource: net::ERR_NAME_NOT_RESOLVED @ https://development.citycommerce.group/livewire/update:0
[42689620ms] [ERROR] Failed to load resource: net::ERR_NAME_NOT_RESOLVED @ https://development.citycommerce.group/livewire/update:0
[42719614ms] [ERROR] Failed to load resource: net::ERR_NAME_NOT_RESOLVED @ https://development.citycommerce.group/livewire/update:0
[42749609ms] [ERROR] Failed to load resource: net::ERR_NAME_NOT_RESOLVED @ https://development.citycommerce.group/livewire/update:0
[42779620ms] [ERROR] Failed to load resource: net::ERR_NAME_NOT_RESOLVED @ https://development.citycommerce.group/livewire/update:0
[42809620ms] [ERROR] Failed to load resource: net::ERR_NAME_NOT_RESOLVED @ https://development.citycommerce.group/livewire/update:0
[42839615ms] [ERROR] Failed to load resource: net::ERR_NAME_NOT_RESOLVED @ https://development.citycommerce.group/livewire/update:0
[42869615ms] [ERROR] Failed to load resource: net::ERR_NAME_NOT_RESOLVED @ https://development.citycommerce.group/livewire/update:0
[42899622ms] [ERROR] Failed to load resource: net::ERR_NAME_NOT_RESOLVED @ https://development.citycommerce.group/livewire/update:0
[42929613ms] [ERROR] Failed to load resource: net::ERR_NAME_NOT_RESOLVED @ https://development.citycommerce.group/livewire/update:0
[42959614ms] [ERROR] Failed to load resource: net::ERR_NAME_NOT_RESOLVED @ https://development.citycommerce.group/livewire/update:0
[42989611ms] [ERROR] Failed to load resource: net::ERR_NAME_NOT_RESOLVED @ https://development.citycommerce.group/livewire/update:0
[43019612ms] [ERROR] Failed to load resource: net::ERR_NAME_NOT_RESOLVED @ https://development.citycommerce.group/livewire/update:0
[43049619ms] [ERROR] Failed to load resource: net::ERR_NAME_NOT_RESOLVED @ https://development.citycommerce.group/livewire/update:0
[43079621ms] [ERROR] Failed to load resource: net::ERR_NAME_NOT_RESOLVED @ https://development.citycommerce.group/livewire/update:0
[43109619ms] [ERROR] Failed to load resource: net::ERR_NAME_NOT_RESOLVED @ https://development.citycommerce.group/livewire/update:0
[43139615ms] [ERROR] Failed to load resource: net::ERR_NAME_NOT_RESOLVED @ https://development.citycommerce.group/livewire/update:0
[43169613ms] [ERROR] Failed to load resource: net::ERR_NAME_NOT_RESOLVED @ https://development.citycommerce.group/livewire/update:0
[43199623ms] [ERROR] Failed to load resource: net::ERR_NAME_NOT_RESOLVED @ https://development.citycommerce.group/livewire/update:0
[43229614ms] [ERROR] Failed to load resource: net::ERR_NAME_NOT_RESOLVED @ https://development.citycommerce.group/livewire/update:0
[43259626ms] [ERROR] Failed to load resource: net::ERR_NAME_NOT_RESOLVED @ https://development.citycommerce.group/livewire/update:0
[43289611ms] [ERROR] Failed to load resource: net::ERR_NAME_NOT_RESOLVED @ https://development.citycommerce.group/livewire/update:0
[43319621ms] [ERROR] Failed to load resource: net::ERR_NAME_NOT_RESOLVED @ https://development.citycommerce.group/livewire/update:0
[43349617ms] [ERROR] Failed to load resource: net::ERR_NAME_NOT_RESOLVED @ https://development.citycommerce.group/livewire/update:0
[43379624ms] [ERROR] Failed to load resource: net::ERR_NAME_NOT_RESOLVED @ https://development.citycommerce.group/livewire/update:0
[43409617ms] [ERROR] Failed to load resource: net::ERR_NAME_NOT_RESOLVED @ https://development.citycommerce.group/livewire/update:0
[43439609ms] [ERROR] Failed to load resource: net::ERR_NAME_NOT_RESOLVED @ https://development.citycommerce.group/livewire/update:0
[43469621ms] [ERROR] Failed to load resource: net::ERR_NAME_NOT_RESOLVED @ https://development.citycommerce.group/livewire/update:0
[43499621ms] [ERROR] Failed to load resource: net::ERR_NAME_NOT_RESOLVED @ https://development.citycommerce.group/livewire/update:0
[43529623ms] [ERROR] Failed to load resource: net::ERR_NAME_NOT_RESOLVED @ https://development.citycommerce.group/livewire/update:0
[43559624ms] [ERROR] Failed to load resource: net::ERR_NAME_NOT_RESOLVED @ https://development.citycommerce.group/livewire/update:0
[43589609ms] [ERROR] Failed to load resource: net::ERR_NAME_NOT_RESOLVED @ https://development.citycommerce.group/livewire/update:0
[43619624ms] [ERROR] Failed to load resource: net::ERR_NAME_NOT_RESOLVED @ https://development.citycommerce.group/livewire/update:0
[43649626ms] [ERROR] Failed to load resource: net::ERR_NAME_NOT_RESOLVED @ https://development.citycommerce.group/livewire/update:0
[43679616ms] [ERROR] Failed to load resource: net::ERR_NAME_NOT_RESOLVED @ https://development.citycommerce.group/livewire/update:0
[43709622ms] [ERROR] Failed to load resource: net::ERR_NAME_NOT_RESOLVED @ https://development.citycommerce.group/livewire/update:0
[43739610ms] [ERROR] Failed to load resource: net::ERR_NAME_NOT_RESOLVED @ https://development.citycommerce.group/livewire/update:0
[43769612ms] [ERROR] Failed to load resource: net::ERR_NAME_NOT_RESOLVED @ https://development.citycommerce.group/livewire/update:0
[43799617ms] [ERROR] Failed to load resource: net::ERR_NAME_NOT_RESOLVED @ https://development.citycommerce.group/livewire/update:0
[43829613ms] [ERROR] Failed to load resource: net::ERR_NAME_NOT_RESOLVED @ https://development.citycommerce.group/livewire/update:0
[43859608ms] [ERROR] Failed to load resource: net::ERR_NAME_NOT_RESOLVED @ https://development.citycommerce.group/livewire/update:0
[43889618ms] [ERROR] Failed to load resource: net::ERR_NAME_NOT_RESOLVED @ https://development.citycommerce.group/livewire/update:0
[43919621ms] [ERROR] Failed to load resource: net::ERR_NAME_NOT_RESOLVED @ https://development.citycommerce.group/livewire/update:0
[43949615ms] [ERROR] Failed to load resource: net::ERR_NAME_NOT_RESOLVED @ https://development.citycommerce.group/livewire/update:0
[43979611ms] [ERROR] Failed to load resource: net::ERR_NAME_NOT_RESOLVED @ https://development.citycommerce.group/livewire/update:0
[44009623ms] [ERROR] Failed to load resource: net::ERR_NAME_NOT_RESOLVED @ https://development.citycommerce.group/livewire/update:0
[44039615ms] [ERROR] Failed to load resource: net::ERR_NAME_NOT_RESOLVED @ https://development.citycommerce.group/livewire/update:0
[44069619ms] [ERROR] Failed to load resource: net::ERR_NAME_NOT_RESOLVED @ https://development.citycommerce.group/livewire/update:0
[44099622ms] [ERROR] Failed to load resource: net::ERR_NAME_NOT_RESOLVED @ https://development.citycommerce.group/livewire/update:0
[44129612ms] [ERROR] Failed to load resource: net::ERR_NAME_NOT_RESOLVED @ https://development.citycommerce.group/livewire/update:0
[44159608ms] [ERROR] Failed to load resource: net::ERR_NAME_NOT_RESOLVED @ https://development.citycommerce.group/livewire/update:0
[44189617ms] [ERROR] Failed to load resource: net::ERR_NAME_NOT_RESOLVED @ https://development.citycommerce.group/livewire/update:0
[44219607ms] [ERROR] Failed to load resource: net::ERR_NAME_NOT_RESOLVED @ https://development.citycommerce.group/livewire/update:0
[44249616ms] [ERROR] Failed to load resource: net::ERR_NAME_NOT_RESOLVED @ https://development.citycommerce.group/livewire/update:0
[44279626ms] [ERROR] Failed to load resource: net::ERR_NAME_NOT_RESOLVED @ https://development.citycommerce.group/livewire/update:0
[44309623ms] [ERROR] Failed to load resource: net::ERR_NAME_NOT_RESOLVED @ https://development.citycommerce.group/livewire/update:0
[44339614ms] [ERROR] Failed to load resource: net::ERR_NAME_NOT_RESOLVED @ https://development.citycommerce.group/livewire/update:0
[44369623ms] [ERROR] Failed to load resource: net::ERR_NAME_NOT_RESOLVED @ https://development.citycommerce.group/livewire/update:0
[44399619ms] [ERROR] Failed to load resource: net::ERR_NAME_NOT_RESOLVED @ https://development.citycommerce.group/livewire/update:0
[44429626ms] [ERROR] Failed to load resource: net::ERR_NAME_NOT_RESOLVED @ https://development.citycommerce.group/livewire/update:0
[44459624ms] [ERROR] Failed to load resource: net::ERR_NAME_NOT_RESOLVED @ https://development.citycommerce.group/livewire/update:0
[44489611ms] [ERROR] Failed to load resource: net::ERR_NAME_NOT_RESOLVED @ https://development.citycommerce.group/livewire/update:0
[44519617ms] [ERROR] Failed to load resource: net::ERR_NAME_NOT_RESOLVED @ https://development.citycommerce.group/livewire/update:0
[44549611ms] [ERROR] Failed to load resource: net::ERR_NAME_NOT_RESOLVED @ https://development.citycommerce.group/livewire/update:0
[44579622ms] [ERROR] Failed to load resource: net::ERR_NAME_NOT_RESOLVED @ https://development.citycommerce.group/livewire/update:0
[44609624ms] [ERROR] Failed to load resource: net::ERR_NAME_NOT_RESOLVED @ https://development.citycommerce.group/livewire/update:0
[44639617ms] [ERROR] Failed to load resource: net::ERR_NAME_NOT_RESOLVED @ https://development.citycommerce.group/livewire/update:0
[44669623ms] [ERROR] Failed to load resource: net::ERR_NAME_NOT_RESOLVED @ https://development.citycommerce.group/livewire/update:0
[44699622ms] [ERROR] Failed to load resource: net::ERR_NAME_NOT_RESOLVED @ https://development.citycommerce.group/livewire/update:0
[44729618ms] [ERROR] Failed to load resource: net::ERR_NAME_NOT_RESOLVED @ https://development.citycommerce.group/livewire/update:0
[44759620ms] [ERROR] Failed to load resource: net::ERR_NAME_NOT_RESOLVED @ https://development.citycommerce.group/livewire/update:0
[44789618ms] [ERROR] Failed to load resource: net::ERR_NAME_NOT_RESOLVED @ https://development.citycommerce.group/livewire/update:0
[44819610ms] [ERROR] Failed to load resource: net::ERR_NAME_NOT_RESOLVED @ https://development.citycommerce.group/livewire/update:0
[44849619ms] [ERROR] Failed to load resource: net::ERR_NAME_NOT_RESOLVED @ https://development.citycommerce.group/livewire/update:0
[44879613ms] [ERROR] Failed to load resource: net::ERR_NAME_NOT_RESOLVED @ https://development.citycommerce.group/livewire/update:0
[44909625ms] [ERROR] Failed to load resource: net::ERR_NAME_NOT_RESOLVED @ https://development.citycommerce.group/livewire/update:0
[44939612ms] [ERROR] Failed to load resource: net::ERR_NAME_NOT_RESOLVED @ https://development.citycommerce.group/livewire/update:0
[44969625ms] [ERROR] Failed to load resource: net::ERR_NAME_NOT_RESOLVED @ https://development.citycommerce.group/livewire/update:0
[44999613ms] [ERROR] Failed to load resource: net::ERR_NAME_NOT_RESOLVED @ https://development.citycommerce.group/livewire/update:0
[45029621ms] [ERROR] Failed to load resource: net::ERR_NAME_NOT_RESOLVED @ https://development.citycommerce.group/livewire/update:0
[45059620ms] [ERROR] Failed to load resource: net::ERR_NAME_NOT_RESOLVED @ https://development.citycommerce.group/livewire/update:0
[45089616ms] [ERROR] Failed to load resource: net::ERR_NAME_NOT_RESOLVED @ https://development.citycommerce.group/livewire/update:0
[45119614ms] [ERROR] Failed to load resource: net::ERR_NAME_NOT_RESOLVED @ https://development.citycommerce.group/livewire/update:0
[45149613ms] [ERROR] Failed to load resource: net::ERR_NAME_NOT_RESOLVED @ https://development.citycommerce.group/livewire/update:0
[45179617ms] [ERROR] Failed to load resource: net::ERR_NAME_NOT_RESOLVED @ https://development.citycommerce.group/livewire/update:0
[45209615ms] [ERROR] Failed to load resource: net::ERR_NAME_NOT_RESOLVED @ https://development.citycommerce.group/livewire/update:0
[45239619ms] [ERROR] Failed to load resource: net::ERR_NAME_NOT_RESOLVED @ https://development.citycommerce.group/livewire/update:0
[45269610ms] [ERROR] Failed to load resource: net::ERR_NAME_NOT_RESOLVED @ https://development.citycommerce.group/livewire/update:0
[45299623ms] [ERROR] Failed to load resource: net::ERR_NAME_NOT_RESOLVED @ https://development.citycommerce.group/livewire/update:0
[45329613ms] [ERROR] Failed to load resource: net::ERR_NAME_NOT_RESOLVED @ https://development.citycommerce.group/livewire/update:0
[45359621ms] [ERROR] Failed to load resource: net::ERR_NAME_NOT_RESOLVED @ https://development.citycommerce.group/livewire/update:0
[45389616ms] [ERROR] Failed to load resource: net::ERR_NAME_NOT_RESOLVED @ https://development.citycommerce.group/livewire/update:0
[45419625ms] [ERROR] Failed to load resource: net::ERR_NAME_NOT_RESOLVED @ https://development.citycommerce.group/livewire/update:0
[45449616ms] [ERROR] Failed to load resource: net::ERR_NAME_NOT_RESOLVED @ https://development.citycommerce.group/livewire/update:0
[45479608ms] [ERROR] Failed to load resource: net::ERR_NAME_NOT_RESOLVED @ https://development.citycommerce.group/livewire/update:0
[45509612ms] [ERROR] Failed to load resource: net::ERR_NAME_NOT_RESOLVED @ https://development.citycommerce.group/livewire/update:0
[45539614ms] [ERROR] Failed to load resource: net::ERR_NAME_NOT_RESOLVED @ https://development.citycommerce.group/livewire/update:0
[45569622ms] [ERROR] Failed to load resource: net::ERR_NAME_NOT_RESOLVED @ https://development.citycommerce.group/livewire/update:0
[45599615ms] [ERROR] Failed to load resource: net::ERR_NAME_NOT_RESOLVED @ https://development.citycommerce.group/livewire/update:0
[45629615ms] [ERROR] Failed to load resource: net::ERR_NAME_NOT_RESOLVED @ https://development.citycommerce.group/livewire/update:0
[45659622ms] [ERROR] Failed to load resource: net::ERR_NAME_NOT_RESOLVED @ https://development.citycommerce.group/livewire/update:0
[45689612ms] [ERROR] Failed to load resource: net::ERR_NAME_NOT_RESOLVED @ https://development.citycommerce.group/livewire/update:0
[45719617ms] [ERROR] Failed to load resource: net::ERR_NAME_NOT_RESOLVED @ https://development.citycommerce.group/livewire/update:0
[45749623ms] [ERROR] Failed to load resource: net::ERR_NAME_NOT_RESOLVED @ https://development.citycommerce.group/livewire/update:0
[45779624ms] [ERROR] Failed to load resource: net::ERR_NAME_NOT_RESOLVED @ https://development.citycommerce.group/livewire/update:0
[45809620ms] [ERROR] Failed to load resource: net::ERR_NAME_NOT_RESOLVED @ https://development.citycommerce.group/livewire/update:0
[45839617ms] [ERROR] Failed to load resource: net::ERR_NAME_NOT_RESOLVED @ https://development.citycommerce.group/livewire/update:0
[45869607ms] [ERROR] Failed to load resource: net::ERR_NAME_NOT_RESOLVED @ https://development.citycommerce.group/livewire/update:0
[45899616ms] [ERROR] Failed to load resource: net::ERR_NAME_NOT_RESOLVED @ https://development.citycommerce.group/livewire/update:0
[45929610ms] [ERROR] Failed to load resource: net::ERR_NAME_NOT_RESOLVED @ https://development.citycommerce.group/livewire/update:0
[45959610ms] [ERROR] Failed to load resource: net::ERR_NAME_NOT_RESOLVED @ https://development.citycommerce.group/livewire/update:0
[45989622ms] [ERROR] Failed to load resource: net::ERR_NAME_NOT_RESOLVED @ https://development.citycommerce.group/livewire/update:0
[46019618ms] [ERROR] Failed to load resource: net::ERR_NAME_NOT_RESOLVED @ https://development.citycommerce.group/livewire/update:0
[46049619ms] [ERROR] Failed to load resource: net::ERR_NAME_NOT_RESOLVED @ https://development.citycommerce.group/livewire/update:0
[46079619ms] [ERROR] Failed to load resource: net::ERR_NAME_NOT_RESOLVED @ https://development.citycommerce.group/livewire/update:0
[46109637ms] [ERROR] Failed to load resource: net::ERR_NAME_NOT_RESOLVED @ https://development.citycommerce.group/livewire/update:0
[46139619ms] [ERROR] Failed to load resource: net::ERR_NAME_NOT_RESOLVED @ https://development.citycommerce.group/livewire/update:0
[46169609ms] [ERROR] Failed to load resource: net::ERR_NAME_NOT_RESOLVED @ https://development.citycommerce.group/livewire/update:0
[46199614ms] [ERROR] Failed to load resource: net::ERR_NAME_NOT_RESOLVED @ https://development.citycommerce.group/livewire/update:0
[46229621ms] [ERROR] Failed to load resource: net::ERR_NAME_NOT_RESOLVED @ https://development.citycommerce.group/livewire/update:0
[46259623ms] [ERROR] Failed to load resource: net::ERR_NAME_NOT_RESOLVED @ https://development.citycommerce.group/livewire/update:0
[46289616ms] [ERROR] Failed to load resource: net::ERR_NAME_NOT_RESOLVED @ https://development.citycommerce.group/livewire/update:0
[46319618ms] [ERROR] Failed to load resource: net::ERR_NAME_NOT_RESOLVED @ https://development.citycommerce.group/livewire/update:0
[46349607ms] [ERROR] Failed to load resource: net::ERR_NAME_NOT_RESOLVED @ https://development.citycommerce.group/livewire/update:0
[46379624ms] [ERROR] Failed to load resource: net::ERR_NAME_NOT_RESOLVED @ https://development.citycommerce.group/livewire/update:0
[46409608ms] [ERROR] Failed to load resource: net::ERR_NAME_NOT_RESOLVED @ https://development.citycommerce.group/livewire/update:0
[46439607ms] [ERROR] Failed to load resource: net::ERR_NAME_NOT_RESOLVED @ https://development.citycommerce.group/livewire/update:0
[46469608ms] [ERROR] Failed to load resource: net::ERR_NAME_NOT_RESOLVED @ https://development.citycommerce.group/livewire/update:0
[46499609ms] [ERROR] Failed to load resource: net::ERR_NAME_NOT_RESOLVED @ https://development.citycommerce.group/livewire/update:0
[46529624ms] [ERROR] Failed to load resource: net::ERR_NAME_NOT_RESOLVED @ https://development.citycommerce.group/livewire/update:0
[46559606ms] [ERROR] Failed to load resource: net::ERR_NAME_NOT_RESOLVED @ https://development.citycommerce.group/livewire/update:0
[46589621ms] [ERROR] Failed to load resource: net::ERR_NAME_NOT_RESOLVED @ https://development.citycommerce.group/livewire/update:0
[46619619ms] [ERROR] Failed to load resource: net::ERR_NAME_NOT_RESOLVED @ https://development.citycommerce.group/livewire/update:0
[46649623ms] [ERROR] Failed to load resource: net::ERR_NAME_NOT_RESOLVED @ https://development.citycommerce.group/livewire/update:0
[46679616ms] [ERROR] Failed to load resource: net::ERR_NAME_NOT_RESOLVED @ https://development.citycommerce.group/livewire/update:0
[46709616ms] [ERROR] Failed to load resource: net::ERR_NAME_NOT_RESOLVED @ https://development.citycommerce.group/livewire/update:0
[46739616ms] [ERROR] Failed to load resource: net::ERR_NAME_NOT_RESOLVED @ https://development.citycommerce.group/livewire/update:0
[46769610ms] [ERROR] Failed to load resource: net::ERR_NAME_NOT_RESOLVED @ https://development.citycommerce.group/livewire/update:0
[46799624ms] [ERROR] Failed to load resource: net::ERR_NAME_NOT_RESOLVED @ https://development.citycommerce.group/livewire/update:0
[46829625ms] [ERROR] Failed to load resource: net::ERR_NAME_NOT_RESOLVED @ https://development.citycommerce.group/livewire/update:0
[46859626ms] [ERROR] Failed to load resource: net::ERR_NAME_NOT_RESOLVED @ https://development.citycommerce.group/livewire/update:0
[46889626ms] [ERROR] Failed to load resource: net::ERR_NAME_NOT_RESOLVED @ https://development.citycommerce.group/livewire/update:0
[46919618ms] [ERROR] Failed to load resource: net::ERR_NAME_NOT_RESOLVED @ https://development.citycommerce.group/livewire/update:0
[46949610ms] [ERROR] Failed to load resource: net::ERR_NAME_NOT_RESOLVED @ https://development.citycommerce.group/livewire/update:0
[46979616ms] [ERROR] Failed to load resource: net::ERR_NAME_NOT_RESOLVED @ https://development.citycommerce.group/livewire/update:0
[47009617ms] [ERROR] Failed to load resource: net::ERR_NAME_NOT_RESOLVED @ https://development.citycommerce.group/livewire/update:0
[47039615ms] [ERROR] Failed to load resource: net::ERR_NAME_NOT_RESOLVED @ https://development.citycommerce.group/livewire/update:0
[47069611ms] [ERROR] Failed to load resource: net::ERR_NAME_NOT_RESOLVED @ https://development.citycommerce.group/livewire/update:0
[47099598ms] [ERROR] Failed to load resource: net::ERR_NAME_NOT_RESOLVED @ https://development.citycommerce.group/livewire/update:0
[47129610ms] [ERROR] Failed to load resource: net::ERR_NAME_NOT_RESOLVED @ https://development.citycommerce.group/livewire/update:0
[47159617ms] [ERROR] Failed to load resource: net::ERR_NAME_NOT_RESOLVED @ https://development.citycommerce.group/livewire/update:0
[47189613ms] [ERROR] Failed to load resource: net::ERR_NAME_NOT_RESOLVED @ https://development.citycommerce.group/livewire/update:0
[47219620ms] [ERROR] Failed to load resource: net::ERR_NAME_NOT_RESOLVED @ https://development.citycommerce.group/livewire/update:0
[47249616ms] [ERROR] Failed to load resource: net::ERR_NAME_NOT_RESOLVED @ https://development.citycommerce.group/livewire/update:0
[47279618ms] [ERROR] Failed to load resource: net::ERR_NAME_NOT_RESOLVED @ https://development.citycommerce.group/livewire/update:0
[47309628ms] [ERROR] Failed to load resource: net::ERR_NAME_NOT_RESOLVED @ https://development.citycommerce.group/livewire/update:0
[47339611ms] [ERROR] Failed to load resource: net::ERR_NAME_NOT_RESOLVED @ https://development.citycommerce.group/livewire/update:0
[47369625ms] [ERROR] Failed to load resource: net::ERR_NAME_NOT_RESOLVED @ https://development.citycommerce.group/livewire/update:0
[47399617ms] [ERROR] Failed to load resource: net::ERR_NAME_NOT_RESOLVED @ https://development.citycommerce.group/livewire/update:0
[47429614ms] [ERROR] Failed to load resource: net::ERR_NAME_NOT_RESOLVED @ https://development.citycommerce.group/livewire/update:0
[47459618ms] [ERROR] Failed to load resource: net::ERR_NAME_NOT_RESOLVED @ https://development.citycommerce.group/livewire/update:0
[47489608ms] [ERROR] Failed to load resource: net::ERR_NAME_NOT_RESOLVED @ https://development.citycommerce.group/livewire/update:0
[47519612ms] [ERROR] Failed to load resource: net::ERR_NAME_NOT_RESOLVED @ https://development.citycommerce.group/livewire/update:0
[47549615ms] [ERROR] Failed to load resource: net::ERR_NAME_NOT_RESOLVED @ https://development.citycommerce.group/livewire/update:0
[47579622ms] [ERROR] Failed to load resource: net::ERR_NAME_NOT_RESOLVED @ https://development.citycommerce.group/livewire/update:0
[47609615ms] [ERROR] Failed to load resource: net::ERR_NAME_NOT_RESOLVED @ https://development.citycommerce.group/livewire/update:0
[47639618ms] [ERROR] Failed to load resource: net::ERR_NAME_NOT_RESOLVED @ https://development.citycommerce.group/livewire/update:0
[47669619ms] [ERROR] Failed to load resource: net::ERR_NAME_NOT_RESOLVED @ https://development.citycommerce.group/livewire/update:0
[47699623ms] [ERROR] Failed to load resource: net::ERR_NAME_NOT_RESOLVED @ https://development.citycommerce.group/livewire/update:0
[47729616ms] [ERROR] Failed to load resource: net::ERR_NAME_NOT_RESOLVED @ https://development.citycommerce.group/livewire/update:0
[47759615ms] [ERROR] Failed to load resource: net::ERR_NAME_NOT_RESOLVED @ https://development.citycommerce.group/livewire/update:0
[47789619ms] [ERROR] Failed to load resource: net::ERR_NAME_NOT_RESOLVED @ https://development.citycommerce.group/livewire/update:0
[47819606ms] [ERROR] Failed to load resource: net::ERR_NAME_NOT_RESOLVED @ https://development.citycommerce.group/livewire/update:0
[47849607ms] [ERROR] Failed to load resource: net::ERR_NAME_NOT_RESOLVED @ https://development.citycommerce.group/livewire/update:0
[47879611ms] [ERROR] Failed to load resource: net::ERR_NAME_NOT_RESOLVED @ https://development.citycommerce.group/livewire/update:0
[47909617ms] [ERROR] Failed to load resource: net::ERR_NAME_NOT_RESOLVED @ https://development.citycommerce.group/livewire/update:0
[47939618ms] [ERROR] Failed to load resource: net::ERR_NAME_NOT_RESOLVED @ https://development.citycommerce.group/livewire/update:0
[47969608ms] [ERROR] Failed to load resource: net::ERR_NAME_NOT_RESOLVED @ https://development.citycommerce.group/livewire/update:0
[47999618ms] [ERROR] Failed to load resource: net::ERR_NAME_NOT_RESOLVED @ https://development.citycommerce.group/livewire/update:0
[48029619ms] [ERROR] Failed to load resource: net::ERR_NAME_NOT_RESOLVED @ https://development.citycommerce.group/livewire/update:0
[48059612ms] [ERROR] Failed to load resource: net::ERR_NAME_NOT_RESOLVED @ https://development.citycommerce.group/livewire/update:0
[48089609ms] [ERROR] Failed to load resource: net::ERR_NAME_NOT_RESOLVED @ https://development.citycommerce.group/livewire/update:0
[48119611ms] [ERROR] Failed to load resource: net::ERR_NAME_NOT_RESOLVED @ https://development.citycommerce.group/livewire/update:0
[48149613ms] [ERROR] Failed to load resource: net::ERR_NAME_NOT_RESOLVED @ https://development.citycommerce.group/livewire/update:0
[48179621ms] [ERROR] Failed to load resource: net::ERR_NAME_NOT_RESOLVED @ https://development.citycommerce.group/livewire/update:0
[48209619ms] [ERROR] Failed to load resource: net::ERR_NAME_NOT_RESOLVED @ https://development.citycommerce.group/livewire/update:0
[48239621ms] [ERROR] Failed to load resource: net::ERR_NAME_NOT_RESOLVED @ https://development.citycommerce.group/livewire/update:0
[48269616ms] [ERROR] Failed to load resource: net::ERR_NAME_NOT_RESOLVED @ https://development.citycommerce.group/livewire/update:0
[48299607ms] [ERROR] Failed to load resource: net::ERR_NAME_NOT_RESOLVED @ https://development.citycommerce.group/livewire/update:0
[48329625ms] [ERROR] Failed to load resource: net::ERR_NAME_NOT_RESOLVED @ https://development.citycommerce.group/livewire/update:0
[48359620ms] [ERROR] Failed to load resource: net::ERR_NAME_NOT_RESOLVED @ https://development.citycommerce.group/livewire/update:0
[48389616ms] [ERROR] Failed to load resource: net::ERR_NAME_NOT_RESOLVED @ https://development.citycommerce.group/livewire/update:0
[48419604ms] [ERROR] Failed to load resource: net::ERR_NAME_NOT_RESOLVED @ https://development.citycommerce.group/livewire/update:0
[48449609ms] [ERROR] Failed to load resource: net::ERR_NAME_NOT_RESOLVED @ https://development.citycommerce.group/livewire/update:0
[48479615ms] [ERROR] Failed to load resource: net::ERR_NAME_NOT_RESOLVED @ https://development.citycommerce.group/livewire/update:0
[48509612ms] [ERROR] Failed to load resource: net::ERR_NAME_NOT_RESOLVED @ https://development.citycommerce.group/livewire/update:0
[48539621ms] [ERROR] Failed to load resource: net::ERR_NAME_NOT_RESOLVED @ https://development.citycommerce.group/livewire/update:0
[48569612ms] [ERROR] Failed to load resource: net::ERR_NAME_NOT_RESOLVED @ https://development.citycommerce.group/livewire/update:0
[48599625ms] [ERROR] Failed to load resource: net::ERR_NAME_NOT_RESOLVED @ https://development.citycommerce.group/livewire/update:0
[48629626ms] [ERROR] Failed to load resource: net::ERR_NAME_NOT_RESOLVED @ https://development.citycommerce.group/livewire/update:0
[48659618ms] [ERROR] Failed to load resource: net::ERR_NAME_NOT_RESOLVED @ https://development.citycommerce.group/livewire/update:0
[48689622ms] [ERROR] Failed to load resource: net::ERR_NAME_NOT_RESOLVED @ https://development.citycommerce.group/livewire/update:0
[48719614ms] [ERROR] Failed to load resource: net::ERR_NAME_NOT_RESOLVED @ https://development.citycommerce.group/livewire/update:0
[48749623ms] [ERROR] Failed to load resource: net::ERR_NAME_NOT_RESOLVED @ https://development.citycommerce.group/livewire/update:0
[48779613ms] [ERROR] Failed to load resource: net::ERR_NAME_NOT_RESOLVED @ https://development.citycommerce.group/livewire/update:0
[48809615ms] [ERROR] Failed to load resource: net::ERR_NAME_NOT_RESOLVED @ https://development.citycommerce.group/livewire/update:0
[48839622ms] [ERROR] Failed to load resource: net::ERR_NAME_NOT_RESOLVED @ https://development.citycommerce.group/livewire/update:0
[48869623ms] [ERROR] Failed to load resource: net::ERR_NAME_NOT_RESOLVED @ https://development.citycommerce.group/livewire/update:0
[48899624ms] [ERROR] Failed to load resource: net::ERR_NAME_NOT_RESOLVED @ https://development.citycommerce.group/livewire/update:0
[48929622ms] [ERROR] Failed to load resource: net::ERR_NAME_NOT_RESOLVED @ https://development.citycommerce.group/livewire/update:0
[48959605ms] [ERROR] Failed to load resource: net::ERR_NAME_NOT_RESOLVED @ https://development.citycommerce.group/livewire/update:0
[48989621ms] [ERROR] Failed to load resource: net::ERR_NAME_NOT_RESOLVED @ https://development.citycommerce.group/livewire/update:0
[49019623ms] [ERROR] Failed to load resource: net::ERR_NAME_NOT_RESOLVED @ https://development.citycommerce.group/livewire/update:0
[49049618ms] [ERROR] Failed to load resource: net::ERR_NAME_NOT_RESOLVED @ https://development.citycommerce.group/livewire/update:0
[49079616ms] [ERROR] Failed to load resource: net::ERR_NAME_NOT_RESOLVED @ https://development.citycommerce.group/livewire/update:0
[49109621ms] [ERROR] Failed to load resource: net::ERR_NAME_NOT_RESOLVED @ https://development.citycommerce.group/livewire/update:0
[49139620ms] [ERROR] Failed to load resource: net::ERR_NAME_NOT_RESOLVED @ https://development.citycommerce.group/livewire/update:0
[49169618ms] [ERROR] Failed to load resource: net::ERR_NAME_NOT_RESOLVED @ https://development.citycommerce.group/livewire/update:0
[49199609ms] [ERROR] Failed to load resource: net::ERR_NAME_NOT_RESOLVED @ https://development.citycommerce.group/livewire/update:0
[49229620ms] [ERROR] Failed to load resource: net::ERR_NAME_NOT_RESOLVED @ https://development.citycommerce.group/livewire/update:0
[49259621ms] [ERROR] Failed to load resource: net::ERR_NAME_NOT_RESOLVED @ https://development.citycommerce.group/livewire/update:0
[49289612ms] [ERROR] Failed to load resource: net::ERR_NAME_NOT_RESOLVED @ https://development.citycommerce.group/livewire/update:0
[49319626ms] [ERROR] Failed to load resource: net::ERR_NAME_NOT_RESOLVED @ https://development.citycommerce.group/livewire/update:0
[49349620ms] [ERROR] Failed to load resource: net::ERR_NAME_NOT_RESOLVED @ https://development.citycommerce.group/livewire/update:0
[49379623ms] [ERROR] Failed to load resource: net::ERR_NAME_NOT_RESOLVED @ https://development.citycommerce.group/livewire/update:0
[49409624ms] [ERROR] Failed to load resource: net::ERR_NAME_NOT_RESOLVED @ https://development.citycommerce.group/livewire/update:0
[49439617ms] [ERROR] Failed to load resource: net::ERR_NAME_NOT_RESOLVED @ https://development.citycommerce.group/livewire/update:0
[49469627ms] [ERROR] Failed to load resource: net::ERR_NAME_NOT_RESOLVED @ https://development.citycommerce.group/livewire/update:0
[49499619ms] [ERROR] Failed to load resource: net::ERR_NAME_NOT_RESOLVED @ https://development.citycommerce.group/livewire/update:0
[49529615ms] [ERROR] Failed to load resource: net::ERR_NAME_NOT_RESOLVED @ https://development.citycommerce.group/livewire/update:0
[49559622ms] [ERROR] Failed to load resource: net::ERR_NAME_NOT_RESOLVED @ https://development.citycommerce.group/livewire/update:0
[49589619ms] [ERROR] Failed to load resource: net::ERR_NAME_NOT_RESOLVED @ https://development.citycommerce.group/livewire/update:0
[49619608ms] [ERROR] Failed to load resource: net::ERR_NAME_NOT_RESOLVED @ https://development.citycommerce.group/livewire/update:0
[49649622ms] [ERROR] Failed to load resource: net::ERR_NAME_NOT_RESOLVED @ https://development.citycommerce.group/livewire/update:0
[49679618ms] [ERROR] Failed to load resource: net::ERR_NAME_NOT_RESOLVED @ https://development.citycommerce.group/livewire/update:0
[49709620ms] [ERROR] Failed to load resource: net::ERR_NAME_NOT_RESOLVED @ https://development.citycommerce.group/livewire/update:0
[49739624ms] [ERROR] Failed to load resource: net::ERR_NAME_NOT_RESOLVED @ https://development.citycommerce.group/livewire/update:0
[49769614ms] [ERROR] Failed to load resource: net::ERR_NAME_NOT_RESOLVED @ https://development.citycommerce.group/livewire/update:0
[49799618ms] [ERROR] Failed to load resource: net::ERR_NAME_NOT_RESOLVED @ https://development.citycommerce.group/livewire/update:0
[49829620ms] [ERROR] Failed to load resource: net::ERR_NAME_NOT_RESOLVED @ https://development.citycommerce.group/livewire/update:0
[49859612ms] [ERROR] Failed to load resource: net::ERR_NAME_NOT_RESOLVED @ https://development.citycommerce.group/livewire/update:0
[49889619ms] [ERROR] Failed to load resource: net::ERR_NAME_NOT_RESOLVED @ https://development.citycommerce.group/livewire/update:0
[49919620ms] [ERROR] Failed to load resource: net::ERR_NAME_NOT_RESOLVED @ https://development.citycommerce.group/livewire/update:0
[49949607ms] [ERROR] Failed to load resource: net::ERR_NAME_NOT_RESOLVED @ https://development.citycommerce.group/livewire/update:0
[49979617ms] [ERROR] Failed to load resource: net::ERR_NAME_NOT_RESOLVED @ https://development.citycommerce.group/livewire/update:0
[50009614ms] [ERROR] Failed to load resource: net::ERR_NAME_NOT_RESOLVED @ https://development.citycommerce.group/livewire/update:0
[50039610ms] [ERROR] Failed to load resource: net::ERR_NAME_NOT_RESOLVED @ https://development.citycommerce.group/livewire/update:0
[50069619ms] [ERROR] Failed to load resource: net::ERR_NAME_NOT_RESOLVED @ https://development.citycommerce.group/livewire/update:0
[50099610ms] [ERROR] Failed to load resource: net::ERR_NAME_NOT_RESOLVED @ https://development.citycommerce.group/livewire/update:0
[50129618ms] [ERROR] Failed to load resource: net::ERR_NAME_NOT_RESOLVED @ https://development.citycommerce.group/livewire/update:0
[50159618ms] [ERROR] Failed to load resource: net::ERR_NAME_NOT_RESOLVED @ https://development.citycommerce.group/livewire/update:0
[50189633ms] [ERROR] Failed to load resource: net::ERR_NAME_NOT_RESOLVED @ https://development.citycommerce.group/livewire/update:0
[50219607ms] [ERROR] Failed to load resource: net::ERR_NAME_NOT_RESOLVED @ https://development.citycommerce.group/livewire/update:0
[50249612ms] [ERROR] Failed to load resource: net::ERR_NAME_NOT_RESOLVED @ https://development.citycommerce.group/livewire/update:0
[50279622ms] [ERROR] Failed to load resource: net::ERR_NAME_NOT_RESOLVED @ https://development.citycommerce.group/livewire/update:0
[50309615ms] [ERROR] Failed to load resource: net::ERR_NAME_NOT_RESOLVED @ https://development.citycommerce.group/livewire/update:0
[50339612ms] [ERROR] Failed to load resource: net::ERR_NAME_NOT_RESOLVED @ https://development.citycommerce.group/livewire/update:0
[50369621ms] [ERROR] Failed to load resource: net::ERR_NAME_NOT_RESOLVED @ https://development.citycommerce.group/livewire/update:0
[50399611ms] [ERROR] Failed to load resource: net::ERR_NAME_NOT_RESOLVED @ https://development.citycommerce.group/livewire/update:0
[50429611ms] [ERROR] Failed to load resource: net::ERR_NAME_NOT_RESOLVED @ https://development.citycommerce.group/livewire/update:0
[50459618ms] [ERROR] Failed to load resource: net::ERR_NAME_NOT_RESOLVED @ https://development.citycommerce.group/livewire/update:0
[50489606ms] [ERROR] Failed to load resource: net::ERR_NAME_NOT_RESOLVED @ https://development.citycommerce.group/livewire/update:0
[50519608ms] [ERROR] Failed to load resource: net::ERR_NAME_NOT_RESOLVED @ https://development.citycommerce.group/livewire/update:0
[50549626ms] [ERROR] Failed to load resource: net::ERR_NAME_NOT_RESOLVED @ https://development.citycommerce.group/livewire/update:0
[50579626ms] [ERROR] Failed to load resource: net::ERR_NAME_NOT_RESOLVED @ https://development.citycommerce.group/livewire/update:0
[50609607ms] [ERROR] Failed to load resource: net::ERR_NAME_NOT_RESOLVED @ https://development.citycommerce.group/livewire/update:0
[50639621ms] [ERROR] Failed to load resource: net::ERR_NAME_NOT_RESOLVED @ https://development.citycommerce.group/livewire/update:0
[50669615ms] [ERROR] Failed to load resource: net::ERR_NAME_NOT_RESOLVED @ https://development.citycommerce.group/livewire/update:0
[50699618ms] [ERROR] Failed to load resource: net::ERR_NAME_NOT_RESOLVED @ https://development.citycommerce.group/livewire/update:0
[50729623ms] [ERROR] Failed to load resource: net::ERR_NAME_NOT_RESOLVED @ https://development.citycommerce.group/livewire/update:0
[50759624ms] [ERROR] Failed to load resource: net::ERR_NAME_NOT_RESOLVED @ https://development.citycommerce.group/livewire/update:0
[50789625ms] [ERROR] Failed to load resource: net::ERR_NAME_NOT_RESOLVED @ https://development.citycommerce.group/livewire/update:0
[50819620ms] [ERROR] Failed to load resource: net::ERR_NAME_NOT_RESOLVED @ https://development.citycommerce.group/livewire/update:0
[50849623ms] [ERROR] Failed to load resource: net::ERR_NAME_NOT_RESOLVED @ https://development.citycommerce.group/livewire/update:0
[50879618ms] [ERROR] Failed to load resource: net::ERR_NAME_NOT_RESOLVED @ https://development.citycommerce.group/livewire/update:0
[50909616ms] [ERROR] Failed to load resource: net::ERR_NAME_NOT_RESOLVED @ https://development.citycommerce.group/livewire/update:0
[50939626ms] [ERROR] Failed to load resource: net::ERR_NAME_NOT_RESOLVED @ https://development.citycommerce.group/livewire/update:0
[50969613ms] [ERROR] Failed to load resource: net::ERR_NAME_NOT_RESOLVED @ https://development.citycommerce.group/livewire/update:0
[50999619ms] [ERROR] Failed to load resource: net::ERR_NAME_NOT_RESOLVED @ https://development.citycommerce.group/livewire/update:0
[51029615ms] [ERROR] Failed to load resource: net::ERR_NAME_NOT_RESOLVED @ https://development.citycommerce.group/livewire/update:0
[51059615ms] [ERROR] Failed to load resource: net::ERR_NAME_NOT_RESOLVED @ https://development.citycommerce.group/livewire/update:0
[51089623ms] [ERROR] Failed to load resource: net::ERR_NAME_NOT_RESOLVED @ https://development.citycommerce.group/livewire/update:0
[51119617ms] [ERROR] Failed to load resource: net::ERR_NAME_NOT_RESOLVED @ https://development.citycommerce.group/livewire/update:0
[51149612ms] [ERROR] Failed to load resource: net::ERR_NAME_NOT_RESOLVED @ https://development.citycommerce.group/livewire/update:0
[51179624ms] [ERROR] Failed to load resource: net::ERR_NAME_NOT_RESOLVED @ https://development.citycommerce.group/livewire/update:0
[51209616ms] [ERROR] Failed to load resource: net::ERR_NAME_NOT_RESOLVED @ https://development.citycommerce.group/livewire/update:0
[51239620ms] [ERROR] Failed to load resource: net::ERR_NAME_NOT_RESOLVED @ https://development.citycommerce.group/livewire/update:0
[51269613ms] [ERROR] Failed to load resource: net::ERR_NAME_NOT_RESOLVED @ https://development.citycommerce.group/livewire/update:0
[51299609ms] [ERROR] Failed to load resource: net::ERR_NAME_NOT_RESOLVED @ https://development.citycommerce.group/livewire/update:0
[51329614ms] [ERROR] Failed to load resource: net::ERR_NAME_NOT_RESOLVED @ https://development.citycommerce.group/livewire/update:0
[51359620ms] [ERROR] Failed to load resource: net::ERR_NAME_NOT_RESOLVED @ https://development.citycommerce.group/livewire/update:0
[51389621ms] [ERROR] Failed to load resource: net::ERR_NAME_NOT_RESOLVED @ https://development.citycommerce.group/livewire/update:0
[51419606ms] [ERROR] Failed to load resource: net::ERR_NAME_NOT_RESOLVED @ https://development.citycommerce.group/livewire/update:0
[51449610ms] [ERROR] Failed to load resource: net::ERR_NAME_NOT_RESOLVED @ https://development.citycommerce.group/livewire/update:0
[51479613ms] [ERROR] Failed to load resource: net::ERR_NAME_NOT_RESOLVED @ https://development.citycommerce.group/livewire/update:0
[51509619ms] [ERROR] Failed to load resource: net::ERR_NAME_NOT_RESOLVED @ https://development.citycommerce.group/livewire/update:0
[51539618ms] [ERROR] Failed to load resource: net::ERR_NAME_NOT_RESOLVED @ https://development.citycommerce.group/livewire/update:0
[51569621ms] [ERROR] Failed to load resource: net::ERR_NAME_NOT_RESOLVED @ https://development.citycommerce.group/livewire/update:0
[51599615ms] [ERROR] Failed to load resource: net::ERR_NAME_NOT_RESOLVED @ https://development.citycommerce.group/livewire/update:0
[51629620ms] [ERROR] Failed to load resource: net::ERR_NAME_NOT_RESOLVED @ https://development.citycommerce.group/livewire/update:0
[51659634ms] [ERROR] Failed to load resource: net::ERR_NAME_NOT_RESOLVED @ https://development.citycommerce.group/livewire/update:0
[51689610ms] [ERROR] Failed to load resource: net::ERR_NAME_NOT_RESOLVED @ https://development.citycommerce.group/livewire/update:0
[51719622ms] [ERROR] Failed to load resource: net::ERR_NAME_NOT_RESOLVED @ https://development.citycommerce.group/livewire/update:0
[51749617ms] [ERROR] Failed to load resource: net::ERR_NAME_NOT_RESOLVED @ https://development.citycommerce.group/livewire/update:0
[51779610ms] [ERROR] Failed to load resource: net::ERR_NAME_NOT_RESOLVED @ https://development.citycommerce.group/livewire/update:0
[51809607ms] [ERROR] Failed to load resource: net::ERR_NAME_NOT_RESOLVED @ https://development.citycommerce.group/livewire/update:0
[51839611ms] [ERROR] Failed to load resource: net::ERR_NAME_NOT_RESOLVED @ https://development.citycommerce.group/livewire/update:0
[51869615ms] [ERROR] Failed to load resource: net::ERR_NAME_NOT_RESOLVED @ https://development.citycommerce.group/livewire/update:0
[51899610ms] [ERROR] Failed to load resource: net::ERR_NAME_NOT_RESOLVED @ https://development.citycommerce.group/livewire/update:0
[51929624ms] [ERROR] Failed to load resource: net::ERR_NAME_NOT_RESOLVED @ https://development.citycommerce.group/livewire/update:0
[51959614ms] [ERROR] Failed to load resource: net::ERR_NAME_NOT_RESOLVED @ https://development.citycommerce.group/livewire/update:0
[51989611ms] [ERROR] Failed to load resource: net::ERR_NAME_NOT_RESOLVED @ https://development.citycommerce.group/livewire/update:0
[52019612ms] [ERROR] Failed to load resource: net::ERR_NAME_NOT_RESOLVED @ https://development.citycommerce.group/livewire/update:0
[52049609ms] [ERROR] Failed to load resource: net::ERR_NAME_NOT_RESOLVED @ https://development.citycommerce.group/livewire/update:0
[52079615ms] [ERROR] Failed to load resource: net::ERR_NAME_NOT_RESOLVED @ https://development.citycommerce.group/livewire/update:0
[52109616ms] [ERROR] Failed to load resource: net::ERR_NAME_NOT_RESOLVED @ https://development.citycommerce.group/livewire/update:0
[52139617ms] [ERROR] Failed to load resource: net::ERR_NAME_NOT_RESOLVED @ https://development.citycommerce.group/livewire/update:0
[52169617ms] [ERROR] Failed to load resource: net::ERR_NAME_NOT_RESOLVED @ https://development.citycommerce.group/livewire/update:0
[52199613ms] [ERROR] Failed to load resource: net::ERR_NAME_NOT_RESOLVED @ https://development.citycommerce.group/livewire/update:0
[52229620ms] [ERROR] Failed to load resource: net::ERR_NAME_NOT_RESOLVED @ https://development.citycommerce.group/livewire/update:0
[52259612ms] [ERROR] Failed to load resource: net::ERR_NAME_NOT_RESOLVED @ https://development.citycommerce.group/livewire/update:0
[52289620ms] [ERROR] Failed to load resource: net::ERR_NAME_NOT_RESOLVED @ https://development.citycommerce.group/livewire/update:0
[52319617ms] [ERROR] Failed to load resource: net::ERR_NAME_NOT_RESOLVED @ https://development.citycommerce.group/livewire/update:0
[52349621ms] [ERROR] Failed to load resource: net::ERR_NAME_NOT_RESOLVED @ https://development.citycommerce.group/livewire/update:0
[52379620ms] [ERROR] Failed to load resource: net::ERR_NAME_NOT_RESOLVED @ https://development.citycommerce.group/livewire/update:0
[52409605ms] [ERROR] Failed to load resource: net::ERR_NAME_NOT_RESOLVED @ https://development.citycommerce.group/livewire/update:0
[52439625ms] [ERROR] Failed to load resource: net::ERR_NAME_NOT_RESOLVED @ https://development.citycommerce.group/livewire/update:0
[52469607ms] [ERROR] Failed to load resource: net::ERR_NAME_NOT_RESOLVED @ https://development.citycommerce.group/livewire/update:0
[52499620ms] [ERROR] Failed to load resource: net::ERR_NAME_NOT_RESOLVED @ https://development.citycommerce.group/livewire/update:0
[52529610ms] [ERROR] Failed to load resource: net::ERR_NAME_NOT_RESOLVED @ https://development.citycommerce.group/livewire/update:0
[52559620ms] [ERROR] Failed to load resource: net::ERR_NAME_NOT_RESOLVED @ https://development.citycommerce.group/livewire/update:0
[52589609ms] [ERROR] Failed to load resource: net::ERR_NAME_NOT_RESOLVED @ https://development.citycommerce.group/livewire/update:0
[52619616ms] [ERROR] Failed to load resource: net::ERR_NAME_NOT_RESOLVED @ https://development.citycommerce.group/livewire/update:0
[52649612ms] [ERROR] Failed to load resource: net::ERR_NAME_NOT_RESOLVED @ https://development.citycommerce.group/livewire/update:0
[52679612ms] [ERROR] Failed to load resource: net::ERR_NAME_NOT_RESOLVED @ https://development.citycommerce.group/livewire/update:0
[52709609ms] [ERROR] Failed to load resource: net::ERR_NAME_NOT_RESOLVED @ https://development.citycommerce.group/livewire/update:0
[52739614ms] [ERROR] Failed to load resource: net::ERR_NAME_NOT_RESOLVED @ https://development.citycommerce.group/livewire/update:0
[52769611ms] [ERROR] Failed to load resource: net::ERR_NAME_NOT_RESOLVED @ https://development.citycommerce.group/livewire/update:0
[52799619ms] [ERROR] Failed to load resource: net::ERR_NAME_NOT_RESOLVED @ https://development.citycommerce.group/livewire/update:0
[52829614ms] [ERROR] Failed to load resource: net::ERR_NAME_NOT_RESOLVED @ https://development.citycommerce.group/livewire/update:0
[52859607ms] [ERROR] Failed to load resource: net::ERR_NAME_NOT_RESOLVED @ https://development.citycommerce.group/livewire/update:0
[52889612ms] [ERROR] Failed to load resource: net::ERR_NAME_NOT_RESOLVED @ https://development.citycommerce.group/livewire/update:0
[52919614ms] [ERROR] Failed to load resource: net::ERR_NAME_NOT_RESOLVED @ https://development.citycommerce.group/livewire/update:0
[52949606ms] [ERROR] Failed to load resource: net::ERR_NAME_NOT_RESOLVED @ https://development.citycommerce.group/livewire/update:0
[52979615ms] [ERROR] Failed to load resource: net::ERR_NAME_NOT_RESOLVED @ https://development.citycommerce.group/livewire/update:0
[53009613ms] [ERROR] Failed to load resource: net::ERR_NAME_NOT_RESOLVED @ https://development.citycommerce.group/livewire/update:0
[53039619ms] [ERROR] Failed to load resource: net::ERR_NAME_NOT_RESOLVED @ https://development.citycommerce.group/livewire/update:0
[53069605ms] [ERROR] Failed to load resource: net::ERR_NAME_NOT_RESOLVED @ https://development.citycommerce.group/livewire/update:0
[53099622ms] [ERROR] Failed to load resource: net::ERR_NAME_NOT_RESOLVED @ https://development.citycommerce.group/livewire/update:0
[53129619ms] [ERROR] Failed to load resource: net::ERR_NAME_NOT_RESOLVED @ https://development.citycommerce.group/livewire/update:0
[53159621ms] [ERROR] Failed to load resource: net::ERR_NAME_NOT_RESOLVED @ https://development.citycommerce.group/livewire/update:0
[53189620ms] [ERROR] Failed to load resource: net::ERR_NAME_NOT_RESOLVED @ https://development.citycommerce.group/livewire/update:0
[53219617ms] [ERROR] Failed to load resource: net::ERR_NAME_NOT_RESOLVED @ https://development.citycommerce.group/livewire/update:0
[53249611ms] [ERROR] Failed to load resource: net::ERR_NAME_NOT_RESOLVED @ https://development.citycommerce.group/livewire/update:0
[53279607ms] [ERROR] Failed to load resource: net::ERR_NAME_NOT_RESOLVED @ https://development.citycommerce.group/livewire/update:0
[53309610ms] [ERROR] Failed to load resource: net::ERR_NAME_NOT_RESOLVED @ https://development.citycommerce.group/livewire/update:0
[53339612ms] [ERROR] Failed to load resource: net::ERR_NAME_NOT_RESOLVED @ https://development.citycommerce.group/livewire/update:0
[53369618ms] [ERROR] Failed to load resource: net::ERR_NAME_NOT_RESOLVED @ https://development.citycommerce.group/livewire/update:0
[53399621ms] [ERROR] Failed to load resource: net::ERR_NAME_NOT_RESOLVED @ https://development.citycommerce.group/livewire/update:0
[53429614ms] [ERROR] Failed to load resource: net::ERR_NAME_NOT_RESOLVED @ https://development.citycommerce.group/livewire/update:0
[53459610ms] [ERROR] Failed to load resource: net::ERR_NAME_NOT_RESOLVED @ https://development.citycommerce.group/livewire/update:0
[53489613ms] [ERROR] Failed to load resource: net::ERR_NAME_NOT_RESOLVED @ https://development.citycommerce.group/livewire/update:0
[53519622ms] [ERROR] Failed to load resource: net::ERR_NAME_NOT_RESOLVED @ https://development.citycommerce.group/livewire/update:0
[53549607ms] [ERROR] Failed to load resource: net::ERR_NAME_NOT_RESOLVED @ https://development.citycommerce.group/livewire/update:0
[53579608ms] [ERROR] Failed to load resource: net::ERR_NAME_NOT_RESOLVED @ https://development.citycommerce.group/livewire/update:0
[53609622ms] [ERROR] Failed to load resource: net::ERR_NAME_NOT_RESOLVED @ https://development.citycommerce.group/livewire/update:0
[53639620ms] [ERROR] Failed to load resource: net::ERR_NAME_NOT_RESOLVED @ https://development.citycommerce.group/livewire/update:0
[53669619ms] [ERROR] Failed to load resource: net::ERR_NAME_NOT_RESOLVED @ https://development.citycommerce.group/livewire/update:0
[53699626ms] [ERROR] Failed to load resource: net::ERR_NAME_NOT_RESOLVED @ https://development.citycommerce.group/livewire/update:0
[53729613ms] [ERROR] Failed to load resource: net::ERR_NAME_NOT_RESOLVED @ https://development.citycommerce.group/livewire/update:0
[53759606ms] [ERROR] Failed to load resource: net::ERR_NAME_NOT_RESOLVED @ https://development.citycommerce.group/livewire/update:0
[53789618ms] [ERROR] Failed to load resource: net::ERR_NAME_NOT_RESOLVED @ https://development.citycommerce.group/livewire/update:0
[53819618ms] [ERROR] Failed to load resource: net::ERR_NAME_NOT_RESOLVED @ https://development.citycommerce.group/livewire/update:0
[53849614ms] [ERROR] Failed to load resource: net::ERR_NAME_NOT_RESOLVED @ https://development.citycommerce.group/livewire/update:0
[53879627ms] [ERROR] Failed to load resource: net::ERR_NAME_NOT_RESOLVED @ https://development.citycommerce.group/livewire/update:0
[53909619ms] [ERROR] Failed to load resource: net::ERR_NAME_NOT_RESOLVED @ https://development.citycommerce.group/livewire/update:0
[53939609ms] [ERROR] Failed to load resource: net::ERR_NAME_NOT_RESOLVED @ https://development.citycommerce.group/livewire/update:0
[53969620ms] [ERROR] Failed to load resource: net::ERR_NAME_NOT_RESOLVED @ https://development.citycommerce.group/livewire/update:0
[53999614ms] [ERROR] Failed to load resource: net::ERR_NAME_NOT_RESOLVED @ https://development.citycommerce.group/livewire/update:0
[54029613ms] [ERROR] Failed to load resource: net::ERR_NAME_NOT_RESOLVED @ https://development.citycommerce.group/livewire/update:0
[54059632ms] [ERROR] Failed to load resource: net::ERR_NAME_NOT_RESOLVED @ https://development.citycommerce.group/livewire/update:0
[54089621ms] [ERROR] Failed to load resource: net::ERR_NAME_NOT_RESOLVED @ https://development.citycommerce.group/livewire/update:0
[54119622ms] [ERROR] Failed to load resource: net::ERR_NAME_NOT_RESOLVED @ https://development.citycommerce.group/livewire/update:0
[54149608ms] [ERROR] Failed to load resource: net::ERR_NAME_NOT_RESOLVED @ https://development.citycommerce.group/livewire/update:0
[54179623ms] [ERROR] Failed to load resource: net::ERR_NAME_NOT_RESOLVED @ https://development.citycommerce.group/livewire/update:0
[54209609ms] [ERROR] Failed to load resource: net::ERR_NAME_NOT_RESOLVED @ https://development.citycommerce.group/livewire/update:0
[54239620ms] [ERROR] Failed to load resource: net::ERR_NAME_NOT_RESOLVED @ https://development.citycommerce.group/livewire/update:0
[54269614ms] [ERROR] Failed to load resource: net::ERR_NAME_NOT_RESOLVED @ https://development.citycommerce.group/livewire/update:0
[54299623ms] [ERROR] Failed to load resource: net::ERR_NAME_NOT_RESOLVED @ https://development.citycommerce.group/livewire/update:0
[54329617ms] [ERROR] Failed to load resource: net::ERR_NAME_NOT_RESOLVED @ https://development.citycommerce.group/livewire/update:0
[54359622ms] [ERROR] Failed to load resource: net::ERR_NAME_NOT_RESOLVED @ https://development.citycommerce.group/livewire/update:0
[54389613ms] [ERROR] Failed to load resource: net::ERR_NAME_NOT_RESOLVED @ https://development.citycommerce.group/livewire/update:0
[54419616ms] [ERROR] Failed to load resource: net::ERR_NAME_NOT_RESOLVED @ https://development.citycommerce.group/livewire/update:0
[54449612ms] [ERROR] Failed to load resource: net::ERR_NAME_NOT_RESOLVED @ https://development.citycommerce.group/livewire/update:0
[54479615ms] [ERROR] Failed to load resource: net::ERR_NAME_NOT_RESOLVED @ https://development.citycommerce.group/livewire/update:0
[54509613ms] [ERROR] Failed to load resource: net::ERR_NAME_NOT_RESOLVED @ https://development.citycommerce.group/livewire/update:0
[54539610ms] [ERROR] Failed to load resource: net::ERR_NAME_NOT_RESOLVED @ https://development.citycommerce.group/livewire/update:0
[54569614ms] [ERROR] Failed to load resource: net::ERR_NAME_NOT_RESOLVED @ https://development.citycommerce.group/livewire/update:0
[54599621ms] [ERROR] Failed to load resource: net::ERR_NAME_NOT_RESOLVED @ https://development.citycommerce.group/livewire/update:0
[54629620ms] [ERROR] Failed to load resource: net::ERR_NAME_NOT_RESOLVED @ https://development.citycommerce.group/livewire/update:0
[54659621ms] [ERROR] Failed to load resource: net::ERR_NAME_NOT_RESOLVED @ https://development.citycommerce.group/livewire/update:0
[54689621ms] [ERROR] Failed to load resource: net::ERR_NAME_NOT_RESOLVED @ https://development.citycommerce.group/livewire/update:0
[54719620ms] [ERROR] Failed to load resource: net::ERR_NAME_NOT_RESOLVED @ https://development.citycommerce.group/livewire/update:0
[54749613ms] [ERROR] Failed to load resource: net::ERR_NAME_NOT_RESOLVED @ https://development.citycommerce.group/livewire/update:0
[54779613ms] [ERROR] Failed to load resource: net::ERR_NAME_NOT_RESOLVED @ https://development.citycommerce.group/livewire/update:0
[54809606ms] [ERROR] Failed to load resource: net::ERR_NAME_NOT_RESOLVED @ https://development.citycommerce.group/livewire/update:0
[54839619ms] [ERROR] Failed to load resource: net::ERR_NAME_NOT_RESOLVED @ https://development.citycommerce.group/livewire/update:0
[54869612ms] [ERROR] Failed to load resource: net::ERR_NAME_NOT_RESOLVED @ https://development.citycommerce.group/livewire/update:0
[54899617ms] [ERROR] Failed to load resource: net::ERR_NAME_NOT_RESOLVED @ https://development.citycommerce.group/livewire/update:0
[54929605ms] [ERROR] Failed to load resource: net::ERR_NAME_NOT_RESOLVED @ https://development.citycommerce.group/livewire/update:0
[54959621ms] [ERROR] Failed to load resource: net::ERR_NAME_NOT_RESOLVED @ https://development.citycommerce.group/livewire/update:0
[54989613ms] [ERROR] Failed to load resource: net::ERR_NAME_NOT_RESOLVED @ https://development.citycommerce.group/livewire/update:0
[55019610ms] [ERROR] Failed to load resource: net::ERR_NAME_NOT_RESOLVED @ https://development.citycommerce.group/livewire/update:0
[55049611ms] [ERROR] Failed to load resource: net::ERR_NAME_NOT_RESOLVED @ https://development.citycommerce.group/livewire/update:0
[55079617ms] [ERROR] Failed to load resource: net::ERR_NAME_NOT_RESOLVED @ https://development.citycommerce.group/livewire/update:0
[55109626ms] [ERROR] Failed to load resource: net::ERR_NAME_NOT_RESOLVED @ https://development.citycommerce.group/livewire/update:0
[55139620ms] [ERROR] Failed to load resource: net::ERR_NAME_NOT_RESOLVED @ https://development.citycommerce.group/livewire/update:0
[55169612ms] [ERROR] Failed to load resource: net::ERR_NAME_NOT_RESOLVED @ https://development.citycommerce.group/livewire/update:0
[55199626ms] [ERROR] Failed to load resource: net::ERR_NAME_NOT_RESOLVED @ https://development.citycommerce.group/livewire/update:0
[55229616ms] [ERROR] Failed to load resource: net::ERR_NAME_NOT_RESOLVED @ https://development.citycommerce.group/livewire/update:0
[55259614ms] [ERROR] Failed to load resource: net::ERR_NAME_NOT_RESOLVED @ https://development.citycommerce.group/livewire/update:0
[55289623ms] [ERROR] Failed to load resource: net::ERR_NAME_NOT_RESOLVED @ https://development.citycommerce.group/livewire/update:0
[55319623ms] [ERROR] Failed to load resource: net::ERR_NAME_NOT_RESOLVED @ https://development.citycommerce.group/livewire/update:0
[55349629ms] [ERROR] Failed to load resource: net::ERR_NAME_NOT_RESOLVED @ https://development.citycommerce.group/livewire/update:0
[55379619ms] [ERROR] Failed to load resource: net::ERR_NAME_NOT_RESOLVED @ https://development.citycommerce.group/livewire/update:0
[55409629ms] [ERROR] Failed to load resource: net::ERR_NAME_NOT_RESOLVED @ https://development.citycommerce.group/livewire/update:0
[55439619ms] [ERROR] Failed to load resource: net::ERR_NAME_NOT_RESOLVED @ https://development.citycommerce.group/livewire/update:0
[55469617ms] [ERROR] Failed to load resource: net::ERR_NAME_NOT_RESOLVED @ https://development.citycommerce.group/livewire/update:0
[55499614ms] [ERROR] Failed to load resource: net::ERR_NAME_NOT_RESOLVED @ https://development.citycommerce.group/livewire/update:0
[55529612ms] [ERROR] Failed to load resource: net::ERR_NAME_NOT_RESOLVED @ https://development.citycommerce.group/livewire/update:0
[55559622ms] [ERROR] Failed to load resource: net::ERR_NAME_NOT_RESOLVED @ https://development.citycommerce.group/livewire/update:0
[55589616ms] [ERROR] Failed to load resource: net::ERR_NAME_NOT_RESOLVED @ https://development.citycommerce.group/livewire/update:0
[55619619ms] [ERROR] Failed to load resource: net::ERR_NAME_NOT_RESOLVED @ https://development.citycommerce.group/livewire/update:0
[55649618ms] [ERROR] Failed to load resource: net::ERR_NAME_NOT_RESOLVED @ https://development.citycommerce.group/livewire/update:0
[55679618ms] [ERROR] Failed to load resource: net::ERR_NAME_NOT_RESOLVED @ https://development.citycommerce.group/livewire/update:0
[55709623ms] [ERROR] Failed to load resource: net::ERR_NAME_NOT_RESOLVED @ https://development.citycommerce.group/livewire/update:0
[55739616ms] [ERROR] Failed to load resource: net::ERR_NAME_NOT_RESOLVED @ https://development.citycommerce.group/livewire/update:0
[55769610ms] [ERROR] Failed to load resource: net::ERR_NAME_NOT_RESOLVED @ https://development.citycommerce.group/livewire/update:0
[55799624ms] [ERROR] Failed to load resource: net::ERR_NAME_NOT_RESOLVED @ https://development.citycommerce.group/livewire/update:0
[55829625ms] [ERROR] Failed to load resource: net::ERR_NAME_NOT_RESOLVED @ https://development.citycommerce.group/livewire/update:0
[55859620ms] [ERROR] Failed to load resource: net::ERR_NAME_NOT_RESOLVED @ https://development.citycommerce.group/livewire/update:0
[55889612ms] [ERROR] Failed to load resource: net::ERR_NAME_NOT_RESOLVED @ https://development.citycommerce.group/livewire/update:0
[55919625ms] [ERROR] Failed to load resource: net::ERR_NAME_NOT_RESOLVED @ https://development.citycommerce.group/livewire/update:0
[55949621ms] [ERROR] Failed to load resource: net::ERR_NAME_NOT_RESOLVED @ https://development.citycommerce.group/livewire/update:0
[55979620ms] [ERROR] Failed to load resource: net::ERR_NAME_NOT_RESOLVED @ https://development.citycommerce.group/livewire/update:0
[56009619ms] [ERROR] Failed to load resource: net::ERR_NAME_NOT_RESOLVED @ https://development.citycommerce.group/livewire/update:0
[56039622ms] [ERROR] Failed to load resource: net::ERR_NAME_NOT_RESOLVED @ https://development.citycommerce.group/livewire/update:0
[56069623ms] [ERROR] Failed to load resource: net::ERR_NAME_NOT_RESOLVED @ https://development.citycommerce.group/livewire/update:0
[56099619ms] [ERROR] Failed to load resource: net::ERR_NAME_NOT_RESOLVED @ https://development.citycommerce.group/livewire/update:0
[56129607ms] [ERROR] Failed to load resource: net::ERR_NAME_NOT_RESOLVED @ https://development.citycommerce.group/livewire/update:0
[56159619ms] [ERROR] Failed to load resource: net::ERR_NAME_NOT_RESOLVED @ https://development.citycommerce.group/livewire/update:0
[56189607ms] [ERROR] Failed to load resource: net::ERR_NAME_NOT_RESOLVED @ https://development.citycommerce.group/livewire/update:0
[56219605ms] [ERROR] Failed to load resource: net::ERR_NAME_NOT_RESOLVED @ https://development.citycommerce.group/livewire/update:0
[56249616ms] [ERROR] Failed to load resource: net::ERR_NAME_NOT_RESOLVED @ https://development.citycommerce.group/livewire/update:0
[56279606ms] [ERROR] Failed to load resource: net::ERR_NAME_NOT_RESOLVED @ https://development.citycommerce.group/livewire/update:0
[56309622ms] [ERROR] Failed to load resource: net::ERR_NAME_NOT_RESOLVED @ https://development.citycommerce.group/livewire/update:0
[56339624ms] [ERROR] Failed to load resource: net::ERR_NAME_NOT_RESOLVED @ https://development.citycommerce.group/livewire/update:0
[56369615ms] [ERROR] Failed to load resource: net::ERR_NAME_NOT_RESOLVED @ https://development.citycommerce.group/livewire/update:0
[56399624ms] [ERROR] Failed to load resource: net::ERR_NAME_NOT_RESOLVED @ https://development.citycommerce.group/livewire/update:0
[56429617ms] [ERROR] Failed to load resource: net::ERR_NAME_NOT_RESOLVED @ https://development.citycommerce.group/livewire/update:0
[56459611ms] [ERROR] Failed to load resource: net::ERR_NAME_NOT_RESOLVED @ https://development.citycommerce.group/livewire/update:0
[56489620ms] [ERROR] Failed to load resource: net::ERR_NAME_NOT_RESOLVED @ https://development.citycommerce.group/livewire/update:0
[56519615ms] [ERROR] Failed to load resource: net::ERR_NAME_NOT_RESOLVED @ https://development.citycommerce.group/livewire/update:0
[56549619ms] [ERROR] Failed to load resource: net::ERR_NAME_NOT_RESOLVED @ https://development.citycommerce.group/livewire/update:0
[56579618ms] [ERROR] Failed to load resource: net::ERR_NAME_NOT_RESOLVED @ https://development.citycommerce.group/livewire/update:0
[56609623ms] [ERROR] Failed to load resource: net::ERR_NAME_NOT_RESOLVED @ https://development.citycommerce.group/livewire/update:0
[56639625ms] [ERROR] Failed to load resource: net::ERR_NAME_NOT_RESOLVED @ https://development.citycommerce.group/livewire/update:0
[56669620ms] [ERROR] Failed to load resource: net::ERR_NAME_NOT_RESOLVED @ https://development.citycommerce.group/livewire/update:0
[56699619ms] [ERROR] Failed to load resource: net::ERR_NAME_NOT_RESOLVED @ https://development.citycommerce.group/livewire/update:0
[56729612ms] [ERROR] Failed to load resource: net::ERR_NAME_NOT_RESOLVED @ https://development.citycommerce.group/livewire/update:0
[56759623ms] [ERROR] Failed to load resource: net::ERR_NAME_NOT_RESOLVED @ https://development.citycommerce.group/livewire/update:0
[56789616ms] [ERROR] Failed to load resource: net::ERR_NAME_NOT_RESOLVED @ https://development.citycommerce.group/livewire/update:0
[56819616ms] [ERROR] Failed to load resource: net::ERR_NAME_NOT_RESOLVED @ https://development.citycommerce.group/livewire/update:0
[56849623ms] [ERROR] Failed to load resource: net::ERR_NAME_NOT_RESOLVED @ https://development.citycommerce.group/livewire/update:0
[56879613ms] [ERROR] Failed to load resource: net::ERR_NAME_NOT_RESOLVED @ https://development.citycommerce.group/livewire/update:0
[56909611ms] [ERROR] Failed to load resource: net::ERR_NAME_NOT_RESOLVED @ https://development.citycommerce.group/livewire/update:0
[56939625ms] [ERROR] Failed to load resource: net::ERR_NAME_NOT_RESOLVED @ https://development.citycommerce.group/livewire/update:0
[56969613ms] [ERROR] Failed to load resource: net::ERR_NAME_NOT_RESOLVED @ https://development.citycommerce.group/livewire/update:0
[56999614ms] [ERROR] Failed to load resource: net::ERR_NAME_NOT_RESOLVED @ https://development.citycommerce.group/livewire/update:0
[57029619ms] [ERROR] Failed to load resource: net::ERR_NAME_NOT_RESOLVED @ https://development.citycommerce.group/livewire/update:0
[57059620ms] [ERROR] Failed to load resource: net::ERR_NAME_NOT_RESOLVED @ https://development.citycommerce.group/livewire/update:0
[57089616ms] [ERROR] Failed to load resource: net::ERR_NAME_NOT_RESOLVED @ https://development.citycommerce.group/livewire/update:0
[57119608ms] [ERROR] Failed to load resource: net::ERR_NAME_NOT_RESOLVED @ https://development.citycommerce.group/livewire/update:0
[57149611ms] [ERROR] Failed to load resource: net::ERR_NAME_NOT_RESOLVED @ https://development.citycommerce.group/livewire/update:0
[57179619ms] [ERROR] Failed to load resource: net::ERR_NAME_NOT_RESOLVED @ https://development.citycommerce.group/livewire/update:0
[57209625ms] [ERROR] Failed to load resource: net::ERR_NAME_NOT_RESOLVED @ https://development.citycommerce.group/livewire/update:0
[57239624ms] [ERROR] Failed to load resource: net::ERR_NAME_NOT_RESOLVED @ https://development.citycommerce.group/livewire/update:0
[57269623ms] [ERROR] Failed to load resource: net::ERR_NAME_NOT_RESOLVED @ https://development.citycommerce.group/livewire/update:0
[57299615ms] [ERROR] Failed to load resource: net::ERR_NAME_NOT_RESOLVED @ https://development.citycommerce.group/livewire/update:0
[57329618ms] [ERROR] Failed to load resource: net::ERR_NAME_NOT_RESOLVED @ https://development.citycommerce.group/livewire/update:0
[57359616ms] [ERROR] Failed to load resource: net::ERR_NAME_NOT_RESOLVED @ https://development.citycommerce.group/livewire/update:0
[57389609ms] [ERROR] Failed to load resource: net::ERR_NAME_NOT_RESOLVED @ https://development.citycommerce.group/livewire/update:0
[57419615ms] [ERROR] Failed to load resource: net::ERR_NAME_NOT_RESOLVED @ https://development.citycommerce.group/livewire/update:0
[57449624ms] [ERROR] Failed to load resource: net::ERR_NAME_NOT_RESOLVED @ https://development.citycommerce.group/livewire/update:0
[57479605ms] [ERROR] Failed to load resource: net::ERR_NAME_NOT_RESOLVED @ https://development.citycommerce.group/livewire/update:0
[57509620ms] [ERROR] Failed to load resource: net::ERR_NAME_NOT_RESOLVED @ https://development.citycommerce.group/livewire/update:0
[57539617ms] [ERROR] Failed to load resource: net::ERR_NAME_NOT_RESOLVED @ https://development.citycommerce.group/livewire/update:0
[57569619ms] [ERROR] Failed to load resource: net::ERR_NAME_NOT_RESOLVED @ https://development.citycommerce.group/livewire/update:0
[57599622ms] [ERROR] Failed to load resource: net::ERR_NAME_NOT_RESOLVED @ https://development.citycommerce.group/livewire/update:0
[57629607ms] [ERROR] Failed to load resource: net::ERR_NAME_NOT_RESOLVED @ https://development.citycommerce.group/livewire/update:0
[57659619ms] [ERROR] Failed to load resource: net::ERR_NAME_NOT_RESOLVED @ https://development.citycommerce.group/livewire/update:0
[57689614ms] [ERROR] Failed to load resource: net::ERR_NAME_NOT_RESOLVED @ https://development.citycommerce.group/livewire/update:0
[57719611ms] [ERROR] Failed to load resource: net::ERR_NAME_NOT_RESOLVED @ https://development.citycommerce.group/livewire/update:0
[57749618ms] [ERROR] Failed to load resource: net::ERR_NAME_NOT_RESOLVED @ https://development.citycommerce.group/livewire/update:0
[57779612ms] [ERROR] Failed to load resource: net::ERR_NAME_NOT_RESOLVED @ https://development.citycommerce.group/livewire/update:0
[57809617ms] [ERROR] Failed to load resource: net::ERR_NAME_NOT_RESOLVED @ https://development.citycommerce.group/livewire/update:0
[57839621ms] [ERROR] Failed to load resource: net::ERR_NAME_NOT_RESOLVED @ https://development.citycommerce.group/livewire/update:0
[57869620ms] [ERROR] Failed to load resource: net::ERR_NAME_NOT_RESOLVED @ https://development.citycommerce.group/livewire/update:0
[57899614ms] [ERROR] Failed to load resource: net::ERR_NAME_NOT_RESOLVED @ https://development.citycommerce.group/livewire/update:0
[57929613ms] [ERROR] Failed to load resource: net::ERR_NAME_NOT_RESOLVED @ https://development.citycommerce.group/livewire/update:0
[57959617ms] [ERROR] Failed to load resource: net::ERR_NAME_NOT_RESOLVED @ https://development.citycommerce.group/livewire/update:0
[57989623ms] [ERROR] Failed to load resource: net::ERR_NAME_NOT_RESOLVED @ https://development.citycommerce.group/livewire/update:0
[58019618ms] [ERROR] Failed to load resource: net::ERR_NAME_NOT_RESOLVED @ https://development.citycommerce.group/livewire/update:0
[58049627ms] [ERROR] Failed to load resource: net::ERR_NAME_NOT_RESOLVED @ https://development.citycommerce.group/livewire/update:0
[58079625ms] [ERROR] Failed to load resource: net::ERR_NAME_NOT_RESOLVED @ https://development.citycommerce.group/livewire/update:0
[58109618ms] [ERROR] Failed to load resource: net::ERR_NAME_NOT_RESOLVED @ https://development.citycommerce.group/livewire/update:0
[58139616ms] [ERROR] Failed to load resource: net::ERR_NAME_NOT_RESOLVED @ https://development.citycommerce.group/livewire/update:0
[58169615ms] [ERROR] Failed to load resource: net::ERR_NAME_NOT_RESOLVED @ https://development.citycommerce.group/livewire/update:0
[58199626ms] [ERROR] Failed to load resource: net::ERR_NAME_NOT_RESOLVED @ https://development.citycommerce.group/livewire/update:0
[58229610ms] [ERROR] Failed to load resource: net::ERR_NAME_NOT_RESOLVED @ https://development.citycommerce.group/livewire/update:0
[58259625ms] [ERROR] Failed to load resource: net::ERR_NAME_NOT_RESOLVED @ https://development.citycommerce.group/livewire/update:0
[58289624ms] [ERROR] Failed to load resource: net::ERR_NAME_NOT_RESOLVED @ https://development.citycommerce.group/livewire/update:0
[58319614ms] [ERROR] Failed to load resource: net::ERR_NAME_NOT_RESOLVED @ https://development.citycommerce.group/livewire/update:0
[58349623ms] [ERROR] Failed to load resource: net::ERR_NAME_NOT_RESOLVED @ https://development.citycommerce.group/livewire/update:0
[58379621ms] [ERROR] Failed to load resource: net::ERR_NAME_NOT_RESOLVED @ https://development.citycommerce.group/livewire/update:0
[58409615ms] [ERROR] Failed to load resource: net::ERR_NAME_NOT_RESOLVED @ https://development.citycommerce.group/livewire/update:0
[58439626ms] [ERROR] Failed to load resource: net::ERR_NAME_NOT_RESOLVED @ https://development.citycommerce.group/livewire/update:0
[58469619ms] [ERROR] Failed to load resource: net::ERR_NAME_NOT_RESOLVED @ https://development.citycommerce.group/livewire/update:0
[58499614ms] [ERROR] Failed to load resource: net::ERR_NAME_NOT_RESOLVED @ https://development.citycommerce.group/livewire/update:0
[58529612ms] [ERROR] Failed to load resource: net::ERR_NAME_NOT_RESOLVED @ https://development.citycommerce.group/livewire/update:0
[58559609ms] [ERROR] Failed to load resource: net::ERR_NAME_NOT_RESOLVED @ https://development.citycommerce.group/livewire/update:0
[58589613ms] [ERROR] Failed to load resource: net::ERR_NAME_NOT_RESOLVED @ https://development.citycommerce.group/livewire/update:0
[58619617ms] [ERROR] Failed to load resource: net::ERR_NAME_NOT_RESOLVED @ https://development.citycommerce.group/livewire/update:0
[58649607ms] [ERROR] Failed to load resource: net::ERR_NAME_NOT_RESOLVED @ https://development.citycommerce.group/livewire/update:0
[58679621ms] [ERROR] Failed to load resource: net::ERR_NAME_NOT_RESOLVED @ https://development.citycommerce.group/livewire/update:0
[58709619ms] [ERROR] Failed to load resource: net::ERR_NAME_NOT_RESOLVED @ https://development.citycommerce.group/livewire/update:0
[58739620ms] [ERROR] Failed to load resource: net::ERR_NAME_NOT_RESOLVED @ https://development.citycommerce.group/livewire/update:0
[58769620ms] [ERROR] Failed to load resource: net::ERR_NAME_NOT_RESOLVED @ https://development.citycommerce.group/livewire/update:0
[58799612ms] [ERROR] Failed to load resource: net::ERR_NAME_NOT_RESOLVED @ https://development.citycommerce.group/livewire/update:0
[58829621ms] [ERROR] Failed to load resource: net::ERR_NAME_NOT_RESOLVED @ https://development.citycommerce.group/livewire/update:0
[58859620ms] [ERROR] Failed to load resource: net::ERR_NAME_NOT_RESOLVED @ https://development.citycommerce.group/livewire/update:0
[58889619ms] [ERROR] Failed to load resource: net::ERR_NAME_NOT_RESOLVED @ https://development.citycommerce.group/livewire/update:0
[58919618ms] [ERROR] Failed to load resource: net::ERR_NAME_NOT_RESOLVED @ https://development.citycommerce.group/livewire/update:0
[58949620ms] [ERROR] Failed to load resource: net::ERR_NAME_NOT_RESOLVED @ https://development.citycommerce.group/livewire/update:0
[58979620ms] [ERROR] Failed to load resource: net::ERR_NAME_NOT_RESOLVED @ https://development.citycommerce.group/livewire/update:0
[59009619ms] [ERROR] Failed to load resource: net::ERR_NAME_NOT_RESOLVED @ https://development.citycommerce.group/livewire/update:0
[59039613ms] [ERROR] Failed to load resource: net::ERR_NAME_NOT_RESOLVED @ https://development.citycommerce.group/livewire/update:0
[59069619ms] [ERROR] Failed to load resource: net::ERR_NAME_NOT_RESOLVED @ https://development.citycommerce.group/livewire/update:0
[59099614ms] [ERROR] Failed to load resource: net::ERR_NAME_NOT_RESOLVED @ https://development.citycommerce.group/livewire/update:0
[59129613ms] [ERROR] Failed to load resource: net::ERR_NAME_NOT_RESOLVED @ https://development.citycommerce.group/livewire/update:0
[59159620ms] [ERROR] Failed to load resource: net::ERR_NAME_NOT_RESOLVED @ https://development.citycommerce.group/livewire/update:0
[59189615ms] [ERROR] Failed to load resource: net::ERR_NAME_NOT_RESOLVED @ https://development.citycommerce.group/livewire/update:0
[59219616ms] [ERROR] Failed to load resource: net::ERR_NAME_NOT_RESOLVED @ https://development.citycommerce.group/livewire/update:0
[59249622ms] [ERROR] Failed to load resource: net::ERR_NAME_NOT_RESOLVED @ https://development.citycommerce.group/livewire/update:0
[59279606ms] [ERROR] Failed to load resource: net::ERR_NAME_NOT_RESOLVED @ https://development.citycommerce.group/livewire/update:0
[59309619ms] [ERROR] Failed to load resource: net::ERR_NAME_NOT_RESOLVED @ https://development.citycommerce.group/livewire/update:0
[59339607ms] [ERROR] Failed to load resource: net::ERR_NAME_NOT_RESOLVED @ https://development.citycommerce.group/livewire/update:0
[59369613ms] [ERROR] Failed to load resource: net::ERR_NAME_NOT_RESOLVED @ https://development.citycommerce.group/livewire/update:0
[59399617ms] [ERROR] Failed to load resource: net::ERR_NAME_NOT_RESOLVED @ https://development.citycommerce.group/livewire/update:0
[59429612ms] [ERROR] Failed to load resource: net::ERR_NAME_NOT_RESOLVED @ https://development.citycommerce.group/livewire/update:0
[59459621ms] [ERROR] Failed to load resource: net::ERR_NAME_NOT_RESOLVED @ https://development.citycommerce.group/livewire/update:0
[59489612ms] [ERROR] Failed to load resource: net::ERR_NAME_NOT_RESOLVED @ https://development.citycommerce.group/livewire/update:0
[59519620ms] [ERROR] Failed to load resource: net::ERR_NAME_NOT_RESOLVED @ https://development.citycommerce.group/livewire/update:0
[59549608ms] [ERROR] Failed to load resource: net::ERR_NAME_NOT_RESOLVED @ https://development.citycommerce.group/livewire/update:0
[59579608ms] [ERROR] Failed to load resource: net::ERR_NAME_NOT_RESOLVED @ https://development.citycommerce.group/livewire/update:0
[59609616ms] [ERROR] Failed to load resource: net::ERR_NAME_NOT_RESOLVED @ https://development.citycommerce.group/livewire/update:0
[59639606ms] [ERROR] Failed to load resource: net::ERR_NAME_NOT_RESOLVED @ https://development.citycommerce.group/livewire/update:0
[59669621ms] [ERROR] Failed to load resource: net::ERR_NAME_NOT_RESOLVED @ https://development.citycommerce.group/livewire/update:0
[59699623ms] [ERROR] Failed to load resource: net::ERR_NAME_NOT_RESOLVED @ https://development.citycommerce.group/livewire/update:0
[59729613ms] [ERROR] Failed to load resource: net::ERR_NAME_NOT_RESOLVED @ https://development.citycommerce.group/livewire/update:0
[59759616ms] [ERROR] Failed to load resource: net::ERR_NAME_NOT_RESOLVED @ https://development.citycommerce.group/livewire/update:0
[59789626ms] [ERROR] Failed to load resource: net::ERR_NAME_NOT_RESOLVED @ https://development.citycommerce.group/livewire/update:0
[59819613ms] [ERROR] Failed to load resource: net::ERR_NAME_NOT_RESOLVED @ https://development.citycommerce.group/livewire/update:0
[59849616ms] [ERROR] Failed to load resource: net::ERR_NAME_NOT_RESOLVED @ https://development.citycommerce.group/livewire/update:0
[59879623ms] [ERROR] Failed to load resource: net::ERR_NAME_NOT_RESOLVED @ https://development.citycommerce.group/livewire/update:0
[59909613ms] [ERROR] Failed to load resource: net::ERR_NAME_NOT_RESOLVED @ https://development.citycommerce.group/livewire/update:0
[59939615ms] [ERROR] Failed to load resource: net::ERR_NAME_NOT_RESOLVED @ https://development.citycommerce.group/livewire/update:0
[59969619ms] [ERROR] Failed to load resource: net::ERR_NAME_NOT_RESOLVED @ https://development.citycommerce.group/livewire/update:0
[59999613ms] [ERROR] Failed to load resource: net::ERR_NAME_NOT_RESOLVED @ https://development.citycommerce.group/livewire/update:0
[60029622ms] [ERROR] Failed to load resource: net::ERR_NAME_NOT_RESOLVED @ https://development.citycommerce.group/livewire/update:0
[60059619ms] [ERROR] Failed to load resource: net::ERR_NAME_NOT_RESOLVED @ https://development.citycommerce.group/livewire/update:0
[60089620ms] [ERROR] Failed to load resource: net::ERR_NAME_NOT_RESOLVED @ https://development.citycommerce.group/livewire/update:0
[60119619ms] [ERROR] Failed to load resource: net::ERR_NAME_NOT_RESOLVED @ https://development.citycommerce.group/livewire/update:0
[60149619ms] [ERROR] Failed to load resource: net::ERR_NAME_NOT_RESOLVED @ https://development.citycommerce.group/livewire/update:0
[60179611ms] [ERROR] Failed to load resource: net::ERR_NAME_NOT_RESOLVED @ https://development.citycommerce.group/livewire/update:0
[60209612ms] [ERROR] Failed to load resource: net::ERR_NAME_NOT_RESOLVED @ https://development.citycommerce.group/livewire/update:0
[60239626ms] [ERROR] Failed to load resource: net::ERR_NAME_NOT_RESOLVED @ https://development.citycommerce.group/livewire/update:0
[60269613ms] [ERROR] Failed to load resource: net::ERR_NAME_NOT_RESOLVED @ https://development.citycommerce.group/livewire/update:0
[60299620ms] [ERROR] Failed to load resource: net::ERR_NAME_NOT_RESOLVED @ https://development.citycommerce.group/livewire/update:0
[60329622ms] [ERROR] Failed to load resource: net::ERR_NAME_NOT_RESOLVED @ https://development.citycommerce.group/livewire/update:0
[60359620ms] [ERROR] Failed to load resource: net::ERR_NAME_NOT_RESOLVED @ https://development.citycommerce.group/livewire/update:0
[60389616ms] [ERROR] Failed to load resource: net::ERR_NAME_NOT_RESOLVED @ https://development.citycommerce.group/livewire/update:0
[60419612ms] [ERROR] Failed to load resource: net::ERR_NAME_NOT_RESOLVED @ https://development.citycommerce.group/livewire/update:0
[60449613ms] [ERROR] Failed to load resource: net::ERR_NAME_NOT_RESOLVED @ https://development.citycommerce.group/livewire/update:0
[60479621ms] [ERROR] Failed to load resource: net::ERR_NAME_NOT_RESOLVED @ https://development.citycommerce.group/livewire/update:0
[60509611ms] [ERROR] Failed to load resource: net::ERR_NAME_NOT_RESOLVED @ https://development.citycommerce.group/livewire/update:0
[60539619ms] [ERROR] Failed to load resource: net::ERR_NAME_NOT_RESOLVED @ https://development.citycommerce.group/livewire/update:0
[60569615ms] [ERROR] Failed to load resource: net::ERR_NAME_NOT_RESOLVED @ https://development.citycommerce.group/livewire/update:0
[60599615ms] [ERROR] Failed to load resource: net::ERR_NAME_NOT_RESOLVED @ https://development.citycommerce.group/livewire/update:0
[60629620ms] [ERROR] Failed to load resource: net::ERR_NAME_NOT_RESOLVED @ https://development.citycommerce.group/livewire/update:0
[60659628ms] [ERROR] Failed to load resource: net::ERR_NAME_NOT_RESOLVED @ https://development.citycommerce.group/livewire/update:0
[60689605ms] [ERROR] Failed to load resource: net::ERR_NAME_NOT_RESOLVED @ https://development.citycommerce.group/livewire/update:0
[60719614ms] [ERROR] Failed to load resource: net::ERR_NAME_NOT_RESOLVED @ https://development.citycommerce.group/livewire/update:0
[60749619ms] [ERROR] Failed to load resource: net::ERR_NAME_NOT_RESOLVED @ https://development.citycommerce.group/livewire/update:0
[60779621ms] [ERROR] Failed to load resource: net::ERR_NAME_NOT_RESOLVED @ https://development.citycommerce.group/livewire/update:0
[60809621ms] [ERROR] Failed to load resource: net::ERR_NAME_NOT_RESOLVED @ https://development.citycommerce.group/livewire/update:0
[60839615ms] [ERROR] Failed to load resource: net::ERR_NAME_NOT_RESOLVED @ https://development.citycommerce.group/livewire/update:0
[60869617ms] [ERROR] Failed to load resource: net::ERR_NAME_NOT_RESOLVED @ https://development.citycommerce.group/livewire/update:0
[60899617ms] [ERROR] Failed to load resource: net::ERR_NAME_NOT_RESOLVED @ https://development.citycommerce.group/livewire/update:0
[60929612ms] [ERROR] Failed to load resource: net::ERR_NAME_NOT_RESOLVED @ https://development.citycommerce.group/livewire/update:0
[60959623ms] [ERROR] Failed to load resource: net::ERR_NAME_NOT_RESOLVED @ https://development.citycommerce.group/livewire/update:0
[60989619ms] [ERROR] Failed to load resource: net::ERR_NAME_NOT_RESOLVED @ https://development.citycommerce.group/livewire/update:0
[61019620ms] [ERROR] Failed to load resource: net::ERR_NAME_NOT_RESOLVED @ https://development.citycommerce.group/livewire/update:0
[61049613ms] [ERROR] Failed to load resource: net::ERR_NAME_NOT_RESOLVED @ https://development.citycommerce.group/livewire/update:0
[61079617ms] [ERROR] Failed to load resource: net::ERR_NAME_NOT_RESOLVED @ https://development.citycommerce.group/livewire/update:0
[61109624ms] [ERROR] Failed to load resource: net::ERR_NAME_NOT_RESOLVED @ https://development.citycommerce.group/livewire/update:0
[61139626ms] [ERROR] Failed to load resource: net::ERR_NAME_NOT_RESOLVED @ https://development.citycommerce.group/livewire/update:0
[61169618ms] [ERROR] Failed to load resource: net::ERR_NAME_NOT_RESOLVED @ https://development.citycommerce.group/livewire/update:0
[61199621ms] [ERROR] Failed to load resource: net::ERR_NAME_NOT_RESOLVED @ https://development.citycommerce.group/livewire/update:0
[61229616ms] [ERROR] Failed to load resource: net::ERR_NAME_NOT_RESOLVED @ https://development.citycommerce.group/livewire/update:0
[61259613ms] [ERROR] Failed to load resource: net::ERR_NAME_NOT_RESOLVED @ https://development.citycommerce.group/livewire/update:0
[61289615ms] [ERROR] Failed to load resource: net::ERR_NAME_NOT_RESOLVED @ https://development.citycommerce.group/livewire/update:0
[61319611ms] [ERROR] Failed to load resource: net::ERR_NAME_NOT_RESOLVED @ https://development.citycommerce.group/livewire/update:0
[61349611ms] [ERROR] Failed to load resource: net::ERR_NAME_NOT_RESOLVED @ https://development.citycommerce.group/livewire/update:0
[61379612ms] [ERROR] Failed to load resource: net::ERR_NAME_NOT_RESOLVED @ https://development.citycommerce.group/livewire/update:0
[61409611ms] [ERROR] Failed to load resource: net::ERR_NAME_NOT_RESOLVED @ https://development.citycommerce.group/livewire/update:0
[61439607ms] [ERROR] Failed to load resource: net::ERR_NAME_NOT_RESOLVED @ https://development.citycommerce.group/livewire/update:0
[61469618ms] [ERROR] Failed to load resource: net::ERR_NAME_NOT_RESOLVED @ https://development.citycommerce.group/livewire/update:0
[61499614ms] [ERROR] Failed to load resource: net::ERR_NAME_NOT_RESOLVED @ https://development.citycommerce.group/livewire/update:0
[61529615ms] [ERROR] Failed to load resource: net::ERR_NAME_NOT_RESOLVED @ https://development.citycommerce.group/livewire/update:0
[61559618ms] [ERROR] Failed to load resource: net::ERR_NAME_NOT_RESOLVED @ https://development.citycommerce.group/livewire/update:0
[61589618ms] [ERROR] Failed to load resource: net::ERR_NAME_NOT_RESOLVED @ https://development.citycommerce.group/livewire/update:0
[61619608ms] [ERROR] Failed to load resource: net::ERR_NAME_NOT_RESOLVED @ https://development.citycommerce.group/livewire/update:0
[61649614ms] [ERROR] Failed to load resource: net::ERR_NAME_NOT_RESOLVED @ https://development.citycommerce.group/livewire/update:0
[61679620ms] [ERROR] Failed to load resource: net::ERR_NAME_NOT_RESOLVED @ https://development.citycommerce.group/livewire/update:0
[61709612ms] [ERROR] Failed to load resource: net::ERR_NAME_NOT_RESOLVED @ https://development.citycommerce.group/livewire/update:0
[61739624ms] [ERROR] Failed to load resource: net::ERR_NAME_NOT_RESOLVED @ https://development.citycommerce.group/livewire/update:0
[61769624ms] [ERROR] Failed to load resource: net::ERR_NAME_NOT_RESOLVED @ https://development.citycommerce.group/livewire/update:0
[61799622ms] [ERROR] Failed to load resource: net::ERR_NAME_NOT_RESOLVED @ https://development.citycommerce.group/livewire/update:0
[61829621ms] [ERROR] Failed to load resource: net::ERR_NAME_NOT_RESOLVED @ https://development.citycommerce.group/livewire/update:0
[61859622ms] [ERROR] Failed to load resource: net::ERR_NAME_NOT_RESOLVED @ https://development.citycommerce.group/livewire/update:0
[61889624ms] [ERROR] Failed to load resource: net::ERR_NAME_NOT_RESOLVED @ https://development.citycommerce.group/livewire/update:0
[61919613ms] [ERROR] Failed to load resource: net::ERR_NAME_NOT_RESOLVED @ https://development.citycommerce.group/livewire/update:0
[61949610ms] [ERROR] Failed to load resource: net::ERR_NAME_NOT_RESOLVED @ https://development.citycommerce.group/livewire/update:0
[61979615ms] [ERROR] Failed to load resource: net::ERR_NAME_NOT_RESOLVED @ https://development.citycommerce.group/livewire/update:0
[62009622ms] [ERROR] Failed to load resource: net::ERR_NAME_NOT_RESOLVED @ https://development.citycommerce.group/livewire/update:0
[62039614ms] [ERROR] Failed to load resource: net::ERR_NAME_NOT_RESOLVED @ https://development.citycommerce.group/livewire/update:0
[62069610ms] [ERROR] Failed to load resource: net::ERR_NAME_NOT_RESOLVED @ https://development.citycommerce.group/livewire/update:0
[62099612ms] [ERROR] Failed to load resource: net::ERR_NAME_NOT_RESOLVED @ https://development.citycommerce.group/livewire/update:0
[62129615ms] [ERROR] Failed to load resource: net::ERR_NAME_NOT_RESOLVED @ https://development.citycommerce.group/livewire/update:0
[62159613ms] [ERROR] Failed to load resource: net::ERR_NAME_NOT_RESOLVED @ https://development.citycommerce.group/livewire/update:0
[62189625ms] [ERROR] Failed to load resource: net::ERR_NAME_NOT_RESOLVED @ https://development.citycommerce.group/livewire/update:0
[62219610ms] [ERROR] Failed to load resource: net::ERR_NAME_NOT_RESOLVED @ https://development.citycommerce.group/livewire/update:0
[62249620ms] [ERROR] Failed to load resource: net::ERR_NAME_NOT_RESOLVED @ https://development.citycommerce.group/livewire/update:0
[62279622ms] [ERROR] Failed to load resource: net::ERR_NAME_NOT_RESOLVED @ https://development.citycommerce.group/livewire/update:0
[62309613ms] [ERROR] Failed to load resource: net::ERR_NAME_NOT_RESOLVED @ https://development.citycommerce.group/livewire/update:0
[62339620ms] [ERROR] Failed to load resource: net::ERR_NAME_NOT_RESOLVED @ https://development.citycommerce.group/livewire/update:0
[62369612ms] [ERROR] Failed to load resource: net::ERR_NAME_NOT_RESOLVED @ https://development.citycommerce.group/livewire/update:0
[62399621ms] [ERROR] Failed to load resource: net::ERR_NAME_NOT_RESOLVED @ https://development.citycommerce.group/livewire/update:0
[62429619ms] [ERROR] Failed to load resource: net::ERR_NAME_NOT_RESOLVED @ https://development.citycommerce.group/livewire/update:0
[62459619ms] [ERROR] Failed to load resource: net::ERR_NAME_NOT_RESOLVED @ https://development.citycommerce.group/livewire/update:0
[62489616ms] [ERROR] Failed to load resource: net::ERR_NAME_NOT_RESOLVED @ https://development.citycommerce.group/livewire/update:0
[62519623ms] [ERROR] Failed to load resource: net::ERR_NAME_NOT_RESOLVED @ https://development.citycommerce.group/livewire/update:0
[62549620ms] [ERROR] Failed to load resource: net::ERR_NAME_NOT_RESOLVED @ https://development.citycommerce.group/livewire/update:0
[62579624ms] [ERROR] Failed to load resource: net::ERR_NAME_NOT_RESOLVED @ https://development.citycommerce.group/livewire/update:0
[62609618ms] [ERROR] Failed to load resource: net::ERR_NAME_NOT_RESOLVED @ https://development.citycommerce.group/livewire/update:0
[62639610ms] [ERROR] Failed to load resource: net::ERR_NAME_NOT_RESOLVED @ https://development.citycommerce.group/livewire/update:0
[62669614ms] [ERROR] Failed to load resource: net::ERR_NAME_NOT_RESOLVED @ https://development.citycommerce.group/livewire/update:0
[62699609ms] [ERROR] Failed to load resource: net::ERR_NAME_NOT_RESOLVED @ https://development.citycommerce.group/livewire/update:0
[62729614ms] [ERROR] Failed to load resource: net::ERR_NAME_NOT_RESOLVED @ https://development.citycommerce.group/livewire/update:0
[62759620ms] [ERROR] Failed to load resource: net::ERR_NAME_NOT_RESOLVED @ https://development.citycommerce.group/livewire/update:0
[62789623ms] [ERROR] Failed to load resource: net::ERR_NAME_NOT_RESOLVED @ https://development.citycommerce.group/livewire/update:0
[62819615ms] [ERROR] Failed to load resource: net::ERR_NAME_NOT_RESOLVED @ https://development.citycommerce.group/livewire/update:0
[62849618ms] [ERROR] Failed to load resource: net::ERR_NAME_NOT_RESOLVED @ https://development.citycommerce.group/livewire/update:0
[62879622ms] [ERROR] Failed to load resource: net::ERR_NAME_NOT_RESOLVED @ https://development.citycommerce.group/livewire/update:0
[62909614ms] [ERROR] Failed to load resource: net::ERR_NAME_NOT_RESOLVED @ https://development.citycommerce.group/livewire/update:0
[62939618ms] [ERROR] Failed to load resource: net::ERR_NAME_NOT_RESOLVED @ https://development.citycommerce.group/livewire/update:0
[62969626ms] [ERROR] Failed to load resource: net::ERR_NAME_NOT_RESOLVED @ https://development.citycommerce.group/livewire/update:0
[62999611ms] [ERROR] Failed to load resource: net::ERR_NAME_NOT_RESOLVED @ https://development.citycommerce.group/livewire/update:0
[63029620ms] [ERROR] Failed to load resource: net::ERR_NAME_NOT_RESOLVED @ https://development.citycommerce.group/livewire/update:0
[63059617ms] [ERROR] Failed to load resource: net::ERR_NAME_NOT_RESOLVED @ https://development.citycommerce.group/livewire/update:0
[63089612ms] [ERROR] Failed to load resource: net::ERR_NAME_NOT_RESOLVED @ https://development.citycommerce.group/livewire/update:0
[63119614ms] [ERROR] Failed to load resource: net::ERR_NAME_NOT_RESOLVED @ https://development.citycommerce.group/livewire/update:0
[63149617ms] [ERROR] Failed to load resource: net::ERR_NAME_NOT_RESOLVED @ https://development.citycommerce.group/livewire/update:0
[63179613ms] [ERROR] Failed to load resource: net::ERR_NAME_NOT_RESOLVED @ https://development.citycommerce.group/livewire/update:0
[63209615ms] [ERROR] Failed to load resource: net::ERR_NAME_NOT_RESOLVED @ https://development.citycommerce.group/livewire/update:0
[63239615ms] [ERROR] Failed to load resource: net::ERR_NAME_NOT_RESOLVED @ https://development.citycommerce.group/livewire/update:0
[63269615ms] [ERROR] Failed to load resource: net::ERR_NAME_NOT_RESOLVED @ https://development.citycommerce.group/livewire/update:0
[63299621ms] [ERROR] Failed to load resource: net::ERR_NAME_NOT_RESOLVED @ https://development.citycommerce.group/livewire/update:0
[63329622ms] [ERROR] Failed to load resource: net::ERR_NAME_NOT_RESOLVED @ https://development.citycommerce.group/livewire/update:0
[63359611ms] [ERROR] Failed to load resource: net::ERR_NAME_NOT_RESOLVED @ https://development.citycommerce.group/livewire/update:0
[63389623ms] [ERROR] Failed to load resource: net::ERR_NAME_NOT_RESOLVED @ https://development.citycommerce.group/livewire/update:0
[63419614ms] [ERROR] Failed to load resource: net::ERR_NAME_NOT_RESOLVED @ https://development.citycommerce.group/livewire/update:0
[63449619ms] [ERROR] Failed to load resource: net::ERR_NAME_NOT_RESOLVED @ https://development.citycommerce.group/livewire/update:0
[63479621ms] [ERROR] Failed to load resource: net::ERR_NAME_NOT_RESOLVED @ https://development.citycommerce.group/livewire/update:0
[63509623ms] [ERROR] Failed to load resource: net::ERR_NAME_NOT_RESOLVED @ https://development.citycommerce.group/livewire/update:0
[63539615ms] [ERROR] Failed to load resource: net::ERR_NAME_NOT_RESOLVED @ https://development.citycommerce.group/livewire/update:0
[63569615ms] [ERROR] Failed to load resource: net::ERR_NAME_NOT_RESOLVED @ https://development.citycommerce.group/livewire/update:0
[63599616ms] [ERROR] Failed to load resource: net::ERR_NAME_NOT_RESOLVED @ https://development.citycommerce.group/livewire/update:0
[63629622ms] [ERROR] Failed to load resource: net::ERR_NAME_NOT_RESOLVED @ https://development.citycommerce.group/livewire/update:0
[63659621ms] [ERROR] Failed to load resource: net::ERR_NAME_NOT_RESOLVED @ https://development.citycommerce.group/livewire/update:0
[63689620ms] [ERROR] Failed to load resource: net::ERR_NAME_NOT_RESOLVED @ https://development.citycommerce.group/livewire/update:0
[63719618ms] [ERROR] Failed to load resource: net::ERR_NAME_NOT_RESOLVED @ https://development.citycommerce.group/livewire/update:0
[63749607ms] [ERROR] Failed to load resource: net::ERR_NAME_NOT_RESOLVED @ https://development.citycommerce.group/livewire/update:0
[63779620ms] [ERROR] Failed to load resource: net::ERR_NAME_NOT_RESOLVED @ https://development.citycommerce.group/livewire/update:0
[63809626ms] [ERROR] Failed to load resource: net::ERR_NAME_NOT_RESOLVED @ https://development.citycommerce.group/livewire/update:0
[63839623ms] [ERROR] Failed to load resource: net::ERR_NAME_NOT_RESOLVED @ https://development.citycommerce.group/livewire/update:0
[63869622ms] [ERROR] Failed to load resource: net::ERR_NAME_NOT_RESOLVED @ https://development.citycommerce.group/livewire/update:0
[63899621ms] [ERROR] Failed to load resource: net::ERR_NAME_NOT_RESOLVED @ https://development.citycommerce.group/livewire/update:0
[63929617ms] [ERROR] Failed to load resource: net::ERR_NAME_NOT_RESOLVED @ https://development.citycommerce.group/livewire/update:0
[63959612ms] [ERROR] Failed to load resource: net::ERR_NAME_NOT_RESOLVED @ https://development.citycommerce.group/livewire/update:0
[63989615ms] [ERROR] Failed to load resource: net::ERR_NAME_NOT_RESOLVED @ https://development.citycommerce.group/livewire/update:0
[64019621ms] [ERROR] Failed to load resource: net::ERR_NAME_NOT_RESOLVED @ https://development.citycommerce.group/livewire/update:0
[64049621ms] [ERROR] Failed to load resource: net::ERR_NAME_NOT_RESOLVED @ https://development.citycommerce.group/livewire/update:0
[64079613ms] [ERROR] Failed to load resource: net::ERR_NAME_NOT_RESOLVED @ https://development.citycommerce.group/livewire/update:0
[64109626ms] [ERROR] Failed to load resource: net::ERR_NAME_NOT_RESOLVED @ https://development.citycommerce.group/livewire/update:0
[64139616ms] [ERROR] Failed to load resource: net::ERR_NAME_NOT_RESOLVED @ https://development.citycommerce.group/livewire/update:0
[64169624ms] [ERROR] Failed to load resource: net::ERR_NAME_NOT_RESOLVED @ https://development.citycommerce.group/livewire/update:0
[64199619ms] [ERROR] Failed to load resource: net::ERR_NAME_NOT_RESOLVED @ https://development.citycommerce.group/livewire/update:0
[64229608ms] [ERROR] Failed to load resource: net::ERR_NAME_NOT_RESOLVED @ https://development.citycommerce.group/livewire/update:0
[64259615ms] [ERROR] Failed to load resource: net::ERR_NAME_NOT_RESOLVED @ https://development.citycommerce.group/livewire/update:0
[64289616ms] [ERROR] Failed to load resource: net::ERR_NAME_NOT_RESOLVED @ https://development.citycommerce.group/livewire/update:0
[64319619ms] [ERROR] Failed to load resource: net::ERR_NAME_NOT_RESOLVED @ https://development.citycommerce.group/livewire/update:0
[64349609ms] [ERROR] Failed to load resource: net::ERR_NAME_NOT_RESOLVED @ https://development.citycommerce.group/livewire/update:0
[64379610ms] [ERROR] Failed to load resource: net::ERR_NAME_NOT_RESOLVED @ https://development.citycommerce.group/livewire/update:0
[64409620ms] [ERROR] Failed to load resource: net::ERR_NAME_NOT_RESOLVED @ https://development.citycommerce.group/livewire/update:0
[64439608ms] [ERROR] Failed to load resource: net::ERR_NAME_NOT_RESOLVED @ https://development.citycommerce.group/livewire/update:0
[64469615ms] [ERROR] Failed to load resource: net::ERR_NAME_NOT_RESOLVED @ https://development.citycommerce.group/livewire/update:0
[64499611ms] [ERROR] Failed to load resource: net::ERR_NAME_NOT_RESOLVED @ https://development.citycommerce.group/livewire/update:0
[64529609ms] [ERROR] Failed to load resource: net::ERR_NAME_NOT_RESOLVED @ https://development.citycommerce.group/livewire/update:0
[64559608ms] [ERROR] Failed to load resource: net::ERR_NAME_NOT_RESOLVED @ https://development.citycommerce.group/livewire/update:0
[64589613ms] [ERROR] Failed to load resource: net::ERR_NAME_NOT_RESOLVED @ https://development.citycommerce.group/livewire/update:0
[64619610ms] [ERROR] Failed to load resource: net::ERR_NAME_NOT_RESOLVED @ https://development.citycommerce.group/livewire/update:0
[64649619ms] [ERROR] Failed to load resource: net::ERR_NAME_NOT_RESOLVED @ https://development.citycommerce.group/livewire/update:0
[64679614ms] [ERROR] Failed to load resource: net::ERR_NAME_NOT_RESOLVED @ https://development.citycommerce.group/livewire/update:0
[64709614ms] [ERROR] Failed to load resource: net::ERR_NAME_NOT_RESOLVED @ https://development.citycommerce.group/livewire/update:0
[64739605ms] [ERROR] Failed to load resource: net::ERR_NAME_NOT_RESOLVED @ https://development.citycommerce.group/livewire/update:0
[64769620ms] [ERROR] Failed to load resource: net::ERR_NAME_NOT_RESOLVED @ https://development.citycommerce.group/livewire/update:0
[64799621ms] [ERROR] Failed to load resource: net::ERR_NAME_NOT_RESOLVED @ https://development.citycommerce.group/livewire/update:0
[64829610ms] [ERROR] Failed to load resource: net::ERR_NAME_NOT_RESOLVED @ https://development.citycommerce.group/livewire/update:0
[64859626ms] [ERROR] Failed to load resource: net::ERR_NAME_NOT_RESOLVED @ https://development.citycommerce.group/livewire/update:0
[64889604ms] [ERROR] Failed to load resource: net::ERR_NAME_NOT_RESOLVED @ https://development.citycommerce.group/livewire/update:0
[64919619ms] [ERROR] Failed to load resource: net::ERR_NAME_NOT_RESOLVED @ https://development.citycommerce.group/livewire/update:0
[64949606ms] [ERROR] Failed to load resource: net::ERR_NAME_NOT_RESOLVED @ https://development.citycommerce.group/livewire/update:0
[64979613ms] [ERROR] Failed to load resource: net::ERR_NAME_NOT_RESOLVED @ https://development.citycommerce.group/livewire/update:0
[65009615ms] [ERROR] Failed to load resource: net::ERR_NAME_NOT_RESOLVED @ https://development.citycommerce.group/livewire/update:0
[65039614ms] [ERROR] Failed to load resource: net::ERR_NAME_NOT_RESOLVED @ https://development.citycommerce.group/livewire/update:0
[65069614ms] [ERROR] Failed to load resource: net::ERR_NAME_NOT_RESOLVED @ https://development.citycommerce.group/livewire/update:0
[65099624ms] [ERROR] Failed to load resource: net::ERR_NAME_NOT_RESOLVED @ https://development.citycommerce.group/livewire/update:0
[65129618ms] [ERROR] Failed to load resource: net::ERR_NAME_NOT_RESOLVED @ https://development.citycommerce.group/livewire/update:0
[65159620ms] [ERROR] Failed to load resource: net::ERR_NAME_NOT_RESOLVED @ https://development.citycommerce.group/livewire/update:0
[65189612ms] [ERROR] Failed to load resource: net::ERR_NAME_NOT_RESOLVED @ https://development.citycommerce.group/livewire/update:0
[65219617ms] [ERROR] Failed to load resource: net::ERR_NAME_NOT_RESOLVED @ https://development.citycommerce.group/livewire/update:0
[65249624ms] [ERROR] Failed to load resource: net::ERR_NAME_NOT_RESOLVED @ https://development.citycommerce.group/livewire/update:0
[65279614ms] [ERROR] Failed to load resource: net::ERR_NAME_NOT_RESOLVED @ https://development.citycommerce.group/livewire/update:0
[65309620ms] [ERROR] Failed to load resource: net::ERR_NAME_NOT_RESOLVED @ https://development.citycommerce.group/livewire/update:0
[65339611ms] [ERROR] Failed to load resource: net::ERR_NAME_NOT_RESOLVED @ https://development.citycommerce.group/livewire/update:0
[65369624ms] [ERROR] Failed to load resource: net::ERR_NAME_NOT_RESOLVED @ https://development.citycommerce.group/livewire/update:0
[65399612ms] [ERROR] Failed to load resource: net::ERR_NAME_NOT_RESOLVED @ https://development.citycommerce.group/livewire/update:0
[65429620ms] [ERROR] Failed to load resource: net::ERR_NAME_NOT_RESOLVED @ https://development.citycommerce.group/livewire/update:0
[65459607ms] [ERROR] Failed to load resource: net::ERR_NAME_NOT_RESOLVED @ https://development.citycommerce.group/livewire/update:0
[65489618ms] [ERROR] Failed to load resource: net::ERR_NAME_NOT_RESOLVED @ https://development.citycommerce.group/livewire/update:0
[65519621ms] [ERROR] Failed to load resource: net::ERR_NAME_NOT_RESOLVED @ https://development.citycommerce.group/livewire/update:0
[65549615ms] [ERROR] Failed to load resource: net::ERR_NAME_NOT_RESOLVED @ https://development.citycommerce.group/livewire/update:0
[65579613ms] [ERROR] Failed to load resource: net::ERR_NAME_NOT_RESOLVED @ https://development.citycommerce.group/livewire/update:0
[65609619ms] [ERROR] Failed to load resource: net::ERR_NAME_NOT_RESOLVED @ https://development.citycommerce.group/livewire/update:0
[65639616ms] [ERROR] Failed to load resource: net::ERR_NAME_NOT_RESOLVED @ https://development.citycommerce.group/livewire/update:0
[65669610ms] [ERROR] Failed to load resource: net::ERR_NAME_NOT_RESOLVED @ https://development.citycommerce.group/livewire/update:0
[65699615ms] [ERROR] Failed to load resource: net::ERR_NAME_NOT_RESOLVED @ https://development.citycommerce.group/livewire/update:0
[65729622ms] [ERROR] Failed to load resource: net::ERR_NAME_NOT_RESOLVED @ https://development.citycommerce.group/livewire/update:0
[65759617ms] [ERROR] Failed to load resource: net::ERR_NAME_NOT_RESOLVED @ https://development.citycommerce.group/livewire/update:0
[65789623ms] [ERROR] Failed to load resource: net::ERR_NAME_NOT_RESOLVED @ https://development.citycommerce.group/livewire/update:0
[65819609ms] [ERROR] Failed to load resource: net::ERR_NAME_NOT_RESOLVED @ https://development.citycommerce.group/livewire/update:0
[65849621ms] [ERROR] Failed to load resource: net::ERR_NAME_NOT_RESOLVED @ https://development.citycommerce.group/livewire/update:0
[65879612ms] [ERROR] Failed to load resource: net::ERR_NAME_NOT_RESOLVED @ https://development.citycommerce.group/livewire/update:0
[65909620ms] [ERROR] Failed to load resource: net::ERR_NAME_NOT_RESOLVED @ https://development.citycommerce.group/livewire/update:0
[65939608ms] [ERROR] Failed to load resource: net::ERR_NAME_NOT_RESOLVED @ https://development.citycommerce.group/livewire/update:0
[65969611ms] [ERROR] Failed to load resource: net::ERR_NAME_NOT_RESOLVED @ https://development.citycommerce.group/livewire/update:0
[65999622ms] [ERROR] Failed to load resource: net::ERR_NAME_NOT_RESOLVED @ https://development.citycommerce.group/livewire/update:0
[66029617ms] [ERROR] Failed to load resource: net::ERR_NAME_NOT_RESOLVED @ https://development.citycommerce.group/livewire/update:0
[66059606ms] [ERROR] Failed to load resource: net::ERR_NAME_NOT_RESOLVED @ https://development.citycommerce.group/livewire/update:0
[66089621ms] [ERROR] Failed to load resource: net::ERR_NAME_NOT_RESOLVED @ https://development.citycommerce.group/livewire/update:0
[66119616ms] [ERROR] Failed to load resource: net::ERR_NAME_NOT_RESOLVED @ https://development.citycommerce.group/livewire/update:0
[66149624ms] [ERROR] Failed to load resource: net::ERR_NAME_NOT_RESOLVED @ https://development.citycommerce.group/livewire/update:0
[66179609ms] [ERROR] Failed to load resource: net::ERR_NAME_NOT_RESOLVED @ https://development.citycommerce.group/livewire/update:0
[66209614ms] [ERROR] Failed to load resource: net::ERR_NAME_NOT_RESOLVED @ https://development.citycommerce.group/livewire/update:0
[66239621ms] [ERROR] Failed to load resource: net::ERR_NAME_NOT_RESOLVED @ https://development.citycommerce.group/livewire/update:0
[66269626ms] [ERROR] Failed to load resource: net::ERR_NAME_NOT_RESOLVED @ https://development.citycommerce.group/livewire/update:0
[66299620ms] [ERROR] Failed to load resource: net::ERR_NAME_NOT_RESOLVED @ https://development.citycommerce.group/livewire/update:0
[66329617ms] [ERROR] Failed to load resource: net::ERR_NAME_NOT_RESOLVED @ https://development.citycommerce.group/livewire/update:0
[66359616ms] [ERROR] Failed to load resource: net::ERR_NAME_NOT_RESOLVED @ https://development.citycommerce.group/livewire/update:0
[66389614ms] [ERROR] Failed to load resource: net::ERR_NAME_NOT_RESOLVED @ https://development.citycommerce.group/livewire/update:0
[66419618ms] [ERROR] Failed to load resource: net::ERR_NAME_NOT_RESOLVED @ https://development.citycommerce.group/livewire/update:0
[66449624ms] [ERROR] Failed to load resource: net::ERR_NAME_NOT_RESOLVED @ https://development.citycommerce.group/livewire/update:0
[66479621ms] [ERROR] Failed to load resource: net::ERR_NAME_NOT_RESOLVED @ https://development.citycommerce.group/livewire/update:0
[66509622ms] [ERROR] Failed to load resource: net::ERR_NAME_NOT_RESOLVED @ https://development.citycommerce.group/livewire/update:0
[66539617ms] [ERROR] Failed to load resource: net::ERR_NAME_NOT_RESOLVED @ https://development.citycommerce.group/livewire/update:0
[66569613ms] [ERROR] Failed to load resource: net::ERR_NAME_NOT_RESOLVED @ https://development.citycommerce.group/livewire/update:0
[66599616ms] [ERROR] Failed to load resource: net::ERR_NAME_NOT_RESOLVED @ https://development.citycommerce.group/livewire/update:0
[66629620ms] [ERROR] Failed to load resource: net::ERR_NAME_NOT_RESOLVED @ https://development.citycommerce.group/livewire/update:0
[66659617ms] [ERROR] Failed to load resource: net::ERR_NAME_NOT_RESOLVED @ https://development.citycommerce.group/livewire/update:0
[66689608ms] [ERROR] Failed to load resource: net::ERR_NAME_NOT_RESOLVED @ https://development.citycommerce.group/livewire/update:0
[66721364ms] [ERROR] Failed to load resource: the server responded with a status of 419 () @ https://development.citycommerce.group/livewire/update:0
[68971041ms] [ERROR] Failed to load resource: the server responded with a status of 419 () @ https://development.citycommerce.group/livewire/update:0
[68973060ms] [ERROR] Failed to load resource: the server responded with a status of 419 () @ https://development.citycommerce.group/livewire/update:0
[68975570ms] Error: Invalid reCAPTCHA client id: 
    at Array.<anonymous> (https://www.gstatic.com/recaptcha/releases/qm3PSRIx10pekcnS9DjGnjPW/recaptcha__en.js:735:485)
    at https://www.gstatic.com/recaptcha/releases/qm3PSRIx10pekcnS9DjGnjPW/recaptcha__en.js:757:149
    at https://development.citycommerce.group/login:83:18
[242355824ms] [ERROR] Failed to load resource: the server responded with a status of 404 () @ https://development.citycommerce.group/admin/dotw.:0
[242359666ms] Error: Invalid reCAPTCHA client id: 
    at Array.<anonymous> (https://www.gstatic.com/recaptcha/releases/79clEdOi5xQbrrpL2L8kGmK3/recaptcha__en.js:367:367)
    at https://www.gstatic.com/recaptcha/releases/79clEdOi5xQbrrpL2L8kGmK3/recaptcha__en.js:130:506
    at https://development.citycommerce.group/login:83:18
