[      90ms] [WARNING] Failed to decode downloaded font: https://www.bseindia.com/media/Poppins-Regular-JNHL4IDV.ttf @ https://www.bseindia.com/markets/equity/EQReports/setcal:0
[      90ms] [WARNING] OTS parsing error: invalid sfntVersion: 1008813135 @ https://www.bseindia.com/markets/equity/EQReports/setcal:0
[     141ms] [WARNING] Failed to decode downloaded font: https://www.bseindia.com/media/Poppins-Regular-JNHL4IDV.ttf @ https://www.googletagmanager.com/gtag/js?id=G-2VVED3VX1X:771
[     141ms] [WARNING] OTS parsing error: invalid sfntVersion: 1008813135 @ https://www.googletagmanager.com/gtag/js?id=G-2VVED3VX1X:771
[     430ms] [LOG] light-mode @ https://www.bseindia.com/assets/includenew/js/main-G3JIW4M6.js:149
[     438ms] [LOG] undefined @ https://www.bseindia.com/assets/includenew/js/main-G3JIW4M6.js:922
[     439ms] [LOG] undefined @ https://www.bseindia.com/assets/includenew/js/main-G3JIW4M6.js:922
[     451ms] [ERROR] Applying inline style violates the following Content Security Policy directive 'style-src 'self' 'nonce-appcomponents123456789' data: file: chrome-extension-resource: pagead2.googlesyndication.com     storage.googleapis.com googleads.g.doubleclick.net ajax.googleapis.com'. Either the 'unsafe-inline' keyword, a hash ('sha256-RVUzT5WQgKUiRfwfZ5/d8nxqNBcGWoYqAQp72N/cCqE='), or a nonce ('nonce-...') is required to enable inline execution. Note that hashes do not apply to event handlers, style attributes and javascript: navigations unless the 'unsafe-hashes' keyword is present. The action has been blocked. @ https://www.bseindia.com/assets/includenew/js/chunk-5QRKRZMS.js:0
[     454ms] [ERROR] Applying inline style violates the following Content Security Policy directive 'style-src 'self' 'nonce-appcomponents123456789' data: file: chrome-extension-resource: pagead2.googlesyndication.com     storage.googleapis.com googleads.g.doubleclick.net ajax.googleapis.com'. Either the 'unsafe-inline' keyword, a hash ('sha256-BblTTwE2oxzyYNnVWqNawPlUgzPpDUr6AHCGpgppftE='), or a nonce ('nonce-...') is required to enable inline execution. Note that hashes do not apply to event handlers, style attributes and javascript: navigations unless the 'unsafe-hashes' keyword is present. The action has been blocked. @ https://www.bseindia.com/assets/includenew/js/chunk-5QRKRZMS.js:0
[     454ms] [ERROR] Applying inline style violates the following Content Security Policy directive 'style-src 'self' 'nonce-appcomponents123456789' data: file: chrome-extension-resource: pagead2.googlesyndication.com     storage.googleapis.com googleads.g.doubleclick.net ajax.googleapis.com'. Either the 'unsafe-inline' keyword, a hash ('sha256-+YWRMZ88jMyO7jVlBA52tZADiPobPIUA8LAWee68Fvs='), or a nonce ('nonce-...') is required to enable inline execution. Note that hashes do not apply to event handlers, style attributes and javascript: navigations unless the 'unsafe-hashes' keyword is present. The action has been blocked. @ https://www.bseindia.com/assets/includenew/js/chunk-5QRKRZMS.js:0
[     462ms] [LOG] light-mode @ https://www.bseindia.com/assets/includenew/js/main-G3JIW4M6.js:149
[     502ms] [LOG] JSHandle@node ref @ https://www.bseindia.com/assets/includenew/js/main-G3JIW4M6.js:149
[     505ms] [LOG] list of Years [2026, 2025, 2024, 2023, 2022] @ https://www.bseindia.com/assets/includenew/js/main-G3JIW4M6.js:310
[     652ms] [ERROR] Applying inline style violates the following Content Security Policy directive 'style-src 'self' 'nonce-appcomponents123456789' data: file: chrome-extension-resource: pagead2.googlesyndication.com     storage.googleapis.com googleads.g.doubleclick.net ajax.googleapis.com'. Either the 'unsafe-inline' keyword, a hash ('sha256-N6tSydZ64AHCaOWfwKbUhxXx2fRFDxHOaL3e3CO7GPI='), or a nonce ('nonce-...') is required to enable inline execution. Note that hashes do not apply to event handlers, style attributes and javascript: navigations unless the 'unsafe-hashes' keyword is present. The action has been blocked. @ https://www.bseindia.com/assets/includenew/js/chunk-5QRKRZMS.js:0
[     653ms] [ERROR] Applying inline style violates the following Content Security Policy directive 'style-src 'self' 'nonce-appcomponents123456789' data: file: chrome-extension-resource: pagead2.googlesyndication.com     storage.googleapis.com googleads.g.doubleclick.net ajax.googleapis.com'. Either the 'unsafe-inline' keyword, a hash ('sha256-+YWRMZ88jMyO7jVlBA52tZADiPobPIUA8LAWee68Fvs='), or a nonce ('nonce-...') is required to enable inline execution. Note that hashes do not apply to event handlers, style attributes and javascript: navigations unless the 'unsafe-hashes' keyword is present. The action has been blocked. @ https://www.bseindia.com/assets/includenew/js/chunk-5QRKRZMS.js:0
[     660ms] [WARNING] Failed to decode downloaded font: https://www.bseindia.com/media/Poppins-Regular-JNHL4IDV.ttf @ https://www.bseindia.com/markets/equity/eqreports/setcal:0
[     660ms] [WARNING] OTS parsing error: invalid sfntVersion: 1008813135 @ https://www.bseindia.com/markets/equity/eqreports/setcal:0
[   20482ms] [WARNING] WebSocket connection to 'wss://bnotification.bseindia.com/socket.io/?EIO=4&transport=websocket' failed: WebSocket is closed before the connection is established. @ https://www.bseindia.com/assets/includenew/js/main-G3JIW4M6.js:149
[   41474ms] [WARNING] WebSocket connection to 'wss://bnotification.bseindia.com/socket.io/?EIO=4&transport=websocket' failed: WebSocket is closed before the connection is established. @ https://www.bseindia.com/assets/includenew/js/main-G3JIW4M6.js:149
[   63881ms] [WARNING] WebSocket connection to 'wss://bnotification.bseindia.com/socket.io/?EIO=4&transport=websocket' failed: WebSocket is closed before the connection is established. @ https://www.bseindia.com/assets/includenew/js/main-G3JIW4M6.js:149
[   87491ms] [WARNING] WebSocket connection to 'wss://bnotification.bseindia.com/socket.io/?EIO=4&transport=websocket' failed: WebSocket is closed before the connection is established. @ https://www.bseindia.com/assets/includenew/js/main-G3JIW4M6.js:149
[  112511ms] [WARNING] WebSocket connection to 'wss://bnotification.bseindia.com/socket.io/?EIO=4&transport=websocket' failed: WebSocket is closed before the connection is established. @ https://www.bseindia.com/assets/includenew/js/main-G3JIW4M6.js:149
[  137532ms] [WARNING] WebSocket connection to 'wss://bnotification.bseindia.com/socket.io/?EIO=4&transport=websocket' failed: WebSocket is closed before the connection is established. @ https://www.bseindia.com/assets/includenew/js/main-G3JIW4M6.js:149
[  162541ms] [WARNING] WebSocket connection to 'wss://bnotification.bseindia.com/socket.io/?EIO=4&transport=websocket' failed: WebSocket is closed before the connection is established. @ https://www.bseindia.com/assets/includenew/js/main-G3JIW4M6.js:149
[  187550ms] [WARNING] WebSocket connection to 'wss://bnotification.bseindia.com/socket.io/?EIO=4&transport=websocket' failed: WebSocket is closed before the connection is established. @ https://www.bseindia.com/assets/includenew/js/main-G3JIW4M6.js:149
[  212558ms] [WARNING] WebSocket connection to 'wss://bnotification.bseindia.com/socket.io/?EIO=4&transport=websocket' failed: WebSocket is closed before the connection is established. @ https://www.bseindia.com/assets/includenew/js/main-G3JIW4M6.js:149
[  237579ms] [WARNING] WebSocket connection to 'wss://bnotification.bseindia.com/socket.io/?EIO=4&transport=websocket' failed: WebSocket is closed before the connection is established. @ https://www.bseindia.com/assets/includenew/js/main-G3JIW4M6.js:149
[  262588ms] [WARNING] WebSocket connection to 'wss://bnotification.bseindia.com/socket.io/?EIO=4&transport=websocket' failed: WebSocket is closed before the connection is established. @ https://www.bseindia.com/assets/includenew/js/main-G3JIW4M6.js:149
[  287596ms] [WARNING] WebSocket connection to 'wss://bnotification.bseindia.com/socket.io/?EIO=4&transport=websocket' failed: WebSocket is closed before the connection is established. @ https://www.bseindia.com/assets/includenew/js/main-G3JIW4M6.js:149
[  312609ms] [WARNING] WebSocket connection to 'wss://bnotification.bseindia.com/socket.io/?EIO=4&transport=websocket' failed: WebSocket is closed before the connection is established. @ https://www.bseindia.com/assets/includenew/js/main-G3JIW4M6.js:149
[  337626ms] [WARNING] WebSocket connection to 'wss://bnotification.bseindia.com/socket.io/?EIO=4&transport=websocket' failed: WebSocket is closed before the connection is established. @ https://www.bseindia.com/assets/includenew/js/main-G3JIW4M6.js:149
[  362634ms] [WARNING] WebSocket connection to 'wss://bnotification.bseindia.com/socket.io/?EIO=4&transport=websocket' failed: WebSocket is closed before the connection is established. @ https://www.bseindia.com/assets/includenew/js/main-G3JIW4M6.js:149
[  387643ms] [WARNING] WebSocket connection to 'wss://bnotification.bseindia.com/socket.io/?EIO=4&transport=websocket' failed: WebSocket is closed before the connection is established. @ https://www.bseindia.com/assets/includenew/js/main-G3JIW4M6.js:149
[  412656ms] [WARNING] WebSocket connection to 'wss://bnotification.bseindia.com/socket.io/?EIO=4&transport=websocket' failed: WebSocket is closed before the connection is established. @ https://www.bseindia.com/assets/includenew/js/main-G3JIW4M6.js:149
[  437672ms] [WARNING] WebSocket connection to 'wss://bnotification.bseindia.com/socket.io/?EIO=4&transport=websocket' failed: WebSocket is closed before the connection is established. @ https://www.bseindia.com/assets/includenew/js/main-G3JIW4M6.js:149
[  462684ms] [WARNING] WebSocket connection to 'wss://bnotification.bseindia.com/socket.io/?EIO=4&transport=websocket' failed: WebSocket is closed before the connection is established. @ https://www.bseindia.com/assets/includenew/js/main-G3JIW4M6.js:149
[  487692ms] [WARNING] WebSocket connection to 'wss://bnotification.bseindia.com/socket.io/?EIO=4&transport=websocket' failed: WebSocket is closed before the connection is established. @ https://www.bseindia.com/assets/includenew/js/main-G3JIW4M6.js:149
[  512714ms] [WARNING] WebSocket connection to 'wss://bnotification.bseindia.com/socket.io/?EIO=4&transport=websocket' failed: WebSocket is closed before the connection is established. @ https://www.bseindia.com/assets/includenew/js/main-G3JIW4M6.js:149
[  537732ms] [WARNING] WebSocket connection to 'wss://bnotification.bseindia.com/socket.io/?EIO=4&transport=websocket' failed: WebSocket is closed before the connection is established. @ https://www.bseindia.com/assets/includenew/js/main-G3JIW4M6.js:149
[  562741ms] [WARNING] WebSocket connection to 'wss://bnotification.bseindia.com/socket.io/?EIO=4&transport=websocket' failed: WebSocket is closed before the connection is established. @ https://www.bseindia.com/assets/includenew/js/main-G3JIW4M6.js:149
[  587765ms] [WARNING] WebSocket connection to 'wss://bnotification.bseindia.com/socket.io/?EIO=4&transport=websocket' failed: WebSocket is closed before the connection is established. @ https://www.bseindia.com/assets/includenew/js/main-G3JIW4M6.js:149
[  612771ms] [WARNING] WebSocket connection to 'wss://bnotification.bseindia.com/socket.io/?EIO=4&transport=websocket' failed: WebSocket is closed before the connection is established. @ https://www.bseindia.com/assets/includenew/js/main-G3JIW4M6.js:149
[  637779ms] [WARNING] WebSocket connection to 'wss://bnotification.bseindia.com/socket.io/?EIO=4&transport=websocket' failed: WebSocket is closed before the connection is established. @ https://www.bseindia.com/assets/includenew/js/main-G3JIW4M6.js:149
[  662803ms] [WARNING] WebSocket connection to 'wss://bnotification.bseindia.com/socket.io/?EIO=4&transport=websocket' failed: WebSocket is closed before the connection is established. @ https://www.bseindia.com/assets/includenew/js/main-G3JIW4M6.js:149
[  687831ms] [WARNING] WebSocket connection to 'wss://bnotification.bseindia.com/socket.io/?EIO=4&transport=websocket' failed: WebSocket is closed before the connection is established. @ https://www.bseindia.com/assets/includenew/js/main-G3JIW4M6.js:149
[  712856ms] [WARNING] WebSocket connection to 'wss://bnotification.bseindia.com/socket.io/?EIO=4&transport=websocket' failed: WebSocket is closed before the connection is established. @ https://www.bseindia.com/assets/includenew/js/main-G3JIW4M6.js:149
[  737868ms] [WARNING] WebSocket connection to 'wss://bnotification.bseindia.com/socket.io/?EIO=4&transport=websocket' failed: WebSocket is closed before the connection is established. @ https://www.bseindia.com/assets/includenew/js/main-G3JIW4M6.js:149
[  762895ms] [WARNING] WebSocket connection to 'wss://bnotification.bseindia.com/socket.io/?EIO=4&transport=websocket' failed: WebSocket is closed before the connection is established. @ https://www.bseindia.com/assets/includenew/js/main-G3JIW4M6.js:149
[  787920ms] [WARNING] WebSocket connection to 'wss://bnotification.bseindia.com/socket.io/?EIO=4&transport=websocket' failed: WebSocket is closed before the connection is established. @ https://www.bseindia.com/assets/includenew/js/main-G3JIW4M6.js:149
[  812928ms] [WARNING] WebSocket connection to 'wss://bnotification.bseindia.com/socket.io/?EIO=4&transport=websocket' failed: WebSocket is closed before the connection is established. @ https://www.bseindia.com/assets/includenew/js/main-G3JIW4M6.js:149
[  837940ms] [WARNING] WebSocket connection to 'wss://bnotification.bseindia.com/socket.io/?EIO=4&transport=websocket' failed: WebSocket is closed before the connection is established. @ https://www.bseindia.com/assets/includenew/js/main-G3JIW4M6.js:149
[  862943ms] [WARNING] WebSocket connection to 'wss://bnotification.bseindia.com/socket.io/?EIO=4&transport=websocket' failed: WebSocket is closed before the connection is established. @ https://www.bseindia.com/assets/includenew/js/main-G3JIW4M6.js:149
[  887960ms] [WARNING] WebSocket connection to 'wss://bnotification.bseindia.com/socket.io/?EIO=4&transport=websocket' failed: WebSocket is closed before the connection is established. @ https://www.bseindia.com/assets/includenew/js/main-G3JIW4M6.js:149
[  912980ms] [WARNING] WebSocket connection to 'wss://bnotification.bseindia.com/socket.io/?EIO=4&transport=websocket' failed: WebSocket is closed before the connection is established. @ https://www.bseindia.com/assets/includenew/js/main-G3JIW4M6.js:149
[  938002ms] [WARNING] WebSocket connection to 'wss://bnotification.bseindia.com/socket.io/?EIO=4&transport=websocket' failed: WebSocket is closed before the connection is established. @ https://www.bseindia.com/assets/includenew/js/main-G3JIW4M6.js:149
[  963017ms] [WARNING] WebSocket connection to 'wss://bnotification.bseindia.com/socket.io/?EIO=4&transport=websocket' failed: WebSocket is closed before the connection is established. @ https://www.bseindia.com/assets/includenew/js/main-G3JIW4M6.js:149
[  988032ms] [WARNING] WebSocket connection to 'wss://bnotification.bseindia.com/socket.io/?EIO=4&transport=websocket' failed: WebSocket is closed before the connection is established. @ https://www.bseindia.com/assets/includenew/js/main-G3JIW4M6.js:149
[ 1013039ms] [WARNING] WebSocket connection to 'wss://bnotification.bseindia.com/socket.io/?EIO=4&transport=websocket' failed: WebSocket is closed before the connection is established. @ https://www.bseindia.com/assets/includenew/js/main-G3JIW4M6.js:149
[ 1038046ms] [WARNING] WebSocket connection to 'wss://bnotification.bseindia.com/socket.io/?EIO=4&transport=websocket' failed: WebSocket is closed before the connection is established. @ https://www.bseindia.com/assets/includenew/js/main-G3JIW4M6.js:149
[ 1063061ms] [WARNING] WebSocket connection to 'wss://bnotification.bseindia.com/socket.io/?EIO=4&transport=websocket' failed: WebSocket is closed before the connection is established. @ https://www.bseindia.com/assets/includenew/js/main-G3JIW4M6.js:149
[ 1088066ms] [WARNING] WebSocket connection to 'wss://bnotification.bseindia.com/socket.io/?EIO=4&transport=websocket' failed: WebSocket is closed before the connection is established. @ https://www.bseindia.com/assets/includenew/js/main-G3JIW4M6.js:149
[ 1113088ms] [WARNING] WebSocket connection to 'wss://bnotification.bseindia.com/socket.io/?EIO=4&transport=websocket' failed: WebSocket is closed before the connection is established. @ https://www.bseindia.com/assets/includenew/js/main-G3JIW4M6.js:149
[ 1138099ms] [WARNING] WebSocket connection to 'wss://bnotification.bseindia.com/socket.io/?EIO=4&transport=websocket' failed: WebSocket is closed before the connection is established. @ https://www.bseindia.com/assets/includenew/js/main-G3JIW4M6.js:149
[ 1163107ms] [WARNING] WebSocket connection to 'wss://bnotification.bseindia.com/socket.io/?EIO=4&transport=websocket' failed: WebSocket is closed before the connection is established. @ https://www.bseindia.com/assets/includenew/js/main-G3JIW4M6.js:149
[ 1188123ms] [WARNING] WebSocket connection to 'wss://bnotification.bseindia.com/socket.io/?EIO=4&transport=websocket' failed: WebSocket is closed before the connection is established. @ https://www.bseindia.com/assets/includenew/js/main-G3JIW4M6.js:149
[ 1213127ms] [WARNING] WebSocket connection to 'wss://bnotification.bseindia.com/socket.io/?EIO=4&transport=websocket' failed: WebSocket is closed before the connection is established. @ https://www.bseindia.com/assets/includenew/js/main-G3JIW4M6.js:149
[ 1238139ms] [WARNING] WebSocket connection to 'wss://bnotification.bseindia.com/socket.io/?EIO=4&transport=websocket' failed: WebSocket is closed before the connection is established. @ https://www.bseindia.com/assets/includenew/js/main-G3JIW4M6.js:149
[ 1263164ms] [WARNING] WebSocket connection to 'wss://bnotification.bseindia.com/socket.io/?EIO=4&transport=websocket' failed: WebSocket is closed before the connection is established. @ https://www.bseindia.com/assets/includenew/js/main-G3JIW4M6.js:149
[ 1288174ms] [WARNING] WebSocket connection to 'wss://bnotification.bseindia.com/socket.io/?EIO=4&transport=websocket' failed: WebSocket is closed before the connection is established. @ https://www.bseindia.com/assets/includenew/js/main-G3JIW4M6.js:149
[ 1313185ms] [WARNING] WebSocket connection to 'wss://bnotification.bseindia.com/socket.io/?EIO=4&transport=websocket' failed: WebSocket is closed before the connection is established. @ https://www.bseindia.com/assets/includenew/js/main-G3JIW4M6.js:149
[ 1338194ms] [WARNING] WebSocket connection to 'wss://bnotification.bseindia.com/socket.io/?EIO=4&transport=websocket' failed: WebSocket is closed before the connection is established. @ https://www.bseindia.com/assets/includenew/js/main-G3JIW4M6.js:149
[ 1363204ms] [WARNING] WebSocket connection to 'wss://bnotification.bseindia.com/socket.io/?EIO=4&transport=websocket' failed: WebSocket is closed before the connection is established. @ https://www.bseindia.com/assets/includenew/js/main-G3JIW4M6.js:149
[ 1388230ms] [WARNING] WebSocket connection to 'wss://bnotification.bseindia.com/socket.io/?EIO=4&transport=websocket' failed: WebSocket is closed before the connection is established. @ https://www.bseindia.com/assets/includenew/js/main-G3JIW4M6.js:149
[ 1413254ms] [WARNING] WebSocket connection to 'wss://bnotification.bseindia.com/socket.io/?EIO=4&transport=websocket' failed: WebSocket is closed before the connection is established. @ https://www.bseindia.com/assets/includenew/js/main-G3JIW4M6.js:149
[ 1438262ms] [WARNING] WebSocket connection to 'wss://bnotification.bseindia.com/socket.io/?EIO=4&transport=websocket' failed: WebSocket is closed before the connection is established. @ https://www.bseindia.com/assets/includenew/js/main-G3JIW4M6.js:149
[ 1463272ms] [WARNING] WebSocket connection to 'wss://bnotification.bseindia.com/socket.io/?EIO=4&transport=websocket' failed: WebSocket is closed before the connection is established. @ https://www.bseindia.com/assets/includenew/js/main-G3JIW4M6.js:149
[ 1488282ms] [WARNING] WebSocket connection to 'wss://bnotification.bseindia.com/socket.io/?EIO=4&transport=websocket' failed: WebSocket is closed before the connection is established. @ https://www.bseindia.com/assets/includenew/js/main-G3JIW4M6.js:149
[ 1513309ms] [WARNING] WebSocket connection to 'wss://bnotification.bseindia.com/socket.io/?EIO=4&transport=websocket' failed: WebSocket is closed before the connection is established. @ https://www.bseindia.com/assets/includenew/js/main-G3JIW4M6.js:149
[ 1538320ms] [WARNING] WebSocket connection to 'wss://bnotification.bseindia.com/socket.io/?EIO=4&transport=websocket' failed: WebSocket is closed before the connection is established. @ https://www.bseindia.com/assets/includenew/js/main-G3JIW4M6.js:149
[ 1563330ms] [WARNING] WebSocket connection to 'wss://bnotification.bseindia.com/socket.io/?EIO=4&transport=websocket' failed: WebSocket is closed before the connection is established. @ https://www.bseindia.com/assets/includenew/js/main-G3JIW4M6.js:149
[ 1588341ms] [WARNING] WebSocket connection to 'wss://bnotification.bseindia.com/socket.io/?EIO=4&transport=websocket' failed: WebSocket is closed before the connection is established. @ https://www.bseindia.com/assets/includenew/js/main-G3JIW4M6.js:149
[ 1613350ms] [WARNING] WebSocket connection to 'wss://bnotification.bseindia.com/socket.io/?EIO=4&transport=websocket' failed: WebSocket is closed before the connection is established. @ https://www.bseindia.com/assets/includenew/js/main-G3JIW4M6.js:149
[ 1638375ms] [WARNING] WebSocket connection to 'wss://bnotification.bseindia.com/socket.io/?EIO=4&transport=websocket' failed: WebSocket is closed before the connection is established. @ https://www.bseindia.com/assets/includenew/js/main-G3JIW4M6.js:149
[ 1663401ms] [WARNING] WebSocket connection to 'wss://bnotification.bseindia.com/socket.io/?EIO=4&transport=websocket' failed: WebSocket is closed before the connection is established. @ https://www.bseindia.com/assets/includenew/js/main-G3JIW4M6.js:149
[ 1688414ms] [WARNING] WebSocket connection to 'wss://bnotification.bseindia.com/socket.io/?EIO=4&transport=websocket' failed: WebSocket is closed before the connection is established. @ https://www.bseindia.com/assets/includenew/js/main-G3JIW4M6.js:149
[ 1713423ms] [WARNING] WebSocket connection to 'wss://bnotification.bseindia.com/socket.io/?EIO=4&transport=websocket' failed: WebSocket is closed before the connection is established. @ https://www.bseindia.com/assets/includenew/js/main-G3JIW4M6.js:149
[ 1738432ms] [WARNING] WebSocket connection to 'wss://bnotification.bseindia.com/socket.io/?EIO=4&transport=websocket' failed: WebSocket is closed before the connection is established. @ https://www.bseindia.com/assets/includenew/js/main-G3JIW4M6.js:149
[ 1763443ms] [WARNING] WebSocket connection to 'wss://bnotification.bseindia.com/socket.io/?EIO=4&transport=websocket' failed: WebSocket is closed before the connection is established. @ https://www.bseindia.com/assets/includenew/js/main-G3JIW4M6.js:149
[ 1788468ms] [WARNING] WebSocket connection to 'wss://bnotification.bseindia.com/socket.io/?EIO=4&transport=websocket' failed: WebSocket is closed before the connection is established. @ https://www.bseindia.com/assets/includenew/js/main-G3JIW4M6.js:149
[ 1813474ms] [WARNING] WebSocket connection to 'wss://bnotification.bseindia.com/socket.io/?EIO=4&transport=websocket' failed: WebSocket is closed before the connection is established. @ https://www.bseindia.com/assets/includenew/js/main-G3JIW4M6.js:149
[ 1838486ms] [WARNING] WebSocket connection to 'wss://bnotification.bseindia.com/socket.io/?EIO=4&transport=websocket' failed: WebSocket is closed before the connection is established. @ https://www.bseindia.com/assets/includenew/js/main-G3JIW4M6.js:149
[ 1863495ms] [WARNING] WebSocket connection to 'wss://bnotification.bseindia.com/socket.io/?EIO=4&transport=websocket' failed: WebSocket is closed before the connection is established. @ https://www.bseindia.com/assets/includenew/js/main-G3JIW4M6.js:149
[ 1888505ms] [WARNING] WebSocket connection to 'wss://bnotification.bseindia.com/socket.io/?EIO=4&transport=websocket' failed: WebSocket is closed before the connection is established. @ https://www.bseindia.com/assets/includenew/js/main-G3JIW4M6.js:149
[ 1913525ms] [WARNING] WebSocket connection to 'wss://bnotification.bseindia.com/socket.io/?EIO=4&transport=websocket' failed: WebSocket is closed before the connection is established. @ https://www.bseindia.com/assets/includenew/js/main-G3JIW4M6.js:149
[ 1938541ms] [WARNING] WebSocket connection to 'wss://bnotification.bseindia.com/socket.io/?EIO=4&transport=websocket' failed: WebSocket is closed before the connection is established. @ https://www.bseindia.com/assets/includenew/js/main-G3JIW4M6.js:149
[ 1963546ms] [WARNING] WebSocket connection to 'wss://bnotification.bseindia.com/socket.io/?EIO=4&transport=websocket' failed: WebSocket is closed before the connection is established. @ https://www.bseindia.com/assets/includenew/js/main-G3JIW4M6.js:149
[ 1988562ms] [WARNING] WebSocket connection to 'wss://bnotification.bseindia.com/socket.io/?EIO=4&transport=websocket' failed: WebSocket is closed before the connection is established. @ https://www.bseindia.com/assets/includenew/js/main-G3JIW4M6.js:149
[ 2013581ms] [WARNING] WebSocket connection to 'wss://bnotification.bseindia.com/socket.io/?EIO=4&transport=websocket' failed: WebSocket is closed before the connection is established. @ https://www.bseindia.com/assets/includenew/js/main-G3JIW4M6.js:149
[ 2038601ms] [WARNING] WebSocket connection to 'wss://bnotification.bseindia.com/socket.io/?EIO=4&transport=websocket' failed: WebSocket is closed before the connection is established. @ https://www.bseindia.com/assets/includenew/js/main-G3JIW4M6.js:149
[ 2063628ms] [WARNING] WebSocket connection to 'wss://bnotification.bseindia.com/socket.io/?EIO=4&transport=websocket' failed: WebSocket is closed before the connection is established. @ https://www.bseindia.com/assets/includenew/js/main-G3JIW4M6.js:149
[ 2088635ms] [WARNING] WebSocket connection to 'wss://bnotification.bseindia.com/socket.io/?EIO=4&transport=websocket' failed: WebSocket is closed before the connection is established. @ https://www.bseindia.com/assets/includenew/js/main-G3JIW4M6.js:149
[ 2113644ms] [WARNING] WebSocket connection to 'wss://bnotification.bseindia.com/socket.io/?EIO=4&transport=websocket' failed: WebSocket is closed before the connection is established. @ https://www.bseindia.com/assets/includenew/js/main-G3JIW4M6.js:149
[ 2138652ms] [WARNING] WebSocket connection to 'wss://bnotification.bseindia.com/socket.io/?EIO=4&transport=websocket' failed: WebSocket is closed before the connection is established. @ https://www.bseindia.com/assets/includenew/js/main-G3JIW4M6.js:149
[ 2163657ms] [WARNING] WebSocket connection to 'wss://bnotification.bseindia.com/socket.io/?EIO=4&transport=websocket' failed: WebSocket is closed before the connection is established. @ https://www.bseindia.com/assets/includenew/js/main-G3JIW4M6.js:149
[ 2188679ms] [WARNING] WebSocket connection to 'wss://bnotification.bseindia.com/socket.io/?EIO=4&transport=websocket' failed: WebSocket is closed before the connection is established. @ https://www.bseindia.com/assets/includenew/js/main-G3JIW4M6.js:149
[ 2213704ms] [WARNING] WebSocket connection to 'wss://bnotification.bseindia.com/socket.io/?EIO=4&transport=websocket' failed: WebSocket is closed before the connection is established. @ https://www.bseindia.com/assets/includenew/js/main-G3JIW4M6.js:149
[ 2238712ms] [WARNING] WebSocket connection to 'wss://bnotification.bseindia.com/socket.io/?EIO=4&transport=websocket' failed: WebSocket is closed before the connection is established. @ https://www.bseindia.com/assets/includenew/js/main-G3JIW4M6.js:149
[ 2263724ms] [WARNING] WebSocket connection to 'wss://bnotification.bseindia.com/socket.io/?EIO=4&transport=websocket' failed: WebSocket is closed before the connection is established. @ https://www.bseindia.com/assets/includenew/js/main-G3JIW4M6.js:149
[ 2288735ms] [WARNING] WebSocket connection to 'wss://bnotification.bseindia.com/socket.io/?EIO=4&transport=websocket' failed: WebSocket is closed before the connection is established. @ https://www.bseindia.com/assets/includenew/js/main-G3JIW4M6.js:149
[ 2313741ms] [WARNING] WebSocket connection to 'wss://bnotification.bseindia.com/socket.io/?EIO=4&transport=websocket' failed: WebSocket is closed before the connection is established. @ https://www.bseindia.com/assets/includenew/js/main-G3JIW4M6.js:149
[ 2338761ms] [WARNING] WebSocket connection to 'wss://bnotification.bseindia.com/socket.io/?EIO=4&transport=websocket' failed: WebSocket is closed before the connection is established. @ https://www.bseindia.com/assets/includenew/js/main-G3JIW4M6.js:149
[ 2363776ms] [WARNING] WebSocket connection to 'wss://bnotification.bseindia.com/socket.io/?EIO=4&transport=websocket' failed: WebSocket is closed before the connection is established. @ https://www.bseindia.com/assets/includenew/js/main-G3JIW4M6.js:149
[ 2388796ms] [WARNING] WebSocket connection to 'wss://bnotification.bseindia.com/socket.io/?EIO=4&transport=websocket' failed: WebSocket is closed before the connection is established. @ https://www.bseindia.com/assets/includenew/js/main-G3JIW4M6.js:149
[ 2413809ms] [WARNING] WebSocket connection to 'wss://bnotification.bseindia.com/socket.io/?EIO=4&transport=websocket' failed: WebSocket is closed before the connection is established. @ https://www.bseindia.com/assets/includenew/js/main-G3JIW4M6.js:149
[ 2438816ms] [WARNING] WebSocket connection to 'wss://bnotification.bseindia.com/socket.io/?EIO=4&transport=websocket' failed: WebSocket is closed before the connection is established. @ https://www.bseindia.com/assets/includenew/js/main-G3JIW4M6.js:149
[ 2463833ms] [WARNING] WebSocket connection to 'wss://bnotification.bseindia.com/socket.io/?EIO=4&transport=websocket' failed: WebSocket is closed before the connection is established. @ https://www.bseindia.com/assets/includenew/js/main-G3JIW4M6.js:149
[ 2488841ms] [WARNING] WebSocket connection to 'wss://bnotification.bseindia.com/socket.io/?EIO=4&transport=websocket' failed: WebSocket is closed before the connection is established. @ https://www.bseindia.com/assets/includenew/js/main-G3JIW4M6.js:149
[ 2513855ms] [WARNING] WebSocket connection to 'wss://bnotification.bseindia.com/socket.io/?EIO=4&transport=websocket' failed: WebSocket is closed before the connection is established. @ https://www.bseindia.com/assets/includenew/js/main-G3JIW4M6.js:149
[ 2538876ms] [WARNING] WebSocket connection to 'wss://bnotification.bseindia.com/socket.io/?EIO=4&transport=websocket' failed: WebSocket is closed before the connection is established. @ https://www.bseindia.com/assets/includenew/js/main-G3JIW4M6.js:149
[ 2563889ms] [WARNING] WebSocket connection to 'wss://bnotification.bseindia.com/socket.io/?EIO=4&transport=websocket' failed: WebSocket is closed before the connection is established. @ https://www.bseindia.com/assets/includenew/js/main-G3JIW4M6.js:149
[ 2588910ms] [WARNING] WebSocket connection to 'wss://bnotification.bseindia.com/socket.io/?EIO=4&transport=websocket' failed: WebSocket is closed before the connection is established. @ https://www.bseindia.com/assets/includenew/js/main-G3JIW4M6.js:149
[ 2613935ms] [WARNING] WebSocket connection to 'wss://bnotification.bseindia.com/socket.io/?EIO=4&transport=websocket' failed: WebSocket is closed before the connection is established. @ https://www.bseindia.com/assets/includenew/js/main-G3JIW4M6.js:149
[ 2638946ms] [WARNING] WebSocket connection to 'wss://bnotification.bseindia.com/socket.io/?EIO=4&transport=websocket' failed: WebSocket is closed before the connection is established. @ https://www.bseindia.com/assets/includenew/js/main-G3JIW4M6.js:149
[ 2663967ms] [WARNING] WebSocket connection to 'wss://bnotification.bseindia.com/socket.io/?EIO=4&transport=websocket' failed: WebSocket is closed before the connection is established. @ https://www.bseindia.com/assets/includenew/js/main-G3JIW4M6.js:149
[ 2688992ms] [WARNING] WebSocket connection to 'wss://bnotification.bseindia.com/socket.io/?EIO=4&transport=websocket' failed: WebSocket is closed before the connection is established. @ https://www.bseindia.com/assets/includenew/js/main-G3JIW4M6.js:149
[ 2714001ms] [WARNING] WebSocket connection to 'wss://bnotification.bseindia.com/socket.io/?EIO=4&transport=websocket' failed: WebSocket is closed before the connection is established. @ https://www.bseindia.com/assets/includenew/js/main-G3JIW4M6.js:149
[ 2739010ms] [WARNING] WebSocket connection to 'wss://bnotification.bseindia.com/socket.io/?EIO=4&transport=websocket' failed: WebSocket is closed before the connection is established. @ https://www.bseindia.com/assets/includenew/js/main-G3JIW4M6.js:149
[ 2764033ms] [WARNING] WebSocket connection to 'wss://bnotification.bseindia.com/socket.io/?EIO=4&transport=websocket' failed: WebSocket is closed before the connection is established. @ https://www.bseindia.com/assets/includenew/js/main-G3JIW4M6.js:149
[ 2789055ms] [WARNING] WebSocket connection to 'wss://bnotification.bseindia.com/socket.io/?EIO=4&transport=websocket' failed: WebSocket is closed before the connection is established. @ https://www.bseindia.com/assets/includenew/js/main-G3JIW4M6.js:149
[ 2814071ms] [WARNING] WebSocket connection to 'wss://bnotification.bseindia.com/socket.io/?EIO=4&transport=websocket' failed: WebSocket is closed before the connection is established. @ https://www.bseindia.com/assets/includenew/js/main-G3JIW4M6.js:149
[ 2839081ms] [WARNING] WebSocket connection to 'wss://bnotification.bseindia.com/socket.io/?EIO=4&transport=websocket' failed: WebSocket is closed before the connection is established. @ https://www.bseindia.com/assets/includenew/js/main-G3JIW4M6.js:149
[ 2864085ms] [WARNING] WebSocket connection to 'wss://bnotification.bseindia.com/socket.io/?EIO=4&transport=websocket' failed: WebSocket is closed before the connection is established. @ https://www.bseindia.com/assets/includenew/js/main-G3JIW4M6.js:149
[ 2889108ms] [WARNING] WebSocket connection to 'wss://bnotification.bseindia.com/socket.io/?EIO=4&transport=websocket' failed: WebSocket is closed before the connection is established. @ https://www.bseindia.com/assets/includenew/js/main-G3JIW4M6.js:149
[ 2914128ms] [WARNING] WebSocket connection to 'wss://bnotification.bseindia.com/socket.io/?EIO=4&transport=websocket' failed: WebSocket is closed before the connection is established. @ https://www.bseindia.com/assets/includenew/js/main-G3JIW4M6.js:149
[ 2939153ms] [WARNING] WebSocket connection to 'wss://bnotification.bseindia.com/socket.io/?EIO=4&transport=websocket' failed: WebSocket is closed before the connection is established. @ https://www.bseindia.com/assets/includenew/js/main-G3JIW4M6.js:149
[ 2964163ms] [WARNING] WebSocket connection to 'wss://bnotification.bseindia.com/socket.io/?EIO=4&transport=websocket' failed: WebSocket is closed before the connection is established. @ https://www.bseindia.com/assets/includenew/js/main-G3JIW4M6.js:149
[ 2989191ms] [WARNING] WebSocket connection to 'wss://bnotification.bseindia.com/socket.io/?EIO=4&transport=websocket' failed: WebSocket is closed before the connection is established. @ https://www.bseindia.com/assets/includenew/js/main-G3JIW4M6.js:149
[ 3014207ms] [WARNING] WebSocket connection to 'wss://bnotification.bseindia.com/socket.io/?EIO=4&transport=websocket' failed: WebSocket is closed before the connection is established. @ https://www.bseindia.com/assets/includenew/js/main-G3JIW4M6.js:149
[ 3039217ms] [WARNING] WebSocket connection to 'wss://bnotification.bseindia.com/socket.io/?EIO=4&transport=websocket' failed: WebSocket is closed before the connection is established. @ https://www.bseindia.com/assets/includenew/js/main-G3JIW4M6.js:149
[ 3064218ms] [WARNING] WebSocket connection to 'wss://bnotification.bseindia.com/socket.io/?EIO=4&transport=websocket' failed: WebSocket is closed before the connection is established. @ https://www.bseindia.com/assets/includenew/js/main-G3JIW4M6.js:149
[ 3089227ms] [WARNING] WebSocket connection to 'wss://bnotification.bseindia.com/socket.io/?EIO=4&transport=websocket' failed: WebSocket is closed before the connection is established. @ https://www.bseindia.com/assets/includenew/js/main-G3JIW4M6.js:149
[ 3114232ms] [WARNING] WebSocket connection to 'wss://bnotification.bseindia.com/socket.io/?EIO=4&transport=websocket' failed: WebSocket is closed before the connection is established. @ https://www.bseindia.com/assets/includenew/js/main-G3JIW4M6.js:149
[ 3139250ms] [WARNING] WebSocket connection to 'wss://bnotification.bseindia.com/socket.io/?EIO=4&transport=websocket' failed: WebSocket is closed before the connection is established. @ https://www.bseindia.com/assets/includenew/js/main-G3JIW4M6.js:149
[ 3164268ms] [WARNING] WebSocket connection to 'wss://bnotification.bseindia.com/socket.io/?EIO=4&transport=websocket' failed: WebSocket is closed before the connection is established. @ https://www.bseindia.com/assets/includenew/js/main-G3JIW4M6.js:149
[ 3189279ms] [WARNING] WebSocket connection to 'wss://bnotification.bseindia.com/socket.io/?EIO=4&transport=websocket' failed: WebSocket is closed before the connection is established. @ https://www.bseindia.com/assets/includenew/js/main-G3JIW4M6.js:149
[ 3214296ms] [WARNING] WebSocket connection to 'wss://bnotification.bseindia.com/socket.io/?EIO=4&transport=websocket' failed: WebSocket is closed before the connection is established. @ https://www.bseindia.com/assets/includenew/js/main-G3JIW4M6.js:149
[ 3239312ms] [WARNING] WebSocket connection to 'wss://bnotification.bseindia.com/socket.io/?EIO=4&transport=websocket' failed: WebSocket is closed before the connection is established. @ https://www.bseindia.com/assets/includenew/js/main-G3JIW4M6.js:149
[ 3264324ms] [WARNING] WebSocket connection to 'wss://bnotification.bseindia.com/socket.io/?EIO=4&transport=websocket' failed: WebSocket is closed before the connection is established. @ https://www.bseindia.com/assets/includenew/js/main-G3JIW4M6.js:149
[ 3289340ms] [WARNING] WebSocket connection to 'wss://bnotification.bseindia.com/socket.io/?EIO=4&transport=websocket' failed: WebSocket is closed before the connection is established. @ https://www.bseindia.com/assets/includenew/js/main-G3JIW4M6.js:149
[ 3314357ms] [WARNING] WebSocket connection to 'wss://bnotification.bseindia.com/socket.io/?EIO=4&transport=websocket' failed: WebSocket is closed before the connection is established. @ https://www.bseindia.com/assets/includenew/js/main-G3JIW4M6.js:149
[ 3339367ms] [WARNING] WebSocket connection to 'wss://bnotification.bseindia.com/socket.io/?EIO=4&transport=websocket' failed: WebSocket is closed before the connection is established. @ https://www.bseindia.com/assets/includenew/js/main-G3JIW4M6.js:149
[ 3364379ms] [WARNING] WebSocket connection to 'wss://bnotification.bseindia.com/socket.io/?EIO=4&transport=websocket' failed: WebSocket is closed before the connection is established. @ https://www.bseindia.com/assets/includenew/js/main-G3JIW4M6.js:149
[ 3389387ms] [WARNING] WebSocket connection to 'wss://bnotification.bseindia.com/socket.io/?EIO=4&transport=websocket' failed: WebSocket is closed before the connection is established. @ https://www.bseindia.com/assets/includenew/js/main-G3JIW4M6.js:149
[ 3414400ms] [WARNING] WebSocket connection to 'wss://bnotification.bseindia.com/socket.io/?EIO=4&transport=websocket' failed: WebSocket is closed before the connection is established. @ https://www.bseindia.com/assets/includenew/js/main-G3JIW4M6.js:149
[ 3439409ms] [WARNING] WebSocket connection to 'wss://bnotification.bseindia.com/socket.io/?EIO=4&transport=websocket' failed: WebSocket is closed before the connection is established. @ https://www.bseindia.com/assets/includenew/js/main-G3JIW4M6.js:149
[ 3464417ms] [WARNING] WebSocket connection to 'wss://bnotification.bseindia.com/socket.io/?EIO=4&transport=websocket' failed: WebSocket is closed before the connection is established. @ https://www.bseindia.com/assets/includenew/js/main-G3JIW4M6.js:149
[ 3489426ms] [WARNING] WebSocket connection to 'wss://bnotification.bseindia.com/socket.io/?EIO=4&transport=websocket' failed: WebSocket is closed before the connection is established. @ https://www.bseindia.com/assets/includenew/js/main-G3JIW4M6.js:149
[ 3514433ms] [WARNING] WebSocket connection to 'wss://bnotification.bseindia.com/socket.io/?EIO=4&transport=websocket' failed: WebSocket is closed before the connection is established. @ https://www.bseindia.com/assets/includenew/js/main-G3JIW4M6.js:149
[ 3539438ms] [WARNING] WebSocket connection to 'wss://bnotification.bseindia.com/socket.io/?EIO=4&transport=websocket' failed: WebSocket is closed before the connection is established. @ https://www.bseindia.com/assets/includenew/js/main-G3JIW4M6.js:149
[ 3564451ms] [WARNING] WebSocket connection to 'wss://bnotification.bseindia.com/socket.io/?EIO=4&transport=websocket' failed: WebSocket is closed before the connection is established. @ https://www.bseindia.com/assets/includenew/js/main-G3JIW4M6.js:149
[ 3589459ms] [WARNING] WebSocket connection to 'wss://bnotification.bseindia.com/socket.io/?EIO=4&transport=websocket' failed: WebSocket is closed before the connection is established. @ https://www.bseindia.com/assets/includenew/js/main-G3JIW4M6.js:149
[ 3614465ms] [WARNING] WebSocket connection to 'wss://bnotification.bseindia.com/socket.io/?EIO=4&transport=websocket' failed: WebSocket is closed before the connection is established. @ https://www.bseindia.com/assets/includenew/js/main-G3JIW4M6.js:149
[ 3639475ms] [WARNING] WebSocket connection to 'wss://bnotification.bseindia.com/socket.io/?EIO=4&transport=websocket' failed: WebSocket is closed before the connection is established. @ https://www.bseindia.com/assets/includenew/js/main-G3JIW4M6.js:149
[ 3664480ms] [WARNING] WebSocket connection to 'wss://bnotification.bseindia.com/socket.io/?EIO=4&transport=websocket' failed: WebSocket is closed before the connection is established. @ https://www.bseindia.com/assets/includenew/js/main-G3JIW4M6.js:149
[ 3689492ms] [WARNING] WebSocket connection to 'wss://bnotification.bseindia.com/socket.io/?EIO=4&transport=websocket' failed: WebSocket is closed before the connection is established. @ https://www.bseindia.com/assets/includenew/js/main-G3JIW4M6.js:149
[ 3714500ms] [WARNING] WebSocket connection to 'wss://bnotification.bseindia.com/socket.io/?EIO=4&transport=websocket' failed: WebSocket is closed before the connection is established. @ https://www.bseindia.com/assets/includenew/js/main-G3JIW4M6.js:149
[ 3739507ms] [WARNING] WebSocket connection to 'wss://bnotification.bseindia.com/socket.io/?EIO=4&transport=websocket' failed: WebSocket is closed before the connection is established. @ https://www.bseindia.com/assets/includenew/js/main-G3JIW4M6.js:149
[ 3764517ms] [WARNING] WebSocket connection to 'wss://bnotification.bseindia.com/socket.io/?EIO=4&transport=websocket' failed: WebSocket is closed before the connection is established. @ https://www.bseindia.com/assets/includenew/js/main-G3JIW4M6.js:149
[ 3789525ms] [WARNING] WebSocket connection to 'wss://bnotification.bseindia.com/socket.io/?EIO=4&transport=websocket' failed: WebSocket is closed before the connection is established. @ https://www.bseindia.com/assets/includenew/js/main-G3JIW4M6.js:149
[ 3814534ms] [WARNING] WebSocket connection to 'wss://bnotification.bseindia.com/socket.io/?EIO=4&transport=websocket' failed: WebSocket is closed before the connection is established. @ https://www.bseindia.com/assets/includenew/js/main-G3JIW4M6.js:149
[ 3839542ms] [WARNING] WebSocket connection to 'wss://bnotification.bseindia.com/socket.io/?EIO=4&transport=websocket' failed: WebSocket is closed before the connection is established. @ https://www.bseindia.com/assets/includenew/js/main-G3JIW4M6.js:149
[ 3864551ms] [WARNING] WebSocket connection to 'wss://bnotification.bseindia.com/socket.io/?EIO=4&transport=websocket' failed: WebSocket is closed before the connection is established. @ https://www.bseindia.com/assets/includenew/js/main-G3JIW4M6.js:149
[ 3889554ms] [WARNING] WebSocket connection to 'wss://bnotification.bseindia.com/socket.io/?EIO=4&transport=websocket' failed: WebSocket is closed before the connection is established. @ https://www.bseindia.com/assets/includenew/js/main-G3JIW4M6.js:149
[ 3914566ms] [WARNING] WebSocket connection to 'wss://bnotification.bseindia.com/socket.io/?EIO=4&transport=websocket' failed: WebSocket is closed before the connection is established. @ https://www.bseindia.com/assets/includenew/js/main-G3JIW4M6.js:149
[ 3939575ms] [WARNING] WebSocket connection to 'wss://bnotification.bseindia.com/socket.io/?EIO=4&transport=websocket' failed: WebSocket is closed before the connection is established. @ https://www.bseindia.com/assets/includenew/js/main-G3JIW4M6.js:149
[ 3964584ms] [WARNING] WebSocket connection to 'wss://bnotification.bseindia.com/socket.io/?EIO=4&transport=websocket' failed: WebSocket is closed before the connection is established. @ https://www.bseindia.com/assets/includenew/js/main-G3JIW4M6.js:149
[ 3989592ms] [WARNING] WebSocket connection to 'wss://bnotification.bseindia.com/socket.io/?EIO=4&transport=websocket' failed: WebSocket is closed before the connection is established. @ https://www.bseindia.com/assets/includenew/js/main-G3JIW4M6.js:149
[ 4014597ms] [WARNING] WebSocket connection to 'wss://bnotification.bseindia.com/socket.io/?EIO=4&transport=websocket' failed: WebSocket is closed before the connection is established. @ https://www.bseindia.com/assets/includenew/js/main-G3JIW4M6.js:149
[ 4039604ms] [WARNING] WebSocket connection to 'wss://bnotification.bseindia.com/socket.io/?EIO=4&transport=websocket' failed: WebSocket is closed before the connection is established. @ https://www.bseindia.com/assets/includenew/js/main-G3JIW4M6.js:149
[ 4064617ms] [WARNING] WebSocket connection to 'wss://bnotification.bseindia.com/socket.io/?EIO=4&transport=websocket' failed: WebSocket is closed before the connection is established. @ https://www.bseindia.com/assets/includenew/js/main-G3JIW4M6.js:149
[ 4089626ms] [WARNING] WebSocket connection to 'wss://bnotification.bseindia.com/socket.io/?EIO=4&transport=websocket' failed: WebSocket is closed before the connection is established. @ https://www.bseindia.com/assets/includenew/js/main-G3JIW4M6.js:149
[ 4114635ms] [WARNING] WebSocket connection to 'wss://bnotification.bseindia.com/socket.io/?EIO=4&transport=websocket' failed: WebSocket is closed before the connection is established. @ https://www.bseindia.com/assets/includenew/js/main-G3JIW4M6.js:149
[ 4139638ms] [WARNING] WebSocket connection to 'wss://bnotification.bseindia.com/socket.io/?EIO=4&transport=websocket' failed: WebSocket is closed before the connection is established. @ https://www.bseindia.com/assets/includenew/js/main-G3JIW4M6.js:149
[ 4164651ms] [WARNING] WebSocket connection to 'wss://bnotification.bseindia.com/socket.io/?EIO=4&transport=websocket' failed: WebSocket is closed before the connection is established. @ https://www.bseindia.com/assets/includenew/js/main-G3JIW4M6.js:149
[ 4189659ms] [WARNING] WebSocket connection to 'wss://bnotification.bseindia.com/socket.io/?EIO=4&transport=websocket' failed: WebSocket is closed before the connection is established. @ https://www.bseindia.com/assets/includenew/js/main-G3JIW4M6.js:149
[ 4214667ms] [WARNING] WebSocket connection to 'wss://bnotification.bseindia.com/socket.io/?EIO=4&transport=websocket' failed: WebSocket is closed before the connection is established. @ https://www.bseindia.com/assets/includenew/js/main-G3JIW4M6.js:149
[ 4239676ms] [WARNING] WebSocket connection to 'wss://bnotification.bseindia.com/socket.io/?EIO=4&transport=websocket' failed: WebSocket is closed before the connection is established. @ https://www.bseindia.com/assets/includenew/js/main-G3JIW4M6.js:149
[ 4264684ms] [WARNING] WebSocket connection to 'wss://bnotification.bseindia.com/socket.io/?EIO=4&transport=websocket' failed: WebSocket is closed before the connection is established. @ https://www.bseindia.com/assets/includenew/js/main-G3JIW4M6.js:149
[ 4289693ms] [WARNING] WebSocket connection to 'wss://bnotification.bseindia.com/socket.io/?EIO=4&transport=websocket' failed: WebSocket is closed before the connection is established. @ https://www.bseindia.com/assets/includenew/js/main-G3JIW4M6.js:149
[ 4314700ms] [WARNING] WebSocket connection to 'wss://bnotification.bseindia.com/socket.io/?EIO=4&transport=websocket' failed: WebSocket is closed before the connection is established. @ https://www.bseindia.com/assets/includenew/js/main-G3JIW4M6.js:149
[ 4339717ms] [WARNING] WebSocket connection to 'wss://bnotification.bseindia.com/socket.io/?EIO=4&transport=websocket' failed: WebSocket is closed before the connection is established. @ https://www.bseindia.com/assets/includenew/js/main-G3JIW4M6.js:149
[ 4364731ms] [WARNING] WebSocket connection to 'wss://bnotification.bseindia.com/socket.io/?EIO=4&transport=websocket' failed: WebSocket is closed before the connection is established. @ https://www.bseindia.com/assets/includenew/js/main-G3JIW4M6.js:149
[ 4389739ms] [WARNING] WebSocket connection to 'wss://bnotification.bseindia.com/socket.io/?EIO=4&transport=websocket' failed: WebSocket is closed before the connection is established. @ https://www.bseindia.com/assets/includenew/js/main-G3JIW4M6.js:149
[ 4414748ms] [WARNING] WebSocket connection to 'wss://bnotification.bseindia.com/socket.io/?EIO=4&transport=websocket' failed: WebSocket is closed before the connection is established. @ https://www.bseindia.com/assets/includenew/js/main-G3JIW4M6.js:149
[ 4439756ms] [WARNING] WebSocket connection to 'wss://bnotification.bseindia.com/socket.io/?EIO=4&transport=websocket' failed: WebSocket is closed before the connection is established. @ https://www.bseindia.com/assets/includenew/js/main-G3JIW4M6.js:149
[ 4464763ms] [WARNING] WebSocket connection to 'wss://bnotification.bseindia.com/socket.io/?EIO=4&transport=websocket' failed: WebSocket is closed before the connection is established. @ https://www.bseindia.com/assets/includenew/js/main-G3JIW4M6.js:149
[ 4489774ms] [WARNING] WebSocket connection to 'wss://bnotification.bseindia.com/socket.io/?EIO=4&transport=websocket' failed: WebSocket is closed before the connection is established. @ https://www.bseindia.com/assets/includenew/js/main-G3JIW4M6.js:149
[ 4514781ms] [WARNING] WebSocket connection to 'wss://bnotification.bseindia.com/socket.io/?EIO=4&transport=websocket' failed: WebSocket is closed before the connection is established. @ https://www.bseindia.com/assets/includenew/js/main-G3JIW4M6.js:149
[ 4539790ms] [WARNING] WebSocket connection to 'wss://bnotification.bseindia.com/socket.io/?EIO=4&transport=websocket' failed: WebSocket is closed before the connection is established. @ https://www.bseindia.com/assets/includenew/js/main-G3JIW4M6.js:149
[ 4564798ms] [WARNING] WebSocket connection to 'wss://bnotification.bseindia.com/socket.io/?EIO=4&transport=websocket' failed: WebSocket is closed before the connection is established. @ https://www.bseindia.com/assets/includenew/js/main-G3JIW4M6.js:149
[ 4589806ms] [WARNING] WebSocket connection to 'wss://bnotification.bseindia.com/socket.io/?EIO=4&transport=websocket' failed: WebSocket is closed before the connection is established. @ https://www.bseindia.com/assets/includenew/js/main-G3JIW4M6.js:149
[ 4614814ms] [WARNING] WebSocket connection to 'wss://bnotification.bseindia.com/socket.io/?EIO=4&transport=websocket' failed: WebSocket is closed before the connection is established. @ https://www.bseindia.com/assets/includenew/js/main-G3JIW4M6.js:149
[ 4639823ms] [WARNING] WebSocket connection to 'wss://bnotification.bseindia.com/socket.io/?EIO=4&transport=websocket' failed: WebSocket is closed before the connection is established. @ https://www.bseindia.com/assets/includenew/js/main-G3JIW4M6.js:149
[ 4664832ms] [WARNING] WebSocket connection to 'wss://bnotification.bseindia.com/socket.io/?EIO=4&transport=websocket' failed: WebSocket is closed before the connection is established. @ https://www.bseindia.com/assets/includenew/js/main-G3JIW4M6.js:149
[ 4689840ms] [WARNING] WebSocket connection to 'wss://bnotification.bseindia.com/socket.io/?EIO=4&transport=websocket' failed: WebSocket is closed before the connection is established. @ https://www.bseindia.com/assets/includenew/js/main-G3JIW4M6.js:149
[ 4714848ms] [WARNING] WebSocket connection to 'wss://bnotification.bseindia.com/socket.io/?EIO=4&transport=websocket' failed: WebSocket is closed before the connection is established. @ https://www.bseindia.com/assets/includenew/js/main-G3JIW4M6.js:149
[ 4739856ms] [WARNING] WebSocket connection to 'wss://bnotification.bseindia.com/socket.io/?EIO=4&transport=websocket' failed: WebSocket is closed before the connection is established. @ https://www.bseindia.com/assets/includenew/js/main-G3JIW4M6.js:149
[ 4764864ms] [WARNING] WebSocket connection to 'wss://bnotification.bseindia.com/socket.io/?EIO=4&transport=websocket' failed: WebSocket is closed before the connection is established. @ https://www.bseindia.com/assets/includenew/js/main-G3JIW4M6.js:149
[ 4789873ms] [WARNING] WebSocket connection to 'wss://bnotification.bseindia.com/socket.io/?EIO=4&transport=websocket' failed: WebSocket is closed before the connection is established. @ https://www.bseindia.com/assets/includenew/js/main-G3JIW4M6.js:149
[ 4814882ms] [WARNING] WebSocket connection to 'wss://bnotification.bseindia.com/socket.io/?EIO=4&transport=websocket' failed: WebSocket is closed before the connection is established. @ https://www.bseindia.com/assets/includenew/js/main-G3JIW4M6.js:149
[ 4839890ms] [WARNING] WebSocket connection to 'wss://bnotification.bseindia.com/socket.io/?EIO=4&transport=websocket' failed: WebSocket is closed before the connection is established. @ https://www.bseindia.com/assets/includenew/js/main-G3JIW4M6.js:149
[ 4864898ms] [WARNING] WebSocket connection to 'wss://bnotification.bseindia.com/socket.io/?EIO=4&transport=websocket' failed: WebSocket is closed before the connection is established. @ https://www.bseindia.com/assets/includenew/js/main-G3JIW4M6.js:149
[ 4889906ms] [WARNING] WebSocket connection to 'wss://bnotification.bseindia.com/socket.io/?EIO=4&transport=websocket' failed: WebSocket is closed before the connection is established. @ https://www.bseindia.com/assets/includenew/js/main-G3JIW4M6.js:149
[ 4914915ms] [WARNING] WebSocket connection to 'wss://bnotification.bseindia.com/socket.io/?EIO=4&transport=websocket' failed: WebSocket is closed before the connection is established. @ https://www.bseindia.com/assets/includenew/js/main-G3JIW4M6.js:149
[ 4939923ms] [WARNING] WebSocket connection to 'wss://bnotification.bseindia.com/socket.io/?EIO=4&transport=websocket' failed: WebSocket is closed before the connection is established. @ https://www.bseindia.com/assets/includenew/js/main-G3JIW4M6.js:149
[ 4964932ms] [WARNING] WebSocket connection to 'wss://bnotification.bseindia.com/socket.io/?EIO=4&transport=websocket' failed: WebSocket is closed before the connection is established. @ https://www.bseindia.com/assets/includenew/js/main-G3JIW4M6.js:149
[ 4989939ms] [WARNING] WebSocket connection to 'wss://bnotification.bseindia.com/socket.io/?EIO=4&transport=websocket' failed: WebSocket is closed before the connection is established. @ https://www.bseindia.com/assets/includenew/js/main-G3JIW4M6.js:149
[ 5014949ms] [WARNING] WebSocket connection to 'wss://bnotification.bseindia.com/socket.io/?EIO=4&transport=websocket' failed: WebSocket is closed before the connection is established. @ https://www.bseindia.com/assets/includenew/js/main-G3JIW4M6.js:149
[ 5039956ms] [WARNING] WebSocket connection to 'wss://bnotification.bseindia.com/socket.io/?EIO=4&transport=websocket' failed: WebSocket is closed before the connection is established. @ https://www.bseindia.com/assets/includenew/js/main-G3JIW4M6.js:149
[ 5064965ms] [WARNING] WebSocket connection to 'wss://bnotification.bseindia.com/socket.io/?EIO=4&transport=websocket' failed: WebSocket is closed before the connection is established. @ https://www.bseindia.com/assets/includenew/js/main-G3JIW4M6.js:149
[ 5089972ms] [WARNING] WebSocket connection to 'wss://bnotification.bseindia.com/socket.io/?EIO=4&transport=websocket' failed: WebSocket is closed before the connection is established. @ https://www.bseindia.com/assets/includenew/js/main-G3JIW4M6.js:149
[ 5114981ms] [WARNING] WebSocket connection to 'wss://bnotification.bseindia.com/socket.io/?EIO=4&transport=websocket' failed: WebSocket is closed before the connection is established. @ https://www.bseindia.com/assets/includenew/js/main-G3JIW4M6.js:149
[ 5139989ms] [WARNING] WebSocket connection to 'wss://bnotification.bseindia.com/socket.io/?EIO=4&transport=websocket' failed: WebSocket is closed before the connection is established. @ https://www.bseindia.com/assets/includenew/js/main-G3JIW4M6.js:149
[ 5164998ms] [WARNING] WebSocket connection to 'wss://bnotification.bseindia.com/socket.io/?EIO=4&transport=websocket' failed: WebSocket is closed before the connection is established. @ https://www.bseindia.com/assets/includenew/js/main-G3JIW4M6.js:149
[ 5190007ms] [WARNING] WebSocket connection to 'wss://bnotification.bseindia.com/socket.io/?EIO=4&transport=websocket' failed: WebSocket is closed before the connection is established. @ https://www.bseindia.com/assets/includenew/js/main-G3JIW4M6.js:149
[ 5215015ms] [WARNING] WebSocket connection to 'wss://bnotification.bseindia.com/socket.io/?EIO=4&transport=websocket' failed: WebSocket is closed before the connection is established. @ https://www.bseindia.com/assets/includenew/js/main-G3JIW4M6.js:149
[ 5240023ms] [WARNING] WebSocket connection to 'wss://bnotification.bseindia.com/socket.io/?EIO=4&transport=websocket' failed: WebSocket is closed before the connection is established. @ https://www.bseindia.com/assets/includenew/js/main-G3JIW4M6.js:149
[ 5265031ms] [WARNING] WebSocket connection to 'wss://bnotification.bseindia.com/socket.io/?EIO=4&transport=websocket' failed: WebSocket is closed before the connection is established. @ https://www.bseindia.com/assets/includenew/js/main-G3JIW4M6.js:149
[ 5290040ms] [WARNING] WebSocket connection to 'wss://bnotification.bseindia.com/socket.io/?EIO=4&transport=websocket' failed: WebSocket is closed before the connection is established. @ https://www.bseindia.com/assets/includenew/js/main-G3JIW4M6.js:149
[ 5315049ms] [WARNING] WebSocket connection to 'wss://bnotification.bseindia.com/socket.io/?EIO=4&transport=websocket' failed: WebSocket is closed before the connection is established. @ https://www.bseindia.com/assets/includenew/js/main-G3JIW4M6.js:149
[ 5340057ms] [WARNING] WebSocket connection to 'wss://bnotification.bseindia.com/socket.io/?EIO=4&transport=websocket' failed: WebSocket is closed before the connection is established. @ https://www.bseindia.com/assets/includenew/js/main-G3JIW4M6.js:149
[ 5365064ms] [WARNING] WebSocket connection to 'wss://bnotification.bseindia.com/socket.io/?EIO=4&transport=websocket' failed: WebSocket is closed before the connection is established. @ https://www.bseindia.com/assets/includenew/js/main-G3JIW4M6.js:149
[ 5390073ms] [WARNING] WebSocket connection to 'wss://bnotification.bseindia.com/socket.io/?EIO=4&transport=websocket' failed: WebSocket is closed before the connection is established. @ https://www.bseindia.com/assets/includenew/js/main-G3JIW4M6.js:149
[ 5415082ms] [WARNING] WebSocket connection to 'wss://bnotification.bseindia.com/socket.io/?EIO=4&transport=websocket' failed: WebSocket is closed before the connection is established. @ https://www.bseindia.com/assets/includenew/js/main-G3JIW4M6.js:149
[ 5440090ms] [WARNING] WebSocket connection to 'wss://bnotification.bseindia.com/socket.io/?EIO=4&transport=websocket' failed: WebSocket is closed before the connection is established. @ https://www.bseindia.com/assets/includenew/js/main-G3JIW4M6.js:149
[ 5465097ms] [WARNING] WebSocket connection to 'wss://bnotification.bseindia.com/socket.io/?EIO=4&transport=websocket' failed: WebSocket is closed before the connection is established. @ https://www.bseindia.com/assets/includenew/js/main-G3JIW4M6.js:149
[ 5490105ms] [WARNING] WebSocket connection to 'wss://bnotification.bseindia.com/socket.io/?EIO=4&transport=websocket' failed: WebSocket is closed before the connection is established. @ https://www.bseindia.com/assets/includenew/js/main-G3JIW4M6.js:149
[ 5515115ms] [WARNING] WebSocket connection to 'wss://bnotification.bseindia.com/socket.io/?EIO=4&transport=websocket' failed: WebSocket is closed before the connection is established. @ https://www.bseindia.com/assets/includenew/js/main-G3JIW4M6.js:149
[ 5540124ms] [WARNING] WebSocket connection to 'wss://bnotification.bseindia.com/socket.io/?EIO=4&transport=websocket' failed: WebSocket is closed before the connection is established. @ https://www.bseindia.com/assets/includenew/js/main-G3JIW4M6.js:149
[ 5565131ms] [WARNING] WebSocket connection to 'wss://bnotification.bseindia.com/socket.io/?EIO=4&transport=websocket' failed: WebSocket is closed before the connection is established. @ https://www.bseindia.com/assets/includenew/js/main-G3JIW4M6.js:149
[ 5590140ms] [WARNING] WebSocket connection to 'wss://bnotification.bseindia.com/socket.io/?EIO=4&transport=websocket' failed: WebSocket is closed before the connection is established. @ https://www.bseindia.com/assets/includenew/js/main-G3JIW4M6.js:149
[ 5615148ms] [WARNING] WebSocket connection to 'wss://bnotification.bseindia.com/socket.io/?EIO=4&transport=websocket' failed: WebSocket is closed before the connection is established. @ https://www.bseindia.com/assets/includenew/js/main-G3JIW4M6.js:149
[ 5640156ms] [WARNING] WebSocket connection to 'wss://bnotification.bseindia.com/socket.io/?EIO=4&transport=websocket' failed: WebSocket is closed before the connection is established. @ https://www.bseindia.com/assets/includenew/js/main-G3JIW4M6.js:149
[ 5665165ms] [WARNING] WebSocket connection to 'wss://bnotification.bseindia.com/socket.io/?EIO=4&transport=websocket' failed: WebSocket is closed before the connection is established. @ https://www.bseindia.com/assets/includenew/js/main-G3JIW4M6.js:149
[ 5690173ms] [WARNING] WebSocket connection to 'wss://bnotification.bseindia.com/socket.io/?EIO=4&transport=websocket' failed: WebSocket is closed before the connection is established. @ https://www.bseindia.com/assets/includenew/js/main-G3JIW4M6.js:149
[ 5715182ms] [WARNING] WebSocket connection to 'wss://bnotification.bseindia.com/socket.io/?EIO=4&transport=websocket' failed: WebSocket is closed before the connection is established. @ https://www.bseindia.com/assets/includenew/js/main-G3JIW4M6.js:149
[ 5740190ms] [WARNING] WebSocket connection to 'wss://bnotification.bseindia.com/socket.io/?EIO=4&transport=websocket' failed: WebSocket is closed before the connection is established. @ https://www.bseindia.com/assets/includenew/js/main-G3JIW4M6.js:149
[ 5765198ms] [WARNING] WebSocket connection to 'wss://bnotification.bseindia.com/socket.io/?EIO=4&transport=websocket' failed: WebSocket is closed before the connection is established. @ https://www.bseindia.com/assets/includenew/js/main-G3JIW4M6.js:149
[ 5790206ms] [WARNING] WebSocket connection to 'wss://bnotification.bseindia.com/socket.io/?EIO=4&transport=websocket' failed: WebSocket is closed before the connection is established. @ https://www.bseindia.com/assets/includenew/js/main-G3JIW4M6.js:149
[ 5815216ms] [WARNING] WebSocket connection to 'wss://bnotification.bseindia.com/socket.io/?EIO=4&transport=websocket' failed: WebSocket is closed before the connection is established. @ https://www.bseindia.com/assets/includenew/js/main-G3JIW4M6.js:149
[ 5840223ms] [WARNING] WebSocket connection to 'wss://bnotification.bseindia.com/socket.io/?EIO=4&transport=websocket' failed: WebSocket is closed before the connection is established. @ https://www.bseindia.com/assets/includenew/js/main-G3JIW4M6.js:149
[ 5865231ms] [WARNING] WebSocket connection to 'wss://bnotification.bseindia.com/socket.io/?EIO=4&transport=websocket' failed: WebSocket is closed before the connection is established. @ https://www.bseindia.com/assets/includenew/js/main-G3JIW4M6.js:149
[ 5890240ms] [WARNING] WebSocket connection to 'wss://bnotification.bseindia.com/socket.io/?EIO=4&transport=websocket' failed: WebSocket is closed before the connection is established. @ https://www.bseindia.com/assets/includenew/js/main-G3JIW4M6.js:149
[ 5915248ms] [WARNING] WebSocket connection to 'wss://bnotification.bseindia.com/socket.io/?EIO=4&transport=websocket' failed: WebSocket is closed before the connection is established. @ https://www.bseindia.com/assets/includenew/js/main-G3JIW4M6.js:149
[ 5940255ms] [WARNING] WebSocket connection to 'wss://bnotification.bseindia.com/socket.io/?EIO=4&transport=websocket' failed: WebSocket is closed before the connection is established. @ https://www.bseindia.com/assets/includenew/js/main-G3JIW4M6.js:149
[ 5965265ms] [WARNING] WebSocket connection to 'wss://bnotification.bseindia.com/socket.io/?EIO=4&transport=websocket' failed: WebSocket is closed before the connection is established. @ https://www.bseindia.com/assets/includenew/js/main-G3JIW4M6.js:149
[ 5990272ms] [WARNING] WebSocket connection to 'wss://bnotification.bseindia.com/socket.io/?EIO=4&transport=websocket' failed: WebSocket is closed before the connection is established. @ https://www.bseindia.com/assets/includenew/js/main-G3JIW4M6.js:149
[ 6015279ms] [WARNING] WebSocket connection to 'wss://bnotification.bseindia.com/socket.io/?EIO=4&transport=websocket' failed: WebSocket is closed before the connection is established. @ https://www.bseindia.com/assets/includenew/js/main-G3JIW4M6.js:149
[ 6040290ms] [WARNING] WebSocket connection to 'wss://bnotification.bseindia.com/socket.io/?EIO=4&transport=websocket' failed: WebSocket is closed before the connection is established. @ https://www.bseindia.com/assets/includenew/js/main-G3JIW4M6.js:149
[ 6065297ms] [WARNING] WebSocket connection to 'wss://bnotification.bseindia.com/socket.io/?EIO=4&transport=websocket' failed: WebSocket is closed before the connection is established. @ https://www.bseindia.com/assets/includenew/js/main-G3JIW4M6.js:149
[ 6090305ms] [WARNING] WebSocket connection to 'wss://bnotification.bseindia.com/socket.io/?EIO=4&transport=websocket' failed: WebSocket is closed before the connection is established. @ https://www.bseindia.com/assets/includenew/js/main-G3JIW4M6.js:149
[ 6115316ms] [WARNING] WebSocket connection to 'wss://bnotification.bseindia.com/socket.io/?EIO=4&transport=websocket' failed: WebSocket is closed before the connection is established. @ https://www.bseindia.com/assets/includenew/js/main-G3JIW4M6.js:149
[ 6140323ms] [WARNING] WebSocket connection to 'wss://bnotification.bseindia.com/socket.io/?EIO=4&transport=websocket' failed: WebSocket is closed before the connection is established. @ https://www.bseindia.com/assets/includenew/js/main-G3JIW4M6.js:149
[ 6165333ms] [WARNING] WebSocket connection to 'wss://bnotification.bseindia.com/socket.io/?EIO=4&transport=websocket' failed: WebSocket is closed before the connection is established. @ https://www.bseindia.com/assets/includenew/js/main-G3JIW4M6.js:149
[ 6190338ms] [WARNING] WebSocket connection to 'wss://bnotification.bseindia.com/socket.io/?EIO=4&transport=websocket' failed: WebSocket is closed before the connection is established. @ https://www.bseindia.com/assets/includenew/js/main-G3JIW4M6.js:149
[ 6215349ms] [WARNING] WebSocket connection to 'wss://bnotification.bseindia.com/socket.io/?EIO=4&transport=websocket' failed: WebSocket is closed before the connection is established. @ https://www.bseindia.com/assets/includenew/js/main-G3JIW4M6.js:149
[ 6240357ms] [WARNING] WebSocket connection to 'wss://bnotification.bseindia.com/socket.io/?EIO=4&transport=websocket' failed: WebSocket is closed before the connection is established. @ https://www.bseindia.com/assets/includenew/js/main-G3JIW4M6.js:149
[ 6265365ms] [WARNING] WebSocket connection to 'wss://bnotification.bseindia.com/socket.io/?EIO=4&transport=websocket' failed: WebSocket is closed before the connection is established. @ https://www.bseindia.com/assets/includenew/js/main-G3JIW4M6.js:149
[ 6290370ms] [WARNING] WebSocket connection to 'wss://bnotification.bseindia.com/socket.io/?EIO=4&transport=websocket' failed: WebSocket is closed before the connection is established. @ https://www.bseindia.com/assets/includenew/js/main-G3JIW4M6.js:149
[ 6315382ms] [WARNING] WebSocket connection to 'wss://bnotification.bseindia.com/socket.io/?EIO=4&transport=websocket' failed: WebSocket is closed before the connection is established. @ https://www.bseindia.com/assets/includenew/js/main-G3JIW4M6.js:149
[ 6340386ms] [WARNING] WebSocket connection to 'wss://bnotification.bseindia.com/socket.io/?EIO=4&transport=websocket' failed: WebSocket is closed before the connection is established. @ https://www.bseindia.com/assets/includenew/js/main-G3JIW4M6.js:149
[ 6365398ms] [WARNING] WebSocket connection to 'wss://bnotification.bseindia.com/socket.io/?EIO=4&transport=websocket' failed: WebSocket is closed before the connection is established. @ https://www.bseindia.com/assets/includenew/js/main-G3JIW4M6.js:149
[ 6390402ms] [WARNING] WebSocket connection to 'wss://bnotification.bseindia.com/socket.io/?EIO=4&transport=websocket' failed: WebSocket is closed before the connection is established. @ https://www.bseindia.com/assets/includenew/js/main-G3JIW4M6.js:149
[ 6415416ms] [WARNING] WebSocket connection to 'wss://bnotification.bseindia.com/socket.io/?EIO=4&transport=websocket' failed: WebSocket is closed before the connection is established. @ https://www.bseindia.com/assets/includenew/js/main-G3JIW4M6.js:149
[ 6440424ms] [WARNING] WebSocket connection to 'wss://bnotification.bseindia.com/socket.io/?EIO=4&transport=websocket' failed: WebSocket is closed before the connection is established. @ https://www.bseindia.com/assets/includenew/js/main-G3JIW4M6.js:149
[ 6465429ms] [WARNING] WebSocket connection to 'wss://bnotification.bseindia.com/socket.io/?EIO=4&transport=websocket' failed: WebSocket is closed before the connection is established. @ https://www.bseindia.com/assets/includenew/js/main-G3JIW4M6.js:149
[ 6490440ms] [WARNING] WebSocket connection to 'wss://bnotification.bseindia.com/socket.io/?EIO=4&transport=websocket' failed: WebSocket is closed before the connection is established. @ https://www.bseindia.com/assets/includenew/js/main-G3JIW4M6.js:149
[ 6515448ms] [WARNING] WebSocket connection to 'wss://bnotification.bseindia.com/socket.io/?EIO=4&transport=websocket' failed: WebSocket is closed before the connection is established. @ https://www.bseindia.com/assets/includenew/js/main-G3JIW4M6.js:149
[ 6540457ms] [WARNING] WebSocket connection to 'wss://bnotification.bseindia.com/socket.io/?EIO=4&transport=websocket' failed: WebSocket is closed before the connection is established. @ https://www.bseindia.com/assets/includenew/js/main-G3JIW4M6.js:149
[ 6565465ms] [WARNING] WebSocket connection to 'wss://bnotification.bseindia.com/socket.io/?EIO=4&transport=websocket' failed: WebSocket is closed before the connection is established. @ https://www.bseindia.com/assets/includenew/js/main-G3JIW4M6.js:149
[ 6590473ms] [WARNING] WebSocket connection to 'wss://bnotification.bseindia.com/socket.io/?EIO=4&transport=websocket' failed: WebSocket is closed before the connection is established. @ https://www.bseindia.com/assets/includenew/js/main-G3JIW4M6.js:149
[ 6615482ms] [WARNING] WebSocket connection to 'wss://bnotification.bseindia.com/socket.io/?EIO=4&transport=websocket' failed: WebSocket is closed before the connection is established. @ https://www.bseindia.com/assets/includenew/js/main-G3JIW4M6.js:149
[ 6640490ms] [WARNING] WebSocket connection to 'wss://bnotification.bseindia.com/socket.io/?EIO=4&transport=websocket' failed: WebSocket is closed before the connection is established. @ https://www.bseindia.com/assets/includenew/js/main-G3JIW4M6.js:149
[ 6665495ms] [WARNING] WebSocket connection to 'wss://bnotification.bseindia.com/socket.io/?EIO=4&transport=websocket' failed: WebSocket is closed before the connection is established. @ https://www.bseindia.com/assets/includenew/js/main-G3JIW4M6.js:149
[ 6690503ms] [WARNING] WebSocket connection to 'wss://bnotification.bseindia.com/socket.io/?EIO=4&transport=websocket' failed: WebSocket is closed before the connection is established. @ https://www.bseindia.com/assets/includenew/js/main-G3JIW4M6.js:149
[ 6715515ms] [WARNING] WebSocket connection to 'wss://bnotification.bseindia.com/socket.io/?EIO=4&transport=websocket' failed: WebSocket is closed before the connection is established. @ https://www.bseindia.com/assets/includenew/js/main-G3JIW4M6.js:149
[ 6740523ms] [WARNING] WebSocket connection to 'wss://bnotification.bseindia.com/socket.io/?EIO=4&transport=websocket' failed: WebSocket is closed before the connection is established. @ https://www.bseindia.com/assets/includenew/js/main-G3JIW4M6.js:149
[ 6765532ms] [WARNING] WebSocket connection to 'wss://bnotification.bseindia.com/socket.io/?EIO=4&transport=websocket' failed: WebSocket is closed before the connection is established. @ https://www.bseindia.com/assets/includenew/js/main-G3JIW4M6.js:149
[ 6790536ms] [WARNING] WebSocket connection to 'wss://bnotification.bseindia.com/socket.io/?EIO=4&transport=websocket' failed: WebSocket is closed before the connection is established. @ https://www.bseindia.com/assets/includenew/js/main-G3JIW4M6.js:149
[ 6815549ms] [WARNING] WebSocket connection to 'wss://bnotification.bseindia.com/socket.io/?EIO=4&transport=websocket' failed: WebSocket is closed before the connection is established. @ https://www.bseindia.com/assets/includenew/js/main-G3JIW4M6.js:149
[ 6840557ms] [WARNING] WebSocket connection to 'wss://bnotification.bseindia.com/socket.io/?EIO=4&transport=websocket' failed: WebSocket is closed before the connection is established. @ https://www.bseindia.com/assets/includenew/js/main-G3JIW4M6.js:149
[ 6865565ms] [WARNING] WebSocket connection to 'wss://bnotification.bseindia.com/socket.io/?EIO=4&transport=websocket' failed: WebSocket is closed before the connection is established. @ https://www.bseindia.com/assets/includenew/js/main-G3JIW4M6.js:149
[ 6890573ms] [WARNING] WebSocket connection to 'wss://bnotification.bseindia.com/socket.io/?EIO=4&transport=websocket' failed: WebSocket is closed before the connection is established. @ https://www.bseindia.com/assets/includenew/js/main-G3JIW4M6.js:149
[ 6915582ms] [WARNING] WebSocket connection to 'wss://bnotification.bseindia.com/socket.io/?EIO=4&transport=websocket' failed: WebSocket is closed before the connection is established. @ https://www.bseindia.com/assets/includenew/js/main-G3JIW4M6.js:149
[ 6940591ms] [WARNING] WebSocket connection to 'wss://bnotification.bseindia.com/socket.io/?EIO=4&transport=websocket' failed: WebSocket is closed before the connection is established. @ https://www.bseindia.com/assets/includenew/js/main-G3JIW4M6.js:149
[ 6965594ms] [WARNING] WebSocket connection to 'wss://bnotification.bseindia.com/socket.io/?EIO=4&transport=websocket' failed: WebSocket is closed before the connection is established. @ https://www.bseindia.com/assets/includenew/js/main-G3JIW4M6.js:149
[ 6990604ms] [WARNING] WebSocket connection to 'wss://bnotification.bseindia.com/socket.io/?EIO=4&transport=websocket' failed: WebSocket is closed before the connection is established. @ https://www.bseindia.com/assets/includenew/js/main-G3JIW4M6.js:149
[ 7015611ms] [WARNING] WebSocket connection to 'wss://bnotification.bseindia.com/socket.io/?EIO=4&transport=websocket' failed: WebSocket is closed before the connection is established. @ https://www.bseindia.com/assets/includenew/js/main-G3JIW4M6.js:149
[ 7040623ms] [WARNING] WebSocket connection to 'wss://bnotification.bseindia.com/socket.io/?EIO=4&transport=websocket' failed: WebSocket is closed before the connection is established. @ https://www.bseindia.com/assets/includenew/js/main-G3JIW4M6.js:149
[ 7065627ms] [WARNING] WebSocket connection to 'wss://bnotification.bseindia.com/socket.io/?EIO=4&transport=websocket' failed: WebSocket is closed before the connection is established. @ https://www.bseindia.com/assets/includenew/js/main-G3JIW4M6.js:149
[ 7090638ms] [WARNING] WebSocket connection to 'wss://bnotification.bseindia.com/socket.io/?EIO=4&transport=websocket' failed: WebSocket is closed before the connection is established. @ https://www.bseindia.com/assets/includenew/js/main-G3JIW4M6.js:149
[ 7115649ms] [WARNING] WebSocket connection to 'wss://bnotification.bseindia.com/socket.io/?EIO=4&transport=websocket' failed: WebSocket is closed before the connection is established. @ https://www.bseindia.com/assets/includenew/js/main-G3JIW4M6.js:149
[ 7140655ms] [WARNING] WebSocket connection to 'wss://bnotification.bseindia.com/socket.io/?EIO=4&transport=websocket' failed: WebSocket is closed before the connection is established. @ https://www.bseindia.com/assets/includenew/js/main-G3JIW4M6.js:149
[ 7165665ms] [WARNING] WebSocket connection to 'wss://bnotification.bseindia.com/socket.io/?EIO=4&transport=websocket' failed: WebSocket is closed before the connection is established. @ https://www.bseindia.com/assets/includenew/js/main-G3JIW4M6.js:149
[ 7190672ms] [WARNING] WebSocket connection to 'wss://bnotification.bseindia.com/socket.io/?EIO=4&transport=websocket' failed: WebSocket is closed before the connection is established. @ https://www.bseindia.com/assets/includenew/js/main-G3JIW4M6.js:149
[ 7215682ms] [WARNING] WebSocket connection to 'wss://bnotification.bseindia.com/socket.io/?EIO=4&transport=websocket' failed: WebSocket is closed before the connection is established. @ https://www.bseindia.com/assets/includenew/js/main-G3JIW4M6.js:149
[ 7240690ms] [WARNING] WebSocket connection to 'wss://bnotification.bseindia.com/socket.io/?EIO=4&transport=websocket' failed: WebSocket is closed before the connection is established. @ https://www.bseindia.com/assets/includenew/js/main-G3JIW4M6.js:149
[ 7265699ms] [WARNING] WebSocket connection to 'wss://bnotification.bseindia.com/socket.io/?EIO=4&transport=websocket' failed: WebSocket is closed before the connection is established. @ https://www.bseindia.com/assets/includenew/js/main-G3JIW4M6.js:149
[ 7290701ms] [WARNING] WebSocket connection to 'wss://bnotification.bseindia.com/socket.io/?EIO=4&transport=websocket' failed: WebSocket is closed before the connection is established. @ https://www.bseindia.com/assets/includenew/js/main-G3JIW4M6.js:149
[ 7315716ms] [WARNING] WebSocket connection to 'wss://bnotification.bseindia.com/socket.io/?EIO=4&transport=websocket' failed: WebSocket is closed before the connection is established. @ https://www.bseindia.com/assets/includenew/js/main-G3JIW4M6.js:149
[ 7340723ms] [WARNING] WebSocket connection to 'wss://bnotification.bseindia.com/socket.io/?EIO=4&transport=websocket' failed: WebSocket is closed before the connection is established. @ https://www.bseindia.com/assets/includenew/js/main-G3JIW4M6.js:149
[ 7365731ms] [WARNING] WebSocket connection to 'wss://bnotification.bseindia.com/socket.io/?EIO=4&transport=websocket' failed: WebSocket is closed before the connection is established. @ https://www.bseindia.com/assets/includenew/js/main-G3JIW4M6.js:149
[ 7390746ms] [WARNING] WebSocket connection to 'wss://bnotification.bseindia.com/socket.io/?EIO=4&transport=websocket' failed: WebSocket is closed before the connection is established. @ https://www.bseindia.com/assets/includenew/js/main-G3JIW4M6.js:149
[ 7415760ms] [WARNING] WebSocket connection to 'wss://bnotification.bseindia.com/socket.io/?EIO=4&transport=websocket' failed: WebSocket is closed before the connection is established. @ https://www.bseindia.com/assets/includenew/js/main-G3JIW4M6.js:149
[ 7440765ms] [WARNING] WebSocket connection to 'wss://bnotification.bseindia.com/socket.io/?EIO=4&transport=websocket' failed: WebSocket is closed before the connection is established. @ https://www.bseindia.com/assets/includenew/js/main-G3JIW4M6.js:149
[ 7465785ms] [WARNING] WebSocket connection to 'wss://bnotification.bseindia.com/socket.io/?EIO=4&transport=websocket' failed: WebSocket is closed before the connection is established. @ https://www.bseindia.com/assets/includenew/js/main-G3JIW4M6.js:149
[ 7490801ms] [WARNING] WebSocket connection to 'wss://bnotification.bseindia.com/socket.io/?EIO=4&transport=websocket' failed: WebSocket is closed before the connection is established. @ https://www.bseindia.com/assets/includenew/js/main-G3JIW4M6.js:149
[ 7515809ms] [WARNING] WebSocket connection to 'wss://bnotification.bseindia.com/socket.io/?EIO=4&transport=websocket' failed: WebSocket is closed before the connection is established. @ https://www.bseindia.com/assets/includenew/js/main-G3JIW4M6.js:149
[ 7540817ms] [WARNING] WebSocket connection to 'wss://bnotification.bseindia.com/socket.io/?EIO=4&transport=websocket' failed: WebSocket is closed before the connection is established. @ https://www.bseindia.com/assets/includenew/js/main-G3JIW4M6.js:149
[ 7565824ms] [WARNING] WebSocket connection to 'wss://bnotification.bseindia.com/socket.io/?EIO=4&transport=websocket' failed: WebSocket is closed before the connection is established. @ https://www.bseindia.com/assets/includenew/js/main-G3JIW4M6.js:149
[ 7590834ms] [WARNING] WebSocket connection to 'wss://bnotification.bseindia.com/socket.io/?EIO=4&transport=websocket' failed: WebSocket is closed before the connection is established. @ https://www.bseindia.com/assets/includenew/js/main-G3JIW4M6.js:149
[ 7615839ms] [WARNING] WebSocket connection to 'wss://bnotification.bseindia.com/socket.io/?EIO=4&transport=websocket' failed: WebSocket is closed before the connection is established. @ https://www.bseindia.com/assets/includenew/js/main-G3JIW4M6.js:149
[ 7640851ms] [WARNING] WebSocket connection to 'wss://bnotification.bseindia.com/socket.io/?EIO=4&transport=websocket' failed: WebSocket is closed before the connection is established. @ https://www.bseindia.com/assets/includenew/js/main-G3JIW4M6.js:149
[ 7665859ms] [WARNING] WebSocket connection to 'wss://bnotification.bseindia.com/socket.io/?EIO=4&transport=websocket' failed: WebSocket is closed before the connection is established. @ https://www.bseindia.com/assets/includenew/js/main-G3JIW4M6.js:149
[ 7690868ms] [WARNING] WebSocket connection to 'wss://bnotification.bseindia.com/socket.io/?EIO=4&transport=websocket' failed: WebSocket is closed before the connection is established. @ https://www.bseindia.com/assets/includenew/js/main-G3JIW4M6.js:149
[ 7715875ms] [WARNING] WebSocket connection to 'wss://bnotification.bseindia.com/socket.io/?EIO=4&transport=websocket' failed: WebSocket is closed before the connection is established. @ https://www.bseindia.com/assets/includenew/js/main-G3JIW4M6.js:149
[ 7740883ms] [WARNING] WebSocket connection to 'wss://bnotification.bseindia.com/socket.io/?EIO=4&transport=websocket' failed: WebSocket is closed before the connection is established. @ https://www.bseindia.com/assets/includenew/js/main-G3JIW4M6.js:149
[ 7765892ms] [WARNING] WebSocket connection to 'wss://bnotification.bseindia.com/socket.io/?EIO=4&transport=websocket' failed: WebSocket is closed before the connection is established. @ https://www.bseindia.com/assets/includenew/js/main-G3JIW4M6.js:149
[ 7790896ms] [WARNING] WebSocket connection to 'wss://bnotification.bseindia.com/socket.io/?EIO=4&transport=websocket' failed: WebSocket is closed before the connection is established. @ https://www.bseindia.com/assets/includenew/js/main-G3JIW4M6.js:149
[ 7815909ms] [WARNING] WebSocket connection to 'wss://bnotification.bseindia.com/socket.io/?EIO=4&transport=websocket' failed: WebSocket is closed before the connection is established. @ https://www.bseindia.com/assets/includenew/js/main-G3JIW4M6.js:149
[ 7840918ms] [WARNING] WebSocket connection to 'wss://bnotification.bseindia.com/socket.io/?EIO=4&transport=websocket' failed: WebSocket is closed before the connection is established. @ https://www.bseindia.com/assets/includenew/js/main-G3JIW4M6.js:149
[ 7865926ms] [WARNING] WebSocket connection to 'wss://bnotification.bseindia.com/socket.io/?EIO=4&transport=websocket' failed: WebSocket is closed before the connection is established. @ https://www.bseindia.com/assets/includenew/js/main-G3JIW4M6.js:149
[ 7890934ms] [WARNING] WebSocket connection to 'wss://bnotification.bseindia.com/socket.io/?EIO=4&transport=websocket' failed: WebSocket is closed before the connection is established. @ https://www.bseindia.com/assets/includenew/js/main-G3JIW4M6.js:149
[ 7915937ms] [WARNING] WebSocket connection to 'wss://bnotification.bseindia.com/socket.io/?EIO=4&transport=websocket' failed: WebSocket is closed before the connection is established. @ https://www.bseindia.com/assets/includenew/js/main-G3JIW4M6.js:149
[ 7940951ms] [WARNING] WebSocket connection to 'wss://bnotification.bseindia.com/socket.io/?EIO=4&transport=websocket' failed: WebSocket is closed before the connection is established. @ https://www.bseindia.com/assets/includenew/js/main-G3JIW4M6.js:149
[ 7965954ms] [WARNING] WebSocket connection to 'wss://bnotification.bseindia.com/socket.io/?EIO=4&transport=websocket' failed: WebSocket is closed before the connection is established. @ https://www.bseindia.com/assets/includenew/js/main-G3JIW4M6.js:149
[ 7990968ms] [WARNING] WebSocket connection to 'wss://bnotification.bseindia.com/socket.io/?EIO=4&transport=websocket' failed: WebSocket is closed before the connection is established. @ https://www.bseindia.com/assets/includenew/js/main-G3JIW4M6.js:149
[ 8015972ms] [WARNING] WebSocket connection to 'wss://bnotification.bseindia.com/socket.io/?EIO=4&transport=websocket' failed: WebSocket is closed before the connection is established. @ https://www.bseindia.com/assets/includenew/js/main-G3JIW4M6.js:149
[ 8040983ms] [WARNING] WebSocket connection to 'wss://bnotification.bseindia.com/socket.io/?EIO=4&transport=websocket' failed: WebSocket is closed before the connection is established. @ https://www.bseindia.com/assets/includenew/js/main-G3JIW4M6.js:149
[ 8065990ms] [WARNING] WebSocket connection to 'wss://bnotification.bseindia.com/socket.io/?EIO=4&transport=websocket' failed: WebSocket is closed before the connection is established. @ https://www.bseindia.com/assets/includenew/js/main-G3JIW4M6.js:149
[ 8091001ms] [WARNING] WebSocket connection to 'wss://bnotification.bseindia.com/socket.io/?EIO=4&transport=websocket' failed: WebSocket is closed before the connection is established. @ https://www.bseindia.com/assets/includenew/js/main-G3JIW4M6.js:149
[ 8116009ms] [WARNING] WebSocket connection to 'wss://bnotification.bseindia.com/socket.io/?EIO=4&transport=websocket' failed: WebSocket is closed before the connection is established. @ https://www.bseindia.com/assets/includenew/js/main-G3JIW4M6.js:149
[ 8141018ms] [WARNING] WebSocket connection to 'wss://bnotification.bseindia.com/socket.io/?EIO=4&transport=websocket' failed: WebSocket is closed before the connection is established. @ https://www.bseindia.com/assets/includenew/js/main-G3JIW4M6.js:149
[ 8166023ms] [WARNING] WebSocket connection to 'wss://bnotification.bseindia.com/socket.io/?EIO=4&transport=websocket' failed: WebSocket is closed before the connection is established. @ https://www.bseindia.com/assets/includenew/js/main-G3JIW4M6.js:149
[ 8191034ms] [WARNING] WebSocket connection to 'wss://bnotification.bseindia.com/socket.io/?EIO=4&transport=websocket' failed: WebSocket is closed before the connection is established. @ https://www.bseindia.com/assets/includenew/js/main-G3JIW4M6.js:149
[ 8216042ms] [WARNING] WebSocket connection to 'wss://bnotification.bseindia.com/socket.io/?EIO=4&transport=websocket' failed: WebSocket is closed before the connection is established. @ https://www.bseindia.com/assets/includenew/js/main-G3JIW4M6.js:149
[ 8241051ms] [WARNING] WebSocket connection to 'wss://bnotification.bseindia.com/socket.io/?EIO=4&transport=websocket' failed: WebSocket is closed before the connection is established. @ https://www.bseindia.com/assets/includenew/js/main-G3JIW4M6.js:149
[ 8266054ms] [WARNING] WebSocket connection to 'wss://bnotification.bseindia.com/socket.io/?EIO=4&transport=websocket' failed: WebSocket is closed before the connection is established. @ https://www.bseindia.com/assets/includenew/js/main-G3JIW4M6.js:149
[ 8291068ms] [WARNING] WebSocket connection to 'wss://bnotification.bseindia.com/socket.io/?EIO=4&transport=websocket' failed: WebSocket is closed before the connection is established. @ https://www.bseindia.com/assets/includenew/js/main-G3JIW4M6.js:149
[ 8316076ms] [WARNING] WebSocket connection to 'wss://bnotification.bseindia.com/socket.io/?EIO=4&transport=websocket' failed: WebSocket is closed before the connection is established. @ https://www.bseindia.com/assets/includenew/js/main-G3JIW4M6.js:149
[ 8341080ms] [WARNING] WebSocket connection to 'wss://bnotification.bseindia.com/socket.io/?EIO=4&transport=websocket' failed: WebSocket is closed before the connection is established. @ https://www.bseindia.com/assets/includenew/js/main-G3JIW4M6.js:149
[ 8366089ms] [WARNING] WebSocket connection to 'wss://bnotification.bseindia.com/socket.io/?EIO=4&transport=websocket' failed: WebSocket is closed before the connection is established. @ https://www.bseindia.com/assets/includenew/js/main-G3JIW4M6.js:149
[ 8391101ms] [WARNING] WebSocket connection to 'wss://bnotification.bseindia.com/socket.io/?EIO=4&transport=websocket' failed: WebSocket is closed before the connection is established. @ https://www.bseindia.com/assets/includenew/js/main-G3JIW4M6.js:149
[ 8416109ms] [WARNING] WebSocket connection to 'wss://bnotification.bseindia.com/socket.io/?EIO=4&transport=websocket' failed: WebSocket is closed before the connection is established. @ https://www.bseindia.com/assets/includenew/js/main-G3JIW4M6.js:149
[ 8441117ms] [WARNING] WebSocket connection to 'wss://bnotification.bseindia.com/socket.io/?EIO=4&transport=websocket' failed: WebSocket is closed before the connection is established. @ https://www.bseindia.com/assets/includenew/js/main-G3JIW4M6.js:149
[ 8466126ms] [WARNING] WebSocket connection to 'wss://bnotification.bseindia.com/socket.io/?EIO=4&transport=websocket' failed: WebSocket is closed before the connection is established. @ https://www.bseindia.com/assets/includenew/js/main-G3JIW4M6.js:149
[ 8491135ms] [WARNING] WebSocket connection to 'wss://bnotification.bseindia.com/socket.io/?EIO=4&transport=websocket' failed: WebSocket is closed before the connection is established. @ https://www.bseindia.com/assets/includenew/js/main-G3JIW4M6.js:149
[ 8516138ms] [WARNING] WebSocket connection to 'wss://bnotification.bseindia.com/socket.io/?EIO=4&transport=websocket' failed: WebSocket is closed before the connection is established. @ https://www.bseindia.com/assets/includenew/js/main-G3JIW4M6.js:149
[ 8541145ms] [WARNING] WebSocket connection to 'wss://bnotification.bseindia.com/socket.io/?EIO=4&transport=websocket' failed: WebSocket is closed before the connection is established. @ https://www.bseindia.com/assets/includenew/js/main-G3JIW4M6.js:149
[ 8566160ms] [WARNING] WebSocket connection to 'wss://bnotification.bseindia.com/socket.io/?EIO=4&transport=websocket' failed: WebSocket is closed before the connection is established. @ https://www.bseindia.com/assets/includenew/js/main-G3JIW4M6.js:149
[ 8591165ms] [WARNING] WebSocket connection to 'wss://bnotification.bseindia.com/socket.io/?EIO=4&transport=websocket' failed: WebSocket is closed before the connection is established. @ https://www.bseindia.com/assets/includenew/js/main-G3JIW4M6.js:149
[ 8616173ms] [WARNING] WebSocket connection to 'wss://bnotification.bseindia.com/socket.io/?EIO=4&transport=websocket' failed: WebSocket is closed before the connection is established. @ https://www.bseindia.com/assets/includenew/js/main-G3JIW4M6.js:149
[ 8641184ms] [WARNING] WebSocket connection to 'wss://bnotification.bseindia.com/socket.io/?EIO=4&transport=websocket' failed: WebSocket is closed before the connection is established. @ https://www.bseindia.com/assets/includenew/js/main-G3JIW4M6.js:149
[ 8666193ms] [WARNING] WebSocket connection to 'wss://bnotification.bseindia.com/socket.io/?EIO=4&transport=websocket' failed: WebSocket is closed before the connection is established. @ https://www.bseindia.com/assets/includenew/js/main-G3JIW4M6.js:149
[ 8691201ms] [WARNING] WebSocket connection to 'wss://bnotification.bseindia.com/socket.io/?EIO=4&transport=websocket' failed: WebSocket is closed before the connection is established. @ https://www.bseindia.com/assets/includenew/js/main-G3JIW4M6.js:149
[ 8716210ms] [WARNING] WebSocket connection to 'wss://bnotification.bseindia.com/socket.io/?EIO=4&transport=websocket' failed: WebSocket is closed before the connection is established. @ https://www.bseindia.com/assets/includenew/js/main-G3JIW4M6.js:149
[ 8741217ms] [WARNING] WebSocket connection to 'wss://bnotification.bseindia.com/socket.io/?EIO=4&transport=websocket' failed: WebSocket is closed before the connection is established. @ https://www.bseindia.com/assets/includenew/js/main-G3JIW4M6.js:149
[ 8766226ms] [WARNING] WebSocket connection to 'wss://bnotification.bseindia.com/socket.io/?EIO=4&transport=websocket' failed: WebSocket is closed before the connection is established. @ https://www.bseindia.com/assets/includenew/js/main-G3JIW4M6.js:149
[ 8791234ms] [WARNING] WebSocket connection to 'wss://bnotification.bseindia.com/socket.io/?EIO=4&transport=websocket' failed: WebSocket is closed before the connection is established. @ https://www.bseindia.com/assets/includenew/js/main-G3JIW4M6.js:149
[ 8816240ms] [WARNING] WebSocket connection to 'wss://bnotification.bseindia.com/socket.io/?EIO=4&transport=websocket' failed: WebSocket is closed before the connection is established. @ https://www.bseindia.com/assets/includenew/js/main-G3JIW4M6.js:149
[ 8841251ms] [WARNING] WebSocket connection to 'wss://bnotification.bseindia.com/socket.io/?EIO=4&transport=websocket' failed: WebSocket is closed before the connection is established. @ https://www.bseindia.com/assets/includenew/js/main-G3JIW4M6.js:149
[ 8866259ms] [WARNING] WebSocket connection to 'wss://bnotification.bseindia.com/socket.io/?EIO=4&transport=websocket' failed: WebSocket is closed before the connection is established. @ https://www.bseindia.com/assets/includenew/js/main-G3JIW4M6.js:149
[ 8891262ms] [WARNING] WebSocket connection to 'wss://bnotification.bseindia.com/socket.io/?EIO=4&transport=websocket' failed: WebSocket is closed before the connection is established. @ https://www.bseindia.com/assets/includenew/js/main-G3JIW4M6.js:149
[ 8916273ms] [WARNING] WebSocket connection to 'wss://bnotification.bseindia.com/socket.io/?EIO=4&transport=websocket' failed: WebSocket is closed before the connection is established. @ https://www.bseindia.com/assets/includenew/js/main-G3JIW4M6.js:149
[ 8941282ms] [WARNING] WebSocket connection to 'wss://bnotification.bseindia.com/socket.io/?EIO=4&transport=websocket' failed: WebSocket is closed before the connection is established. @ https://www.bseindia.com/assets/includenew/js/main-G3JIW4M6.js:149
[ 8966293ms] [WARNING] WebSocket connection to 'wss://bnotification.bseindia.com/socket.io/?EIO=4&transport=websocket' failed: WebSocket is closed before the connection is established. @ https://www.bseindia.com/assets/includenew/js/main-G3JIW4M6.js:149
[ 8991301ms] [WARNING] WebSocket connection to 'wss://bnotification.bseindia.com/socket.io/?EIO=4&transport=websocket' failed: WebSocket is closed before the connection is established. @ https://www.bseindia.com/assets/includenew/js/main-G3JIW4M6.js:149
[ 9016309ms] [WARNING] WebSocket connection to 'wss://bnotification.bseindia.com/socket.io/?EIO=4&transport=websocket' failed: WebSocket is closed before the connection is established. @ https://www.bseindia.com/assets/includenew/js/main-G3JIW4M6.js:149
[ 9041317ms] [WARNING] WebSocket connection to 'wss://bnotification.bseindia.com/socket.io/?EIO=4&transport=websocket' failed: WebSocket is closed before the connection is established. @ https://www.bseindia.com/assets/includenew/js/main-G3JIW4M6.js:149
[ 9066326ms] [WARNING] WebSocket connection to 'wss://bnotification.bseindia.com/socket.io/?EIO=4&transport=websocket' failed: WebSocket is closed before the connection is established. @ https://www.bseindia.com/assets/includenew/js/main-G3JIW4M6.js:149
[ 9091335ms] [WARNING] WebSocket connection to 'wss://bnotification.bseindia.com/socket.io/?EIO=4&transport=websocket' failed: WebSocket is closed before the connection is established. @ https://www.bseindia.com/assets/includenew/js/main-G3JIW4M6.js:149
[ 9116344ms] [WARNING] WebSocket connection to 'wss://bnotification.bseindia.com/socket.io/?EIO=4&transport=websocket' failed: WebSocket is closed before the connection is established. @ https://www.bseindia.com/assets/includenew/js/main-G3JIW4M6.js:149
[ 9141351ms] [WARNING] WebSocket connection to 'wss://bnotification.bseindia.com/socket.io/?EIO=4&transport=websocket' failed: WebSocket is closed before the connection is established. @ https://www.bseindia.com/assets/includenew/js/main-G3JIW4M6.js:149
[ 9166360ms] [WARNING] WebSocket connection to 'wss://bnotification.bseindia.com/socket.io/?EIO=4&transport=websocket' failed: WebSocket is closed before the connection is established. @ https://www.bseindia.com/assets/includenew/js/main-G3JIW4M6.js:149
[ 9191368ms] [WARNING] WebSocket connection to 'wss://bnotification.bseindia.com/socket.io/?EIO=4&transport=websocket' failed: WebSocket is closed before the connection is established. @ https://www.bseindia.com/assets/includenew/js/main-G3JIW4M6.js:149
[ 9216377ms] [WARNING] WebSocket connection to 'wss://bnotification.bseindia.com/socket.io/?EIO=4&transport=websocket' failed: WebSocket is closed before the connection is established. @ https://www.bseindia.com/assets/includenew/js/main-G3JIW4M6.js:149
[ 9241385ms] [WARNING] WebSocket connection to 'wss://bnotification.bseindia.com/socket.io/?EIO=4&transport=websocket' failed: WebSocket is closed before the connection is established. @ https://www.bseindia.com/assets/includenew/js/main-G3JIW4M6.js:149
[ 9266393ms] [WARNING] WebSocket connection to 'wss://bnotification.bseindia.com/socket.io/?EIO=4&transport=websocket' failed: WebSocket is closed before the connection is established. @ https://www.bseindia.com/assets/includenew/js/main-G3JIW4M6.js:149
[ 9291402ms] [WARNING] WebSocket connection to 'wss://bnotification.bseindia.com/socket.io/?EIO=4&transport=websocket' failed: WebSocket is closed before the connection is established. @ https://www.bseindia.com/assets/includenew/js/main-G3JIW4M6.js:149
[ 9316411ms] [WARNING] WebSocket connection to 'wss://bnotification.bseindia.com/socket.io/?EIO=4&transport=websocket' failed: WebSocket is closed before the connection is established. @ https://www.bseindia.com/assets/includenew/js/main-G3JIW4M6.js:149
[ 9341417ms] [WARNING] WebSocket connection to 'wss://bnotification.bseindia.com/socket.io/?EIO=4&transport=websocket' failed: WebSocket is closed before the connection is established. @ https://www.bseindia.com/assets/includenew/js/main-G3JIW4M6.js:149
[ 9366426ms] [WARNING] WebSocket connection to 'wss://bnotification.bseindia.com/socket.io/?EIO=4&transport=websocket' failed: WebSocket is closed before the connection is established. @ https://www.bseindia.com/assets/includenew/js/main-G3JIW4M6.js:149
[ 9391435ms] [WARNING] WebSocket connection to 'wss://bnotification.bseindia.com/socket.io/?EIO=4&transport=websocket' failed: WebSocket is closed before the connection is established. @ https://www.bseindia.com/assets/includenew/js/main-G3JIW4M6.js:149
[ 9416443ms] [WARNING] WebSocket connection to 'wss://bnotification.bseindia.com/socket.io/?EIO=4&transport=websocket' failed: WebSocket is closed before the connection is established. @ https://www.bseindia.com/assets/includenew/js/main-G3JIW4M6.js:149
[ 9441451ms] [WARNING] WebSocket connection to 'wss://bnotification.bseindia.com/socket.io/?EIO=4&transport=websocket' failed: WebSocket is closed before the connection is established. @ https://www.bseindia.com/assets/includenew/js/main-G3JIW4M6.js:149
[ 9466459ms] [WARNING] WebSocket connection to 'wss://bnotification.bseindia.com/socket.io/?EIO=4&transport=websocket' failed: WebSocket is closed before the connection is established. @ https://www.bseindia.com/assets/includenew/js/main-G3JIW4M6.js:149
[ 9491468ms] [WARNING] WebSocket connection to 'wss://bnotification.bseindia.com/socket.io/?EIO=4&transport=websocket' failed: WebSocket is closed before the connection is established. @ https://www.bseindia.com/assets/includenew/js/main-G3JIW4M6.js:149
[ 9516471ms] [WARNING] WebSocket connection to 'wss://bnotification.bseindia.com/socket.io/?EIO=4&transport=websocket' failed: WebSocket is closed before the connection is established. @ https://www.bseindia.com/assets/includenew/js/main-G3JIW4M6.js:149
[ 9541485ms] [WARNING] WebSocket connection to 'wss://bnotification.bseindia.com/socket.io/?EIO=4&transport=websocket' failed: WebSocket is closed before the connection is established. @ https://www.bseindia.com/assets/includenew/js/main-G3JIW4M6.js:149
[ 9566492ms] [WARNING] WebSocket connection to 'wss://bnotification.bseindia.com/socket.io/?EIO=4&transport=websocket' failed: WebSocket is closed before the connection is established. @ https://www.bseindia.com/assets/includenew/js/main-G3JIW4M6.js:149
[ 9591501ms] [WARNING] WebSocket connection to 'wss://bnotification.bseindia.com/socket.io/?EIO=4&transport=websocket' failed: WebSocket is closed before the connection is established. @ https://www.bseindia.com/assets/includenew/js/main-G3JIW4M6.js:149
[ 9616511ms] [WARNING] WebSocket connection to 'wss://bnotification.bseindia.com/socket.io/?EIO=4&transport=websocket' failed: WebSocket is closed before the connection is established. @ https://www.bseindia.com/assets/includenew/js/main-G3JIW4M6.js:149
[ 9641519ms] [WARNING] WebSocket connection to 'wss://bnotification.bseindia.com/socket.io/?EIO=4&transport=websocket' failed: WebSocket is closed before the connection is established. @ https://www.bseindia.com/assets/includenew/js/main-G3JIW4M6.js:149
[ 9666525ms] [WARNING] WebSocket connection to 'wss://bnotification.bseindia.com/socket.io/?EIO=4&transport=websocket' failed: WebSocket is closed before the connection is established. @ https://www.bseindia.com/assets/includenew/js/main-G3JIW4M6.js:149
[ 9691535ms] [WARNING] WebSocket connection to 'wss://bnotification.bseindia.com/socket.io/?EIO=4&transport=websocket' failed: WebSocket is closed before the connection is established. @ https://www.bseindia.com/assets/includenew/js/main-G3JIW4M6.js:149
[ 9716543ms] [WARNING] WebSocket connection to 'wss://bnotification.bseindia.com/socket.io/?EIO=4&transport=websocket' failed: WebSocket is closed before the connection is established. @ https://www.bseindia.com/assets/includenew/js/main-G3JIW4M6.js:149
[ 9741552ms] [WARNING] WebSocket connection to 'wss://bnotification.bseindia.com/socket.io/?EIO=4&transport=websocket' failed: WebSocket is closed before the connection is established. @ https://www.bseindia.com/assets/includenew/js/main-G3JIW4M6.js:149
[ 9766560ms] [WARNING] WebSocket connection to 'wss://bnotification.bseindia.com/socket.io/?EIO=4&transport=websocket' failed: WebSocket is closed before the connection is established. @ https://www.bseindia.com/assets/includenew/js/main-G3JIW4M6.js:149
[ 9791569ms] [WARNING] WebSocket connection to 'wss://bnotification.bseindia.com/socket.io/?EIO=4&transport=websocket' failed: WebSocket is closed before the connection is established. @ https://www.bseindia.com/assets/includenew/js/main-G3JIW4M6.js:149
[ 9816577ms] [WARNING] WebSocket connection to 'wss://bnotification.bseindia.com/socket.io/?EIO=4&transport=websocket' failed: WebSocket is closed before the connection is established. @ https://www.bseindia.com/assets/includenew/js/main-G3JIW4M6.js:149
[ 9841585ms] [WARNING] WebSocket connection to 'wss://bnotification.bseindia.com/socket.io/?EIO=4&transport=websocket' failed: WebSocket is closed before the connection is established. @ https://www.bseindia.com/assets/includenew/js/main-G3JIW4M6.js:149
[ 9866592ms] [WARNING] WebSocket connection to 'wss://bnotification.bseindia.com/socket.io/?EIO=4&transport=websocket' failed: WebSocket is closed before the connection is established. @ https://www.bseindia.com/assets/includenew/js/main-G3JIW4M6.js:149
[ 9891599ms] [WARNING] WebSocket connection to 'wss://bnotification.bseindia.com/socket.io/?EIO=4&transport=websocket' failed: WebSocket is closed before the connection is established. @ https://www.bseindia.com/assets/includenew/js/main-G3JIW4M6.js:149
[ 9916611ms] [WARNING] WebSocket connection to 'wss://bnotification.bseindia.com/socket.io/?EIO=4&transport=websocket' failed: WebSocket is closed before the connection is established. @ https://www.bseindia.com/assets/includenew/js/main-G3JIW4M6.js:149
[ 9941619ms] [WARNING] WebSocket connection to 'wss://bnotification.bseindia.com/socket.io/?EIO=4&transport=websocket' failed: WebSocket is closed before the connection is established. @ https://www.bseindia.com/assets/includenew/js/main-G3JIW4M6.js:149
[ 9966627ms] [WARNING] WebSocket connection to 'wss://bnotification.bseindia.com/socket.io/?EIO=4&transport=websocket' failed: WebSocket is closed before the connection is established. @ https://www.bseindia.com/assets/includenew/js/main-G3JIW4M6.js:149
[ 9991634ms] [WARNING] WebSocket connection to 'wss://bnotification.bseindia.com/socket.io/?EIO=4&transport=websocket' failed: WebSocket is closed before the connection is established. @ https://www.bseindia.com/assets/includenew/js/main-G3JIW4M6.js:149
[10016642ms] [WARNING] WebSocket connection to 'wss://bnotification.bseindia.com/socket.io/?EIO=4&transport=websocket' failed: WebSocket is closed before the connection is established. @ https://www.bseindia.com/assets/includenew/js/main-G3JIW4M6.js:149
[10041651ms] [WARNING] WebSocket connection to 'wss://bnotification.bseindia.com/socket.io/?EIO=4&transport=websocket' failed: WebSocket is closed before the connection is established. @ https://www.bseindia.com/assets/includenew/js/main-G3JIW4M6.js:149
[10066660ms] [WARNING] WebSocket connection to 'wss://bnotification.bseindia.com/socket.io/?EIO=4&transport=websocket' failed: WebSocket is closed before the connection is established. @ https://www.bseindia.com/assets/includenew/js/main-G3JIW4M6.js:149
[10091667ms] [WARNING] WebSocket connection to 'wss://bnotification.bseindia.com/socket.io/?EIO=4&transport=websocket' failed: WebSocket is closed before the connection is established. @ https://www.bseindia.com/assets/includenew/js/main-G3JIW4M6.js:149
[10116671ms] [WARNING] WebSocket connection to 'wss://bnotification.bseindia.com/socket.io/?EIO=4&transport=websocket' failed: WebSocket is closed before the connection is established. @ https://www.bseindia.com/assets/includenew/js/main-G3JIW4M6.js:149
[10141684ms] [WARNING] WebSocket connection to 'wss://bnotification.bseindia.com/socket.io/?EIO=4&transport=websocket' failed: WebSocket is closed before the connection is established. @ https://www.bseindia.com/assets/includenew/js/main-G3JIW4M6.js:149
[10166694ms] [WARNING] WebSocket connection to 'wss://bnotification.bseindia.com/socket.io/?EIO=4&transport=websocket' failed: WebSocket is closed before the connection is established. @ https://www.bseindia.com/assets/includenew/js/main-G3JIW4M6.js:149
[10191702ms] [WARNING] WebSocket connection to 'wss://bnotification.bseindia.com/socket.io/?EIO=4&transport=websocket' failed: WebSocket is closed before the connection is established. @ https://www.bseindia.com/assets/includenew/js/main-G3JIW4M6.js:149
[10216710ms] [WARNING] WebSocket connection to 'wss://bnotification.bseindia.com/socket.io/?EIO=4&transport=websocket' failed: WebSocket is closed before the connection is established. @ https://www.bseindia.com/assets/includenew/js/main-G3JIW4M6.js:149
[10241719ms] [WARNING] WebSocket connection to 'wss://bnotification.bseindia.com/socket.io/?EIO=4&transport=websocket' failed: WebSocket is closed before the connection is established. @ https://www.bseindia.com/assets/includenew/js/main-G3JIW4M6.js:149
[10266727ms] [WARNING] WebSocket connection to 'wss://bnotification.bseindia.com/socket.io/?EIO=4&transport=websocket' failed: WebSocket is closed before the connection is established. @ https://www.bseindia.com/assets/includenew/js/main-G3JIW4M6.js:149
[10291735ms] [WARNING] WebSocket connection to 'wss://bnotification.bseindia.com/socket.io/?EIO=4&transport=websocket' failed: WebSocket is closed before the connection is established. @ https://www.bseindia.com/assets/includenew/js/main-G3JIW4M6.js:149
[10316744ms] [WARNING] WebSocket connection to 'wss://bnotification.bseindia.com/socket.io/?EIO=4&transport=websocket' failed: WebSocket is closed before the connection is established. @ https://www.bseindia.com/assets/includenew/js/main-G3JIW4M6.js:149
[10341751ms] [WARNING] WebSocket connection to 'wss://bnotification.bseindia.com/socket.io/?EIO=4&transport=websocket' failed: WebSocket is closed before the connection is established. @ https://www.bseindia.com/assets/includenew/js/main-G3JIW4M6.js:149
[10366756ms] [WARNING] WebSocket connection to 'wss://bnotification.bseindia.com/socket.io/?EIO=4&transport=websocket' failed: WebSocket is closed before the connection is established. @ https://www.bseindia.com/assets/includenew/js/main-G3JIW4M6.js:149
[10391771ms] [WARNING] WebSocket connection to 'wss://bnotification.bseindia.com/socket.io/?EIO=4&transport=websocket' failed: WebSocket is closed before the connection is established. @ https://www.bseindia.com/assets/includenew/js/main-G3JIW4M6.js:149
[10416802ms] [WARNING] WebSocket connection to 'wss://bnotification.bseindia.com/socket.io/?EIO=4&transport=websocket' failed: WebSocket is closed before the connection is established. @ https://www.bseindia.com/assets/includenew/js/main-G3JIW4M6.js:149
[10441824ms] [WARNING] WebSocket connection to 'wss://bnotification.bseindia.com/socket.io/?EIO=4&transport=websocket' failed: WebSocket is closed before the connection is established. @ https://www.bseindia.com/assets/includenew/js/main-G3JIW4M6.js:149
[10466836ms] [WARNING] WebSocket connection to 'wss://bnotification.bseindia.com/socket.io/?EIO=4&transport=websocket' failed: WebSocket is closed before the connection is established. @ https://www.bseindia.com/assets/includenew/js/main-G3JIW4M6.js:149
[10491847ms] [WARNING] WebSocket connection to 'wss://bnotification.bseindia.com/socket.io/?EIO=4&transport=websocket' failed: WebSocket is closed before the connection is established. @ https://www.bseindia.com/assets/includenew/js/main-G3JIW4M6.js:149
[10516856ms] [WARNING] WebSocket connection to 'wss://bnotification.bseindia.com/socket.io/?EIO=4&transport=websocket' failed: WebSocket is closed before the connection is established. @ https://www.bseindia.com/assets/includenew/js/main-G3JIW4M6.js:149
[10541878ms] [WARNING] WebSocket connection to 'wss://bnotification.bseindia.com/socket.io/?EIO=4&transport=websocket' failed: WebSocket is closed before the connection is established. @ https://www.bseindia.com/assets/includenew/js/main-G3JIW4M6.js:149
[10566893ms] [WARNING] WebSocket connection to 'wss://bnotification.bseindia.com/socket.io/?EIO=4&transport=websocket' failed: WebSocket is closed before the connection is established. @ https://www.bseindia.com/assets/includenew/js/main-G3JIW4M6.js:149
[10591912ms] [WARNING] WebSocket connection to 'wss://bnotification.bseindia.com/socket.io/?EIO=4&transport=websocket' failed: WebSocket is closed before the connection is established. @ https://www.bseindia.com/assets/includenew/js/main-G3JIW4M6.js:149
[10616920ms] [WARNING] WebSocket connection to 'wss://bnotification.bseindia.com/socket.io/?EIO=4&transport=websocket' failed: WebSocket is closed before the connection is established. @ https://www.bseindia.com/assets/includenew/js/main-G3JIW4M6.js:149
[10641946ms] [WARNING] WebSocket connection to 'wss://bnotification.bseindia.com/socket.io/?EIO=4&transport=websocket' failed: WebSocket is closed before the connection is established. @ https://www.bseindia.com/assets/includenew/js/main-G3JIW4M6.js:149
[10666957ms] [WARNING] WebSocket connection to 'wss://bnotification.bseindia.com/socket.io/?EIO=4&transport=websocket' failed: WebSocket is closed before the connection is established. @ https://www.bseindia.com/assets/includenew/js/main-G3JIW4M6.js:149
[10691970ms] [WARNING] WebSocket connection to 'wss://bnotification.bseindia.com/socket.io/?EIO=4&transport=websocket' failed: WebSocket is closed before the connection is established. @ https://www.bseindia.com/assets/includenew/js/main-G3JIW4M6.js:149
[10716983ms] [WARNING] WebSocket connection to 'wss://bnotification.bseindia.com/socket.io/?EIO=4&transport=websocket' failed: WebSocket is closed before the connection is established. @ https://www.bseindia.com/assets/includenew/js/main-G3JIW4M6.js:149
[10742005ms] [WARNING] WebSocket connection to 'wss://bnotification.bseindia.com/socket.io/?EIO=4&transport=websocket' failed: WebSocket is closed before the connection is established. @ https://www.bseindia.com/assets/includenew/js/main-G3JIW4M6.js:149
[10767026ms] [WARNING] WebSocket connection to 'wss://bnotification.bseindia.com/socket.io/?EIO=4&transport=websocket' failed: WebSocket is closed before the connection is established. @ https://www.bseindia.com/assets/includenew/js/main-G3JIW4M6.js:149
[10792037ms] [WARNING] WebSocket connection to 'wss://bnotification.bseindia.com/socket.io/?EIO=4&transport=websocket' failed: WebSocket is closed before the connection is established. @ https://www.bseindia.com/assets/includenew/js/main-G3JIW4M6.js:149
[10817047ms] [WARNING] WebSocket connection to 'wss://bnotification.bseindia.com/socket.io/?EIO=4&transport=websocket' failed: WebSocket is closed before the connection is established. @ https://www.bseindia.com/assets/includenew/js/main-G3JIW4M6.js:149
[10842070ms] [WARNING] WebSocket connection to 'wss://bnotification.bseindia.com/socket.io/?EIO=4&transport=websocket' failed: WebSocket is closed before the connection is established. @ https://www.bseindia.com/assets/includenew/js/main-G3JIW4M6.js:149
[10867090ms] [WARNING] WebSocket connection to 'wss://bnotification.bseindia.com/socket.io/?EIO=4&transport=websocket' failed: WebSocket is closed before the connection is established. @ https://www.bseindia.com/assets/includenew/js/main-G3JIW4M6.js:149
[10892111ms] [WARNING] WebSocket connection to 'wss://bnotification.bseindia.com/socket.io/?EIO=4&transport=websocket' failed: WebSocket is closed before the connection is established. @ https://www.bseindia.com/assets/includenew/js/main-G3JIW4M6.js:149
[10917121ms] [WARNING] WebSocket connection to 'wss://bnotification.bseindia.com/socket.io/?EIO=4&transport=websocket' failed: WebSocket is closed before the connection is established. @ https://www.bseindia.com/assets/includenew/js/main-G3JIW4M6.js:149
[10942130ms] [WARNING] WebSocket connection to 'wss://bnotification.bseindia.com/socket.io/?EIO=4&transport=websocket' failed: WebSocket is closed before the connection is established. @ https://www.bseindia.com/assets/includenew/js/main-G3JIW4M6.js:149
[10967136ms] [WARNING] WebSocket connection to 'wss://bnotification.bseindia.com/socket.io/?EIO=4&transport=websocket' failed: WebSocket is closed before the connection is established. @ https://www.bseindia.com/assets/includenew/js/main-G3JIW4M6.js:149
[10992149ms] [WARNING] WebSocket connection to 'wss://bnotification.bseindia.com/socket.io/?EIO=4&transport=websocket' failed: WebSocket is closed before the connection is established. @ https://www.bseindia.com/assets/includenew/js/main-G3JIW4M6.js:149
[11017152ms] [WARNING] WebSocket connection to 'wss://bnotification.bseindia.com/socket.io/?EIO=4&transport=websocket' failed: WebSocket is closed before the connection is established. @ https://www.bseindia.com/assets/includenew/js/main-G3JIW4M6.js:149
[11042166ms] [WARNING] WebSocket connection to 'wss://bnotification.bseindia.com/socket.io/?EIO=4&transport=websocket' failed: WebSocket is closed before the connection is established. @ https://www.bseindia.com/assets/includenew/js/main-G3JIW4M6.js:149
[11067174ms] [WARNING] WebSocket connection to 'wss://bnotification.bseindia.com/socket.io/?EIO=4&transport=websocket' failed: WebSocket is closed before the connection is established. @ https://www.bseindia.com/assets/includenew/js/main-G3JIW4M6.js:149
[11092201ms] [WARNING] WebSocket connection to 'wss://bnotification.bseindia.com/socket.io/?EIO=4&transport=websocket' failed: WebSocket is closed before the connection is established. @ https://www.bseindia.com/assets/includenew/js/main-G3JIW4M6.js:149
[11117209ms] [WARNING] WebSocket connection to 'wss://bnotification.bseindia.com/socket.io/?EIO=4&transport=websocket' failed: WebSocket is closed before the connection is established. @ https://www.bseindia.com/assets/includenew/js/main-G3JIW4M6.js:149
[11142218ms] [WARNING] WebSocket connection to 'wss://bnotification.bseindia.com/socket.io/?EIO=4&transport=websocket' failed: WebSocket is closed before the connection is established. @ https://www.bseindia.com/assets/includenew/js/main-G3JIW4M6.js:149
[11167228ms] [WARNING] WebSocket connection to 'wss://bnotification.bseindia.com/socket.io/?EIO=4&transport=websocket' failed: WebSocket is closed before the connection is established. @ https://www.bseindia.com/assets/includenew/js/main-G3JIW4M6.js:149
[11192243ms] [WARNING] WebSocket connection to 'wss://bnotification.bseindia.com/socket.io/?EIO=4&transport=websocket' failed: WebSocket is closed before the connection is established. @ https://www.bseindia.com/assets/includenew/js/main-G3JIW4M6.js:149
[11217255ms] [WARNING] WebSocket connection to 'wss://bnotification.bseindia.com/socket.io/?EIO=4&transport=websocket' failed: WebSocket is closed before the connection is established. @ https://www.bseindia.com/assets/includenew/js/main-G3JIW4M6.js:149
[11242272ms] [WARNING] WebSocket connection to 'wss://bnotification.bseindia.com/socket.io/?EIO=4&transport=websocket' failed: WebSocket is closed before the connection is established. @ https://www.bseindia.com/assets/includenew/js/main-G3JIW4M6.js:149
[11267282ms] [WARNING] WebSocket connection to 'wss://bnotification.bseindia.com/socket.io/?EIO=4&transport=websocket' failed: WebSocket is closed before the connection is established. @ https://www.bseindia.com/assets/includenew/js/main-G3JIW4M6.js:149
[11292295ms] [WARNING] WebSocket connection to 'wss://bnotification.bseindia.com/socket.io/?EIO=4&transport=websocket' failed: WebSocket is closed before the connection is established. @ https://www.bseindia.com/assets/includenew/js/main-G3JIW4M6.js:149
[11317313ms] [WARNING] WebSocket connection to 'wss://bnotification.bseindia.com/socket.io/?EIO=4&transport=websocket' failed: WebSocket is closed before the connection is established. @ https://www.bseindia.com/assets/includenew/js/main-G3JIW4M6.js:149
[11342327ms] [WARNING] WebSocket connection to 'wss://bnotification.bseindia.com/socket.io/?EIO=4&transport=websocket' failed: WebSocket is closed before the connection is established. @ https://www.bseindia.com/assets/includenew/js/main-G3JIW4M6.js:149
[11367342ms] [WARNING] WebSocket connection to 'wss://bnotification.bseindia.com/socket.io/?EIO=4&transport=websocket' failed: WebSocket is closed before the connection is established. @ https://www.bseindia.com/assets/includenew/js/main-G3JIW4M6.js:149
[11392357ms] [WARNING] WebSocket connection to 'wss://bnotification.bseindia.com/socket.io/?EIO=4&transport=websocket' failed: WebSocket is closed before the connection is established. @ https://www.bseindia.com/assets/includenew/js/main-G3JIW4M6.js:149
[11417367ms] [WARNING] WebSocket connection to 'wss://bnotification.bseindia.com/socket.io/?EIO=4&transport=websocket' failed: WebSocket is closed before the connection is established. @ https://www.bseindia.com/assets/includenew/js/main-G3JIW4M6.js:149
[11442383ms] [WARNING] WebSocket connection to 'wss://bnotification.bseindia.com/socket.io/?EIO=4&transport=websocket' failed: WebSocket is closed before the connection is established. @ https://www.bseindia.com/assets/includenew/js/main-G3JIW4M6.js:149
[11467398ms] [WARNING] WebSocket connection to 'wss://bnotification.bseindia.com/socket.io/?EIO=4&transport=websocket' failed: WebSocket is closed before the connection is established. @ https://www.bseindia.com/assets/includenew/js/main-G3JIW4M6.js:149
[11492414ms] [WARNING] WebSocket connection to 'wss://bnotification.bseindia.com/socket.io/?EIO=4&transport=websocket' failed: WebSocket is closed before the connection is established. @ https://www.bseindia.com/assets/includenew/js/main-G3JIW4M6.js:149
[11517425ms] [WARNING] WebSocket connection to 'wss://bnotification.bseindia.com/socket.io/?EIO=4&transport=websocket' failed: WebSocket is closed before the connection is established. @ https://www.bseindia.com/assets/includenew/js/main-G3JIW4M6.js:149
[11542437ms] [WARNING] WebSocket connection to 'wss://bnotification.bseindia.com/socket.io/?EIO=4&transport=websocket' failed: WebSocket is closed before the connection is established. @ https://www.bseindia.com/assets/includenew/js/main-G3JIW4M6.js:149
[11567448ms] [WARNING] WebSocket connection to 'wss://bnotification.bseindia.com/socket.io/?EIO=4&transport=websocket' failed: WebSocket is closed before the connection is established. @ https://www.bseindia.com/assets/includenew/js/main-G3JIW4M6.js:149
[11592457ms] [WARNING] WebSocket connection to 'wss://bnotification.bseindia.com/socket.io/?EIO=4&transport=websocket' failed: WebSocket is closed before the connection is established. @ https://www.bseindia.com/assets/includenew/js/main-G3JIW4M6.js:149
[11617467ms] [WARNING] WebSocket connection to 'wss://bnotification.bseindia.com/socket.io/?EIO=4&transport=websocket' failed: WebSocket is closed before the connection is established. @ https://www.bseindia.com/assets/includenew/js/main-G3JIW4M6.js:149
[11642492ms] [WARNING] WebSocket connection to 'wss://bnotification.bseindia.com/socket.io/?EIO=4&transport=websocket' failed: WebSocket is closed before the connection is established. @ https://www.bseindia.com/assets/includenew/js/main-G3JIW4M6.js:149
[11667518ms] [WARNING] WebSocket connection to 'wss://bnotification.bseindia.com/socket.io/?EIO=4&transport=websocket' failed: WebSocket is closed before the connection is established. @ https://www.bseindia.com/assets/includenew/js/main-G3JIW4M6.js:149
[11692530ms] [WARNING] WebSocket connection to 'wss://bnotification.bseindia.com/socket.io/?EIO=4&transport=websocket' failed: WebSocket is closed before the connection is established. @ https://www.bseindia.com/assets/includenew/js/main-G3JIW4M6.js:149
[11717543ms] [WARNING] WebSocket connection to 'wss://bnotification.bseindia.com/socket.io/?EIO=4&transport=websocket' failed: WebSocket is closed before the connection is established. @ https://www.bseindia.com/assets/includenew/js/main-G3JIW4M6.js:149
[11742553ms] [WARNING] WebSocket connection to 'wss://bnotification.bseindia.com/socket.io/?EIO=4&transport=websocket' failed: WebSocket is closed before the connection is established. @ https://www.bseindia.com/assets/includenew/js/main-G3JIW4M6.js:149
[11767563ms] [WARNING] WebSocket connection to 'wss://bnotification.bseindia.com/socket.io/?EIO=4&transport=websocket' failed: WebSocket is closed before the connection is established. @ https://www.bseindia.com/assets/includenew/js/main-G3JIW4M6.js:149
[11792569ms] [WARNING] WebSocket connection to 'wss://bnotification.bseindia.com/socket.io/?EIO=4&transport=websocket' failed: WebSocket is closed before the connection is established. @ https://www.bseindia.com/assets/includenew/js/main-G3JIW4M6.js:149
[11817587ms] [WARNING] WebSocket connection to 'wss://bnotification.bseindia.com/socket.io/?EIO=4&transport=websocket' failed: WebSocket is closed before the connection is established. @ https://www.bseindia.com/assets/includenew/js/main-G3JIW4M6.js:149
[11842609ms] [WARNING] WebSocket connection to 'wss://bnotification.bseindia.com/socket.io/?EIO=4&transport=websocket' failed: WebSocket is closed before the connection is established. @ https://www.bseindia.com/assets/includenew/js/main-G3JIW4M6.js:149
[11867621ms] [WARNING] WebSocket connection to 'wss://bnotification.bseindia.com/socket.io/?EIO=4&transport=websocket' failed: WebSocket is closed before the connection is established. @ https://www.bseindia.com/assets/includenew/js/main-G3JIW4M6.js:149
[11892631ms] [WARNING] WebSocket connection to 'wss://bnotification.bseindia.com/socket.io/?EIO=4&transport=websocket' failed: WebSocket is closed before the connection is established. @ https://www.bseindia.com/assets/includenew/js/main-G3JIW4M6.js:149
[11917651ms] [WARNING] WebSocket connection to 'wss://bnotification.bseindia.com/socket.io/?EIO=4&transport=websocket' failed: WebSocket is closed before the connection is established. @ https://www.bseindia.com/assets/includenew/js/main-G3JIW4M6.js:149
[11942678ms] [WARNING] WebSocket connection to 'wss://bnotification.bseindia.com/socket.io/?EIO=4&transport=websocket' failed: WebSocket is closed before the connection is established. @ https://www.bseindia.com/assets/includenew/js/main-G3JIW4M6.js:149
[11967686ms] [WARNING] WebSocket connection to 'wss://bnotification.bseindia.com/socket.io/?EIO=4&transport=websocket' failed: WebSocket is closed before the connection is established. @ https://www.bseindia.com/assets/includenew/js/main-G3JIW4M6.js:149
[11992703ms] [WARNING] WebSocket connection to 'wss://bnotification.bseindia.com/socket.io/?EIO=4&transport=websocket' failed: WebSocket is closed before the connection is established. @ https://www.bseindia.com/assets/includenew/js/main-G3JIW4M6.js:149
[12017713ms] [WARNING] WebSocket connection to 'wss://bnotification.bseindia.com/socket.io/?EIO=4&transport=websocket' failed: WebSocket is closed before the connection is established. @ https://www.bseindia.com/assets/includenew/js/main-G3JIW4M6.js:149
[12042724ms] [WARNING] WebSocket connection to 'wss://bnotification.bseindia.com/socket.io/?EIO=4&transport=websocket' failed: WebSocket is closed before the connection is established. @ https://www.bseindia.com/assets/includenew/js/main-G3JIW4M6.js:149
[12067750ms] [WARNING] WebSocket connection to 'wss://bnotification.bseindia.com/socket.io/?EIO=4&transport=websocket' failed: WebSocket is closed before the connection is established. @ https://www.bseindia.com/assets/includenew/js/main-G3JIW4M6.js:149
[12092771ms] [WARNING] WebSocket connection to 'wss://bnotification.bseindia.com/socket.io/?EIO=4&transport=websocket' failed: WebSocket is closed before the connection is established. @ https://www.bseindia.com/assets/includenew/js/main-G3JIW4M6.js:149
[12117777ms] [WARNING] WebSocket connection to 'wss://bnotification.bseindia.com/socket.io/?EIO=4&transport=websocket' failed: WebSocket is closed before the connection is established. @ https://www.bseindia.com/assets/includenew/js/main-G3JIW4M6.js:149
[12142806ms] [WARNING] WebSocket connection to 'wss://bnotification.bseindia.com/socket.io/?EIO=4&transport=websocket' failed: WebSocket is closed before the connection is established. @ https://www.bseindia.com/assets/includenew/js/main-G3JIW4M6.js:149
[12167830ms] [WARNING] WebSocket connection to 'wss://bnotification.bseindia.com/socket.io/?EIO=4&transport=websocket' failed: WebSocket is closed before the connection is established. @ https://www.bseindia.com/assets/includenew/js/main-G3JIW4M6.js:149
[12192838ms] [WARNING] WebSocket connection to 'wss://bnotification.bseindia.com/socket.io/?EIO=4&transport=websocket' failed: WebSocket is closed before the connection is established. @ https://www.bseindia.com/assets/includenew/js/main-G3JIW4M6.js:149
[12217846ms] [WARNING] WebSocket connection to 'wss://bnotification.bseindia.com/socket.io/?EIO=4&transport=websocket' failed: WebSocket is closed before the connection is established. @ https://www.bseindia.com/assets/includenew/js/main-G3JIW4M6.js:149
[12242849ms] [WARNING] WebSocket connection to 'wss://bnotification.bseindia.com/socket.io/?EIO=4&transport=websocket' failed: WebSocket is closed before the connection is established. @ https://www.bseindia.com/assets/includenew/js/main-G3JIW4M6.js:149
[12267863ms] [WARNING] WebSocket connection to 'wss://bnotification.bseindia.com/socket.io/?EIO=4&transport=websocket' failed: WebSocket is closed before the connection is established. @ https://www.bseindia.com/assets/includenew/js/main-G3JIW4M6.js:149
[12292872ms] [WARNING] WebSocket connection to 'wss://bnotification.bseindia.com/socket.io/?EIO=4&transport=websocket' failed: WebSocket is closed before the connection is established. @ https://www.bseindia.com/assets/includenew/js/main-G3JIW4M6.js:149
[12317880ms] [WARNING] WebSocket connection to 'wss://bnotification.bseindia.com/socket.io/?EIO=4&transport=websocket' failed: WebSocket is closed before the connection is established. @ https://www.bseindia.com/assets/includenew/js/main-G3JIW4M6.js:149
[12342888ms] [WARNING] WebSocket connection to 'wss://bnotification.bseindia.com/socket.io/?EIO=4&transport=websocket' failed: WebSocket is closed before the connection is established. @ https://www.bseindia.com/assets/includenew/js/main-G3JIW4M6.js:149
[12367896ms] [WARNING] WebSocket connection to 'wss://bnotification.bseindia.com/socket.io/?EIO=4&transport=websocket' failed: WebSocket is closed before the connection is established. @ https://www.bseindia.com/assets/includenew/js/main-G3JIW4M6.js:149
[12392903ms] [WARNING] WebSocket connection to 'wss://bnotification.bseindia.com/socket.io/?EIO=4&transport=websocket' failed: WebSocket is closed before the connection is established. @ https://www.bseindia.com/assets/includenew/js/main-G3JIW4M6.js:149
[12417913ms] [WARNING] WebSocket connection to 'wss://bnotification.bseindia.com/socket.io/?EIO=4&transport=websocket' failed: WebSocket is closed before the connection is established. @ https://www.bseindia.com/assets/includenew/js/main-G3JIW4M6.js:149
[12442921ms] [WARNING] WebSocket connection to 'wss://bnotification.bseindia.com/socket.io/?EIO=4&transport=websocket' failed: WebSocket is closed before the connection is established. @ https://www.bseindia.com/assets/includenew/js/main-G3JIW4M6.js:149
[12467930ms] [WARNING] WebSocket connection to 'wss://bnotification.bseindia.com/socket.io/?EIO=4&transport=websocket' failed: WebSocket is closed before the connection is established. @ https://www.bseindia.com/assets/includenew/js/main-G3JIW4M6.js:149
[12492934ms] [WARNING] WebSocket connection to 'wss://bnotification.bseindia.com/socket.io/?EIO=4&transport=websocket' failed: WebSocket is closed before the connection is established. @ https://www.bseindia.com/assets/includenew/js/main-G3JIW4M6.js:149
[12517942ms] [WARNING] WebSocket connection to 'wss://bnotification.bseindia.com/socket.io/?EIO=4&transport=websocket' failed: WebSocket is closed before the connection is established. @ https://www.bseindia.com/assets/includenew/js/main-G3JIW4M6.js:149
[12542952ms] [WARNING] WebSocket connection to 'wss://bnotification.bseindia.com/socket.io/?EIO=4&transport=websocket' failed: WebSocket is closed before the connection is established. @ https://www.bseindia.com/assets/includenew/js/main-G3JIW4M6.js:149
[12567964ms] [WARNING] WebSocket connection to 'wss://bnotification.bseindia.com/socket.io/?EIO=4&transport=websocket' failed: WebSocket is closed before the connection is established. @ https://www.bseindia.com/assets/includenew/js/main-G3JIW4M6.js:149
[12592972ms] [WARNING] WebSocket connection to 'wss://bnotification.bseindia.com/socket.io/?EIO=4&transport=websocket' failed: WebSocket is closed before the connection is established. @ https://www.bseindia.com/assets/includenew/js/main-G3JIW4M6.js:149
[12617980ms] [WARNING] WebSocket connection to 'wss://bnotification.bseindia.com/socket.io/?EIO=4&transport=websocket' failed: WebSocket is closed before the connection is established. @ https://www.bseindia.com/assets/includenew/js/main-G3JIW4M6.js:149
[12642985ms] [WARNING] WebSocket connection to 'wss://bnotification.bseindia.com/socket.io/?EIO=4&transport=websocket' failed: WebSocket is closed before the connection is established. @ https://www.bseindia.com/assets/includenew/js/main-G3JIW4M6.js:149
[12667996ms] [WARNING] WebSocket connection to 'wss://bnotification.bseindia.com/socket.io/?EIO=4&transport=websocket' failed: WebSocket is closed before the connection is established. @ https://www.bseindia.com/assets/includenew/js/main-G3JIW4M6.js:149
[12693005ms] [WARNING] WebSocket connection to 'wss://bnotification.bseindia.com/socket.io/?EIO=4&transport=websocket' failed: WebSocket is closed before the connection is established. @ https://www.bseindia.com/assets/includenew/js/main-G3JIW4M6.js:149
[12718011ms] [WARNING] WebSocket connection to 'wss://bnotification.bseindia.com/socket.io/?EIO=4&transport=websocket' failed: WebSocket is closed before the connection is established. @ https://www.bseindia.com/assets/includenew/js/main-G3JIW4M6.js:149
[12743021ms] [WARNING] WebSocket connection to 'wss://bnotification.bseindia.com/socket.io/?EIO=4&transport=websocket' failed: WebSocket is closed before the connection is established. @ https://www.bseindia.com/assets/includenew/js/main-G3JIW4M6.js:149
[12768031ms] [WARNING] WebSocket connection to 'wss://bnotification.bseindia.com/socket.io/?EIO=4&transport=websocket' failed: WebSocket is closed before the connection is established. @ https://www.bseindia.com/assets/includenew/js/main-G3JIW4M6.js:149
[12793040ms] [WARNING] WebSocket connection to 'wss://bnotification.bseindia.com/socket.io/?EIO=4&transport=websocket' failed: WebSocket is closed before the connection is established. @ https://www.bseindia.com/assets/includenew/js/main-G3JIW4M6.js:149
[12818060ms] [WARNING] WebSocket connection to 'wss://bnotification.bseindia.com/socket.io/?EIO=4&transport=websocket' failed: WebSocket is closed before the connection is established. @ https://www.bseindia.com/assets/includenew/js/main-G3JIW4M6.js:149
[12843068ms] [WARNING] WebSocket connection to 'wss://bnotification.bseindia.com/socket.io/?EIO=4&transport=websocket' failed: WebSocket is closed before the connection is established. @ https://www.bseindia.com/assets/includenew/js/main-G3JIW4M6.js:149
[12868076ms] [WARNING] WebSocket connection to 'wss://bnotification.bseindia.com/socket.io/?EIO=4&transport=websocket' failed: WebSocket is closed before the connection is established. @ https://www.bseindia.com/assets/includenew/js/main-G3JIW4M6.js:149
[12893085ms] [WARNING] WebSocket connection to 'wss://bnotification.bseindia.com/socket.io/?EIO=4&transport=websocket' failed: WebSocket is closed before the connection is established. @ https://www.bseindia.com/assets/includenew/js/main-G3JIW4M6.js:149
[12918087ms] [WARNING] WebSocket connection to 'wss://bnotification.bseindia.com/socket.io/?EIO=4&transport=websocket' failed: WebSocket is closed before the connection is established. @ https://www.bseindia.com/assets/includenew/js/main-G3JIW4M6.js:149
[12943104ms] [WARNING] WebSocket connection to 'wss://bnotification.bseindia.com/socket.io/?EIO=4&transport=websocket' failed: WebSocket is closed before the connection is established. @ https://www.bseindia.com/assets/includenew/js/main-G3JIW4M6.js:149
[12968128ms] [WARNING] WebSocket connection to 'wss://bnotification.bseindia.com/socket.io/?EIO=4&transport=websocket' failed: WebSocket is closed before the connection is established. @ https://www.bseindia.com/assets/includenew/js/main-G3JIW4M6.js:149
[12993154ms] [WARNING] WebSocket connection to 'wss://bnotification.bseindia.com/socket.io/?EIO=4&transport=websocket' failed: WebSocket is closed before the connection is established. @ https://www.bseindia.com/assets/includenew/js/main-G3JIW4M6.js:149
[13018168ms] [WARNING] WebSocket connection to 'wss://bnotification.bseindia.com/socket.io/?EIO=4&transport=websocket' failed: WebSocket is closed before the connection is established. @ https://www.bseindia.com/assets/includenew/js/main-G3JIW4M6.js:149
[13043180ms] [WARNING] WebSocket connection to 'wss://bnotification.bseindia.com/socket.io/?EIO=4&transport=websocket' failed: WebSocket is closed before the connection is established. @ https://www.bseindia.com/assets/includenew/js/main-G3JIW4M6.js:149
[13068192ms] [WARNING] WebSocket connection to 'wss://bnotification.bseindia.com/socket.io/?EIO=4&transport=websocket' failed: WebSocket is closed before the connection is established. @ https://www.bseindia.com/assets/includenew/js/main-G3JIW4M6.js:149
[13093197ms] [WARNING] WebSocket connection to 'wss://bnotification.bseindia.com/socket.io/?EIO=4&transport=websocket' failed: WebSocket is closed before the connection is established. @ https://www.bseindia.com/assets/includenew/js/main-G3JIW4M6.js:149
[13118226ms] [WARNING] WebSocket connection to 'wss://bnotification.bseindia.com/socket.io/?EIO=4&transport=websocket' failed: WebSocket is closed before the connection is established. @ https://www.bseindia.com/assets/includenew/js/main-G3JIW4M6.js:149
[13143245ms] [WARNING] WebSocket connection to 'wss://bnotification.bseindia.com/socket.io/?EIO=4&transport=websocket' failed: WebSocket is closed before the connection is established. @ https://www.bseindia.com/assets/includenew/js/main-G3JIW4M6.js:149
[13168257ms] [WARNING] WebSocket connection to 'wss://bnotification.bseindia.com/socket.io/?EIO=4&transport=websocket' failed: WebSocket is closed before the connection is established. @ https://www.bseindia.com/assets/includenew/js/main-G3JIW4M6.js:149
[13193269ms] [WARNING] WebSocket connection to 'wss://bnotification.bseindia.com/socket.io/?EIO=4&transport=websocket' failed: WebSocket is closed before the connection is established. @ https://www.bseindia.com/assets/includenew/js/main-G3JIW4M6.js:149
[13218288ms] [WARNING] WebSocket connection to 'wss://bnotification.bseindia.com/socket.io/?EIO=4&transport=websocket' failed: WebSocket is closed before the connection is established. @ https://www.bseindia.com/assets/includenew/js/main-G3JIW4M6.js:149
[13243297ms] [WARNING] WebSocket connection to 'wss://bnotification.bseindia.com/socket.io/?EIO=4&transport=websocket' failed: WebSocket is closed before the connection is established. @ https://www.bseindia.com/assets/includenew/js/main-G3JIW4M6.js:149
[13268319ms] [WARNING] WebSocket connection to 'wss://bnotification.bseindia.com/socket.io/?EIO=4&transport=websocket' failed: WebSocket is closed before the connection is established. @ https://www.bseindia.com/assets/includenew/js/main-G3JIW4M6.js:149
[13293326ms] [WARNING] WebSocket connection to 'wss://bnotification.bseindia.com/socket.io/?EIO=4&transport=websocket' failed: WebSocket is closed before the connection is established. @ https://www.bseindia.com/assets/includenew/js/main-G3JIW4M6.js:149
[13318348ms] [WARNING] WebSocket connection to 'wss://bnotification.bseindia.com/socket.io/?EIO=4&transport=websocket' failed: WebSocket is closed before the connection is established. @ https://www.bseindia.com/assets/includenew/js/main-G3JIW4M6.js:149
[13343374ms] [WARNING] WebSocket connection to 'wss://bnotification.bseindia.com/socket.io/?EIO=4&transport=websocket' failed: WebSocket is closed before the connection is established. @ https://www.bseindia.com/assets/includenew/js/main-G3JIW4M6.js:149
[13368390ms] [WARNING] WebSocket connection to 'wss://bnotification.bseindia.com/socket.io/?EIO=4&transport=websocket' failed: WebSocket is closed before the connection is established. @ https://www.bseindia.com/assets/includenew/js/main-G3JIW4M6.js:149
[13393402ms] [WARNING] WebSocket connection to 'wss://bnotification.bseindia.com/socket.io/?EIO=4&transport=websocket' failed: WebSocket is closed before the connection is established. @ https://www.bseindia.com/assets/includenew/js/main-G3JIW4M6.js:149
[13418430ms] [WARNING] WebSocket connection to 'wss://bnotification.bseindia.com/socket.io/?EIO=4&transport=websocket' failed: WebSocket is closed before the connection is established. @ https://www.bseindia.com/assets/includenew/js/main-G3JIW4M6.js:149
[13443443ms] [WARNING] WebSocket connection to 'wss://bnotification.bseindia.com/socket.io/?EIO=4&transport=websocket' failed: WebSocket is closed before the connection is established. @ https://www.bseindia.com/assets/includenew/js/main-G3JIW4M6.js:149
[13468463ms] [WARNING] WebSocket connection to 'wss://bnotification.bseindia.com/socket.io/?EIO=4&transport=websocket' failed: WebSocket is closed before the connection is established. @ https://www.bseindia.com/assets/includenew/js/main-G3JIW4M6.js:149
[13493472ms] [WARNING] WebSocket connection to 'wss://bnotification.bseindia.com/socket.io/?EIO=4&transport=websocket' failed: WebSocket is closed before the connection is established. @ https://www.bseindia.com/assets/includenew/js/main-G3JIW4M6.js:149
[13518489ms] [WARNING] WebSocket connection to 'wss://bnotification.bseindia.com/socket.io/?EIO=4&transport=websocket' failed: WebSocket is closed before the connection is established. @ https://www.bseindia.com/assets/includenew/js/main-G3JIW4M6.js:149
[13543496ms] [WARNING] WebSocket connection to 'wss://bnotification.bseindia.com/socket.io/?EIO=4&transport=websocket' failed: WebSocket is closed before the connection is established. @ https://www.bseindia.com/assets/includenew/js/main-G3JIW4M6.js:149
[13568509ms] [WARNING] WebSocket connection to 'wss://bnotification.bseindia.com/socket.io/?EIO=4&transport=websocket' failed: WebSocket is closed before the connection is established. @ https://www.bseindia.com/assets/includenew/js/main-G3JIW4M6.js:149
[13593535ms] [WARNING] WebSocket connection to 'wss://bnotification.bseindia.com/socket.io/?EIO=4&transport=websocket' failed: WebSocket is closed before the connection is established. @ https://www.bseindia.com/assets/includenew/js/main-G3JIW4M6.js:149
[13618558ms] [WARNING] WebSocket connection to 'wss://bnotification.bseindia.com/socket.io/?EIO=4&transport=websocket' failed: WebSocket is closed before the connection is established. @ https://www.bseindia.com/assets/includenew/js/main-G3JIW4M6.js:149
[13643572ms] [WARNING] WebSocket connection to 'wss://bnotification.bseindia.com/socket.io/?EIO=4&transport=websocket' failed: WebSocket is closed before the connection is established. @ https://www.bseindia.com/assets/includenew/js/main-G3JIW4M6.js:149
[13668592ms] [WARNING] WebSocket connection to 'wss://bnotification.bseindia.com/socket.io/?EIO=4&transport=websocket' failed: WebSocket is closed before the connection is established. @ https://www.bseindia.com/assets/includenew/js/main-G3JIW4M6.js:149
[13693605ms] [WARNING] WebSocket connection to 'wss://bnotification.bseindia.com/socket.io/?EIO=4&transport=websocket' failed: WebSocket is closed before the connection is established. @ https://www.bseindia.com/assets/includenew/js/main-G3JIW4M6.js:149
[13718623ms] [WARNING] WebSocket connection to 'wss://bnotification.bseindia.com/socket.io/?EIO=4&transport=websocket' failed: WebSocket is closed before the connection is established. @ https://www.bseindia.com/assets/includenew/js/main-G3JIW4M6.js:149
[13743643ms] [WARNING] WebSocket connection to 'wss://bnotification.bseindia.com/socket.io/?EIO=4&transport=websocket' failed: WebSocket is closed before the connection is established. @ https://www.bseindia.com/assets/includenew/js/main-G3JIW4M6.js:149
[13768668ms] [WARNING] WebSocket connection to 'wss://bnotification.bseindia.com/socket.io/?EIO=4&transport=websocket' failed: WebSocket is closed before the connection is established. @ https://www.bseindia.com/assets/includenew/js/main-G3JIW4M6.js:149
[13793677ms] [WARNING] WebSocket connection to 'wss://bnotification.bseindia.com/socket.io/?EIO=4&transport=websocket' failed: WebSocket is closed before the connection is established. @ https://www.bseindia.com/assets/includenew/js/main-G3JIW4M6.js:149
[13818688ms] [WARNING] WebSocket connection to 'wss://bnotification.bseindia.com/socket.io/?EIO=4&transport=websocket' failed: WebSocket is closed before the connection is established. @ https://www.bseindia.com/assets/includenew/js/main-G3JIW4M6.js:149
[13843700ms] [WARNING] WebSocket connection to 'wss://bnotification.bseindia.com/socket.io/?EIO=4&transport=websocket' failed: WebSocket is closed before the connection is established. @ https://www.bseindia.com/assets/includenew/js/main-G3JIW4M6.js:149
[13868712ms] [WARNING] WebSocket connection to 'wss://bnotification.bseindia.com/socket.io/?EIO=4&transport=websocket' failed: WebSocket is closed before the connection is established. @ https://www.bseindia.com/assets/includenew/js/main-G3JIW4M6.js:149
[13893723ms] [WARNING] WebSocket connection to 'wss://bnotification.bseindia.com/socket.io/?EIO=4&transport=websocket' failed: WebSocket is closed before the connection is established. @ https://www.bseindia.com/assets/includenew/js/main-G3JIW4M6.js:149
[13918732ms] [WARNING] WebSocket connection to 'wss://bnotification.bseindia.com/socket.io/?EIO=4&transport=websocket' failed: WebSocket is closed before the connection is established. @ https://www.bseindia.com/assets/includenew/js/main-G3JIW4M6.js:149
[13943741ms] [WARNING] WebSocket connection to 'wss://bnotification.bseindia.com/socket.io/?EIO=4&transport=websocket' failed: WebSocket is closed before the connection is established. @ https://www.bseindia.com/assets/includenew/js/main-G3JIW4M6.js:149
[13968749ms] [WARNING] WebSocket connection to 'wss://bnotification.bseindia.com/socket.io/?EIO=4&transport=websocket' failed: WebSocket is closed before the connection is established. @ https://www.bseindia.com/assets/includenew/js/main-G3JIW4M6.js:149
[13993757ms] [WARNING] WebSocket connection to 'wss://bnotification.bseindia.com/socket.io/?EIO=4&transport=websocket' failed: WebSocket is closed before the connection is established. @ https://www.bseindia.com/assets/includenew/js/main-G3JIW4M6.js:149
[14018765ms] [WARNING] WebSocket connection to 'wss://bnotification.bseindia.com/socket.io/?EIO=4&transport=websocket' failed: WebSocket is closed before the connection is established. @ https://www.bseindia.com/assets/includenew/js/main-G3JIW4M6.js:149
[14043772ms] [WARNING] WebSocket connection to 'wss://bnotification.bseindia.com/socket.io/?EIO=4&transport=websocket' failed: WebSocket is closed before the connection is established. @ https://www.bseindia.com/assets/includenew/js/main-G3JIW4M6.js:149
[14068782ms] [WARNING] WebSocket connection to 'wss://bnotification.bseindia.com/socket.io/?EIO=4&transport=websocket' failed: WebSocket is closed before the connection is established. @ https://www.bseindia.com/assets/includenew/js/main-G3JIW4M6.js:149
[14093790ms] [WARNING] WebSocket connection to 'wss://bnotification.bseindia.com/socket.io/?EIO=4&transport=websocket' failed: WebSocket is closed before the connection is established. @ https://www.bseindia.com/assets/includenew/js/main-G3JIW4M6.js:149
[14118797ms] [WARNING] WebSocket connection to 'wss://bnotification.bseindia.com/socket.io/?EIO=4&transport=websocket' failed: WebSocket is closed before the connection is established. @ https://www.bseindia.com/assets/includenew/js/main-G3JIW4M6.js:149
[14143807ms] [WARNING] WebSocket connection to 'wss://bnotification.bseindia.com/socket.io/?EIO=4&transport=websocket' failed: WebSocket is closed before the connection is established. @ https://www.bseindia.com/assets/includenew/js/main-G3JIW4M6.js:149
[14168815ms] [WARNING] WebSocket connection to 'wss://bnotification.bseindia.com/socket.io/?EIO=4&transport=websocket' failed: WebSocket is closed before the connection is established. @ https://www.bseindia.com/assets/includenew/js/main-G3JIW4M6.js:149
[14193823ms] [WARNING] WebSocket connection to 'wss://bnotification.bseindia.com/socket.io/?EIO=4&transport=websocket' failed: WebSocket is closed before the connection is established. @ https://www.bseindia.com/assets/includenew/js/main-G3JIW4M6.js:149
[14218829ms] [WARNING] WebSocket connection to 'wss://bnotification.bseindia.com/socket.io/?EIO=4&transport=websocket' failed: WebSocket is closed before the connection is established. @ https://www.bseindia.com/assets/includenew/js/main-G3JIW4M6.js:149
[14243839ms] [WARNING] WebSocket connection to 'wss://bnotification.bseindia.com/socket.io/?EIO=4&transport=websocket' failed: WebSocket is closed before the connection is established. @ https://www.bseindia.com/assets/includenew/js/main-G3JIW4M6.js:149
[14268848ms] [WARNING] WebSocket connection to 'wss://bnotification.bseindia.com/socket.io/?EIO=4&transport=websocket' failed: WebSocket is closed before the connection is established. @ https://www.bseindia.com/assets/includenew/js/main-G3JIW4M6.js:149
[14293852ms] [WARNING] WebSocket connection to 'wss://bnotification.bseindia.com/socket.io/?EIO=4&transport=websocket' failed: WebSocket is closed before the connection is established. @ https://www.bseindia.com/assets/includenew/js/main-G3JIW4M6.js:149
[14318857ms] [WARNING] WebSocket connection to 'wss://bnotification.bseindia.com/socket.io/?EIO=4&transport=websocket' failed: WebSocket is closed before the connection is established. @ https://www.bseindia.com/assets/includenew/js/main-G3JIW4M6.js:149
[14343874ms] [WARNING] WebSocket connection to 'wss://bnotification.bseindia.com/socket.io/?EIO=4&transport=websocket' failed: WebSocket is closed before the connection is established. @ https://www.bseindia.com/assets/includenew/js/main-G3JIW4M6.js:149
[14368878ms] [WARNING] WebSocket connection to 'wss://bnotification.bseindia.com/socket.io/?EIO=4&transport=websocket' failed: WebSocket is closed before the connection is established. @ https://www.bseindia.com/assets/includenew/js/main-G3JIW4M6.js:149
[14393886ms] [WARNING] WebSocket connection to 'wss://bnotification.bseindia.com/socket.io/?EIO=4&transport=websocket' failed: WebSocket is closed before the connection is established. @ https://www.bseindia.com/assets/includenew/js/main-G3JIW4M6.js:149
[14418893ms] [WARNING] WebSocket connection to 'wss://bnotification.bseindia.com/socket.io/?EIO=4&transport=websocket' failed: WebSocket is closed before the connection is established. @ https://www.bseindia.com/assets/includenew/js/main-G3JIW4M6.js:149
[14443905ms] [WARNING] WebSocket connection to 'wss://bnotification.bseindia.com/socket.io/?EIO=4&transport=websocket' failed: WebSocket is closed before the connection is established. @ https://www.bseindia.com/assets/includenew/js/main-G3JIW4M6.js:149
[14468916ms] [WARNING] WebSocket connection to 'wss://bnotification.bseindia.com/socket.io/?EIO=4&transport=websocket' failed: WebSocket is closed before the connection is established. @ https://www.bseindia.com/assets/includenew/js/main-G3JIW4M6.js:149
[14493924ms] [WARNING] WebSocket connection to 'wss://bnotification.bseindia.com/socket.io/?EIO=4&transport=websocket' failed: WebSocket is closed before the connection is established. @ https://www.bseindia.com/assets/includenew/js/main-G3JIW4M6.js:149
[14518933ms] [WARNING] WebSocket connection to 'wss://bnotification.bseindia.com/socket.io/?EIO=4&transport=websocket' failed: WebSocket is closed before the connection is established. @ https://www.bseindia.com/assets/includenew/js/main-G3JIW4M6.js:149
[14543940ms] [WARNING] WebSocket connection to 'wss://bnotification.bseindia.com/socket.io/?EIO=4&transport=websocket' failed: WebSocket is closed before the connection is established. @ https://www.bseindia.com/assets/includenew/js/main-G3JIW4M6.js:149
[14568945ms] [WARNING] WebSocket connection to 'wss://bnotification.bseindia.com/socket.io/?EIO=4&transport=websocket' failed: WebSocket is closed before the connection is established. @ https://www.bseindia.com/assets/includenew/js/main-G3JIW4M6.js:149
[14593957ms] [WARNING] WebSocket connection to 'wss://bnotification.bseindia.com/socket.io/?EIO=4&transport=websocket' failed: WebSocket is closed before the connection is established. @ https://www.bseindia.com/assets/includenew/js/main-G3JIW4M6.js:149
[14618965ms] [WARNING] WebSocket connection to 'wss://bnotification.bseindia.com/socket.io/?EIO=4&transport=websocket' failed: WebSocket is closed before the connection is established. @ https://www.bseindia.com/assets/includenew/js/main-G3JIW4M6.js:149
[14643974ms] [WARNING] WebSocket connection to 'wss://bnotification.bseindia.com/socket.io/?EIO=4&transport=websocket' failed: WebSocket is closed before the connection is established. @ https://www.bseindia.com/assets/includenew/js/main-G3JIW4M6.js:149
[14668982ms] [WARNING] WebSocket connection to 'wss://bnotification.bseindia.com/socket.io/?EIO=4&transport=websocket' failed: WebSocket is closed before the connection is established. @ https://www.bseindia.com/assets/includenew/js/main-G3JIW4M6.js:149
[14693990ms] [WARNING] WebSocket connection to 'wss://bnotification.bseindia.com/socket.io/?EIO=4&transport=websocket' failed: WebSocket is closed before the connection is established. @ https://www.bseindia.com/assets/includenew/js/main-G3JIW4M6.js:149
[14718999ms] [WARNING] WebSocket connection to 'wss://bnotification.bseindia.com/socket.io/?EIO=4&transport=websocket' failed: WebSocket is closed before the connection is established. @ https://www.bseindia.com/assets/includenew/js/main-G3JIW4M6.js:149
[14744003ms] [WARNING] WebSocket connection to 'wss://bnotification.bseindia.com/socket.io/?EIO=4&transport=websocket' failed: WebSocket is closed before the connection is established. @ https://www.bseindia.com/assets/includenew/js/main-G3JIW4M6.js:149
[14769015ms] [WARNING] WebSocket connection to 'wss://bnotification.bseindia.com/socket.io/?EIO=4&transport=websocket' failed: WebSocket is closed before the connection is established. @ https://www.bseindia.com/assets/includenew/js/main-G3JIW4M6.js:149
[14794024ms] [WARNING] WebSocket connection to 'wss://bnotification.bseindia.com/socket.io/?EIO=4&transport=websocket' failed: WebSocket is closed before the connection is established. @ https://www.bseindia.com/assets/includenew/js/main-G3JIW4M6.js:149
[14819032ms] [WARNING] WebSocket connection to 'wss://bnotification.bseindia.com/socket.io/?EIO=4&transport=websocket' failed: WebSocket is closed before the connection is established. @ https://www.bseindia.com/assets/includenew/js/main-G3JIW4M6.js:149
[14844041ms] [WARNING] WebSocket connection to 'wss://bnotification.bseindia.com/socket.io/?EIO=4&transport=websocket' failed: WebSocket is closed before the connection is established. @ https://www.bseindia.com/assets/includenew/js/main-G3JIW4M6.js:149
[14869045ms] [WARNING] WebSocket connection to 'wss://bnotification.bseindia.com/socket.io/?EIO=4&transport=websocket' failed: WebSocket is closed before the connection is established. @ https://www.bseindia.com/assets/includenew/js/main-G3JIW4M6.js:149
[14894052ms] [WARNING] WebSocket connection to 'wss://bnotification.bseindia.com/socket.io/?EIO=4&transport=websocket' failed: WebSocket is closed before the connection is established. @ https://www.bseindia.com/assets/includenew/js/main-G3JIW4M6.js:149
[14919063ms] [WARNING] WebSocket connection to 'wss://bnotification.bseindia.com/socket.io/?EIO=4&transport=websocket' failed: WebSocket is closed before the connection is established. @ https://www.bseindia.com/assets/includenew/js/main-G3JIW4M6.js:149
[14944074ms] [WARNING] WebSocket connection to 'wss://bnotification.bseindia.com/socket.io/?EIO=4&transport=websocket' failed: WebSocket is closed before the connection is established. @ https://www.bseindia.com/assets/includenew/js/main-G3JIW4M6.js:149
[14969082ms] [WARNING] WebSocket connection to 'wss://bnotification.bseindia.com/socket.io/?EIO=4&transport=websocket' failed: WebSocket is closed before the connection is established. @ https://www.bseindia.com/assets/includenew/js/main-G3JIW4M6.js:149
[14994091ms] [WARNING] WebSocket connection to 'wss://bnotification.bseindia.com/socket.io/?EIO=4&transport=websocket' failed: WebSocket is closed before the connection is established. @ https://www.bseindia.com/assets/includenew/js/main-G3JIW4M6.js:149
[15019099ms] [WARNING] WebSocket connection to 'wss://bnotification.bseindia.com/socket.io/?EIO=4&transport=websocket' failed: WebSocket is closed before the connection is established. @ https://www.bseindia.com/assets/includenew/js/main-G3JIW4M6.js:149
[15044107ms] [WARNING] WebSocket connection to 'wss://bnotification.bseindia.com/socket.io/?EIO=4&transport=websocket' failed: WebSocket is closed before the connection is established. @ https://www.bseindia.com/assets/includenew/js/main-G3JIW4M6.js:149
[15069113ms] [WARNING] WebSocket connection to 'wss://bnotification.bseindia.com/socket.io/?EIO=4&transport=websocket' failed: WebSocket is closed before the connection is established. @ https://www.bseindia.com/assets/includenew/js/main-G3JIW4M6.js:149
[15094124ms] [WARNING] WebSocket connection to 'wss://bnotification.bseindia.com/socket.io/?EIO=4&transport=websocket' failed: WebSocket is closed before the connection is established. @ https://www.bseindia.com/assets/includenew/js/main-G3JIW4M6.js:149
[15119132ms] [WARNING] WebSocket connection to 'wss://bnotification.bseindia.com/socket.io/?EIO=4&transport=websocket' failed: WebSocket is closed before the connection is established. @ https://www.bseindia.com/assets/includenew/js/main-G3JIW4M6.js:149
[15144141ms] [WARNING] WebSocket connection to 'wss://bnotification.bseindia.com/socket.io/?EIO=4&transport=websocket' failed: WebSocket is closed before the connection is established. @ https://www.bseindia.com/assets/includenew/js/main-G3JIW4M6.js:149
[15169149ms] [WARNING] WebSocket connection to 'wss://bnotification.bseindia.com/socket.io/?EIO=4&transport=websocket' failed: WebSocket is closed before the connection is established. @ https://www.bseindia.com/assets/includenew/js/main-G3JIW4M6.js:149
[15194157ms] [WARNING] WebSocket connection to 'wss://bnotification.bseindia.com/socket.io/?EIO=4&transport=websocket' failed: WebSocket is closed before the connection is established. @ https://www.bseindia.com/assets/includenew/js/main-G3JIW4M6.js:149
[15219161ms] [WARNING] WebSocket connection to 'wss://bnotification.bseindia.com/socket.io/?EIO=4&transport=websocket' failed: WebSocket is closed before the connection is established. @ https://www.bseindia.com/assets/includenew/js/main-G3JIW4M6.js:149
[15244168ms] [WARNING] WebSocket connection to 'wss://bnotification.bseindia.com/socket.io/?EIO=4&transport=websocket' failed: WebSocket is closed before the connection is established. @ https://www.bseindia.com/assets/includenew/js/main-G3JIW4M6.js:149
[15269179ms] [WARNING] WebSocket connection to 'wss://bnotification.bseindia.com/socket.io/?EIO=4&transport=websocket' failed: WebSocket is closed before the connection is established. @ https://www.bseindia.com/assets/includenew/js/main-G3JIW4M6.js:149
[15294191ms] [WARNING] WebSocket connection to 'wss://bnotification.bseindia.com/socket.io/?EIO=4&transport=websocket' failed: WebSocket is closed before the connection is established. @ https://www.bseindia.com/assets/includenew/js/main-G3JIW4M6.js:149
[15319193ms] [WARNING] WebSocket connection to 'wss://bnotification.bseindia.com/socket.io/?EIO=4&transport=websocket' failed: WebSocket is closed before the connection is established. @ https://www.bseindia.com/assets/includenew/js/main-G3JIW4M6.js:149
[15344206ms] [WARNING] WebSocket connection to 'wss://bnotification.bseindia.com/socket.io/?EIO=4&transport=websocket' failed: WebSocket is closed before the connection is established. @ https://www.bseindia.com/assets/includenew/js/main-G3JIW4M6.js:149
[15369214ms] [WARNING] WebSocket connection to 'wss://bnotification.bseindia.com/socket.io/?EIO=4&transport=websocket' failed: WebSocket is closed before the connection is established. @ https://www.bseindia.com/assets/includenew/js/main-G3JIW4M6.js:149
[15394224ms] [WARNING] WebSocket connection to 'wss://bnotification.bseindia.com/socket.io/?EIO=4&transport=websocket' failed: WebSocket is closed before the connection is established. @ https://www.bseindia.com/assets/includenew/js/main-G3JIW4M6.js:149
[15419232ms] [WARNING] WebSocket connection to 'wss://bnotification.bseindia.com/socket.io/?EIO=4&transport=websocket' failed: WebSocket is closed before the connection is established. @ https://www.bseindia.com/assets/includenew/js/main-G3JIW4M6.js:149
[15444237ms] [WARNING] WebSocket connection to 'wss://bnotification.bseindia.com/socket.io/?EIO=4&transport=websocket' failed: WebSocket is closed before the connection is established. @ https://www.bseindia.com/assets/includenew/js/main-G3JIW4M6.js:149
[15469250ms] [WARNING] WebSocket connection to 'wss://bnotification.bseindia.com/socket.io/?EIO=4&transport=websocket' failed: WebSocket is closed before the connection is established. @ https://www.bseindia.com/assets/includenew/js/main-G3JIW4M6.js:149
[15494258ms] [WARNING] WebSocket connection to 'wss://bnotification.bseindia.com/socket.io/?EIO=4&transport=websocket' failed: WebSocket is closed before the connection is established. @ https://www.bseindia.com/assets/includenew/js/main-G3JIW4M6.js:149
[15519266ms] [WARNING] WebSocket connection to 'wss://bnotification.bseindia.com/socket.io/?EIO=4&transport=websocket' failed: WebSocket is closed before the connection is established. @ https://www.bseindia.com/assets/includenew/js/main-G3JIW4M6.js:149
[15544270ms] [WARNING] WebSocket connection to 'wss://bnotification.bseindia.com/socket.io/?EIO=4&transport=websocket' failed: WebSocket is closed before the connection is established. @ https://www.bseindia.com/assets/includenew/js/main-G3JIW4M6.js:149
[15569279ms] [WARNING] WebSocket connection to 'wss://bnotification.bseindia.com/socket.io/?EIO=4&transport=websocket' failed: WebSocket is closed before the connection is established. @ https://www.bseindia.com/assets/includenew/js/main-G3JIW4M6.js:149
[15594291ms] [WARNING] WebSocket connection to 'wss://bnotification.bseindia.com/socket.io/?EIO=4&transport=websocket' failed: WebSocket is closed before the connection is established. @ https://www.bseindia.com/assets/includenew/js/main-G3JIW4M6.js:149
[15619298ms] [WARNING] WebSocket connection to 'wss://bnotification.bseindia.com/socket.io/?EIO=4&transport=websocket' failed: WebSocket is closed before the connection is established. @ https://www.bseindia.com/assets/includenew/js/main-G3JIW4M6.js:149
[15644307ms] [WARNING] WebSocket connection to 'wss://bnotification.bseindia.com/socket.io/?EIO=4&transport=websocket' failed: WebSocket is closed before the connection is established. @ https://www.bseindia.com/assets/includenew/js/main-G3JIW4M6.js:149
[15669315ms] [WARNING] WebSocket connection to 'wss://bnotification.bseindia.com/socket.io/?EIO=4&transport=websocket' failed: WebSocket is closed before the connection is established. @ https://www.bseindia.com/assets/includenew/js/main-G3JIW4M6.js:149
[15694324ms] [WARNING] WebSocket connection to 'wss://bnotification.bseindia.com/socket.io/?EIO=4&transport=websocket' failed: WebSocket is closed before the connection is established. @ https://www.bseindia.com/assets/includenew/js/main-G3JIW4M6.js:149
[15719332ms] [WARNING] WebSocket connection to 'wss://bnotification.bseindia.com/socket.io/?EIO=4&transport=websocket' failed: WebSocket is closed before the connection is established. @ https://www.bseindia.com/assets/includenew/js/main-G3JIW4M6.js:149
[15744340ms] [WARNING] WebSocket connection to 'wss://bnotification.bseindia.com/socket.io/?EIO=4&transport=websocket' failed: WebSocket is closed before the connection is established. @ https://www.bseindia.com/assets/includenew/js/main-G3JIW4M6.js:149
[15769349ms] [WARNING] WebSocket connection to 'wss://bnotification.bseindia.com/socket.io/?EIO=4&transport=websocket' failed: WebSocket is closed before the connection is established. @ https://www.bseindia.com/assets/includenew/js/main-G3JIW4M6.js:149
[15794358ms] [WARNING] WebSocket connection to 'wss://bnotification.bseindia.com/socket.io/?EIO=4&transport=websocket' failed: WebSocket is closed before the connection is established. @ https://www.bseindia.com/assets/includenew/js/main-G3JIW4M6.js:149
[15819372ms] [WARNING] WebSocket connection to 'wss://bnotification.bseindia.com/socket.io/?EIO=4&transport=websocket' failed: WebSocket is closed before the connection is established. @ https://www.bseindia.com/assets/includenew/js/main-G3JIW4M6.js:149
[15844381ms] [WARNING] WebSocket connection to 'wss://bnotification.bseindia.com/socket.io/?EIO=4&transport=websocket' failed: WebSocket is closed before the connection is established. @ https://www.bseindia.com/assets/includenew/js/main-G3JIW4M6.js:149
[15869407ms] [WARNING] WebSocket connection to 'wss://bnotification.bseindia.com/socket.io/?EIO=4&transport=websocket' failed: WebSocket is closed before the connection is established. @ https://www.bseindia.com/assets/includenew/js/main-G3JIW4M6.js:149
[15894415ms] [WARNING] WebSocket connection to 'wss://bnotification.bseindia.com/socket.io/?EIO=4&transport=websocket' failed: WebSocket is closed before the connection is established. @ https://www.bseindia.com/assets/includenew/js/main-G3JIW4M6.js:149
[15919435ms] [WARNING] WebSocket connection to 'wss://bnotification.bseindia.com/socket.io/?EIO=4&transport=websocket' failed: WebSocket is closed before the connection is established. @ https://www.bseindia.com/assets/includenew/js/main-G3JIW4M6.js:149
[15944445ms] [WARNING] WebSocket connection to 'wss://bnotification.bseindia.com/socket.io/?EIO=4&transport=websocket' failed: WebSocket is closed before the connection is established. @ https://www.bseindia.com/assets/includenew/js/main-G3JIW4M6.js:149
[15969456ms] [WARNING] WebSocket connection to 'wss://bnotification.bseindia.com/socket.io/?EIO=4&transport=websocket' failed: WebSocket is closed before the connection is established. @ https://www.bseindia.com/assets/includenew/js/main-G3JIW4M6.js:149
[15994471ms] [WARNING] WebSocket connection to 'wss://bnotification.bseindia.com/socket.io/?EIO=4&transport=websocket' failed: WebSocket is closed before the connection is established. @ https://www.bseindia.com/assets/includenew/js/main-G3JIW4M6.js:149
[16019477ms] [WARNING] WebSocket connection to 'wss://bnotification.bseindia.com/socket.io/?EIO=4&transport=websocket' failed: WebSocket is closed before the connection is established. @ https://www.bseindia.com/assets/includenew/js/main-G3JIW4M6.js:149
[16044496ms] [WARNING] WebSocket connection to 'wss://bnotification.bseindia.com/socket.io/?EIO=4&transport=websocket' failed: WebSocket is closed before the connection is established. @ https://www.bseindia.com/assets/includenew/js/main-G3JIW4M6.js:149
[16069515ms] [WARNING] WebSocket connection to 'wss://bnotification.bseindia.com/socket.io/?EIO=4&transport=websocket' failed: WebSocket is closed before the connection is established. @ https://www.bseindia.com/assets/includenew/js/main-G3JIW4M6.js:149
[16094526ms] [WARNING] WebSocket connection to 'wss://bnotification.bseindia.com/socket.io/?EIO=4&transport=websocket' failed: WebSocket is closed before the connection is established. @ https://www.bseindia.com/assets/includenew/js/main-G3JIW4M6.js:149
[16119535ms] [WARNING] WebSocket connection to 'wss://bnotification.bseindia.com/socket.io/?EIO=4&transport=websocket' failed: WebSocket is closed before the connection is established. @ https://www.bseindia.com/assets/includenew/js/main-G3JIW4M6.js:149
[16144544ms] [WARNING] WebSocket connection to 'wss://bnotification.bseindia.com/socket.io/?EIO=4&transport=websocket' failed: WebSocket is closed before the connection is established. @ https://www.bseindia.com/assets/includenew/js/main-G3JIW4M6.js:149
[16169553ms] [WARNING] WebSocket connection to 'wss://bnotification.bseindia.com/socket.io/?EIO=4&transport=websocket' failed: WebSocket is closed before the connection is established. @ https://www.bseindia.com/assets/includenew/js/main-G3JIW4M6.js:149
[16194561ms] [WARNING] WebSocket connection to 'wss://bnotification.bseindia.com/socket.io/?EIO=4&transport=websocket' failed: WebSocket is closed before the connection is established. @ https://www.bseindia.com/assets/includenew/js/main-G3JIW4M6.js:149
[16219570ms] [WARNING] WebSocket connection to 'wss://bnotification.bseindia.com/socket.io/?EIO=4&transport=websocket' failed: WebSocket is closed before the connection is established. @ https://www.bseindia.com/assets/includenew/js/main-G3JIW4M6.js:149
[16244578ms] [WARNING] WebSocket connection to 'wss://bnotification.bseindia.com/socket.io/?EIO=4&transport=websocket' failed: WebSocket is closed before the connection is established. @ https://www.bseindia.com/assets/includenew/js/main-G3JIW4M6.js:149
[16269585ms] [WARNING] WebSocket connection to 'wss://bnotification.bseindia.com/socket.io/?EIO=4&transport=websocket' failed: WebSocket is closed before the connection is established. @ https://www.bseindia.com/assets/includenew/js/main-G3JIW4M6.js:149
[16294592ms] [WARNING] WebSocket connection to 'wss://bnotification.bseindia.com/socket.io/?EIO=4&transport=websocket' failed: WebSocket is closed before the connection is established. @ https://www.bseindia.com/assets/includenew/js/main-G3JIW4M6.js:149
[16319602ms] [WARNING] WebSocket connection to 'wss://bnotification.bseindia.com/socket.io/?EIO=4&transport=websocket' failed: WebSocket is closed before the connection is established. @ https://www.bseindia.com/assets/includenew/js/main-G3JIW4M6.js:149
[16344609ms] [WARNING] WebSocket connection to 'wss://bnotification.bseindia.com/socket.io/?EIO=4&transport=websocket' failed: WebSocket is closed before the connection is established. @ https://www.bseindia.com/assets/includenew/js/main-G3JIW4M6.js:149
[16369614ms] [WARNING] WebSocket connection to 'wss://bnotification.bseindia.com/socket.io/?EIO=4&transport=websocket' failed: WebSocket is closed before the connection is established. @ https://www.bseindia.com/assets/includenew/js/main-G3JIW4M6.js:149
[16394626ms] [WARNING] WebSocket connection to 'wss://bnotification.bseindia.com/socket.io/?EIO=4&transport=websocket' failed: WebSocket is closed before the connection is established. @ https://www.bseindia.com/assets/includenew/js/main-G3JIW4M6.js:149
[16419636ms] [WARNING] WebSocket connection to 'wss://bnotification.bseindia.com/socket.io/?EIO=4&transport=websocket' failed: WebSocket is closed before the connection is established. @ https://www.bseindia.com/assets/includenew/js/main-G3JIW4M6.js:149
[16444641ms] [WARNING] WebSocket connection to 'wss://bnotification.bseindia.com/socket.io/?EIO=4&transport=websocket' failed: WebSocket is closed before the connection is established. @ https://www.bseindia.com/assets/includenew/js/main-G3JIW4M6.js:149
[16469648ms] [WARNING] WebSocket connection to 'wss://bnotification.bseindia.com/socket.io/?EIO=4&transport=websocket' failed: WebSocket is closed before the connection is established. @ https://www.bseindia.com/assets/includenew/js/main-G3JIW4M6.js:149
[16494661ms] [WARNING] WebSocket connection to 'wss://bnotification.bseindia.com/socket.io/?EIO=4&transport=websocket' failed: WebSocket is closed before the connection is established. @ https://www.bseindia.com/assets/includenew/js/main-G3JIW4M6.js:149
[16519669ms] [WARNING] WebSocket connection to 'wss://bnotification.bseindia.com/socket.io/?EIO=4&transport=websocket' failed: WebSocket is closed before the connection is established. @ https://www.bseindia.com/assets/includenew/js/main-G3JIW4M6.js:149
[16544673ms] [WARNING] WebSocket connection to 'wss://bnotification.bseindia.com/socket.io/?EIO=4&transport=websocket' failed: WebSocket is closed before the connection is established. @ https://www.bseindia.com/assets/includenew/js/main-G3JIW4M6.js:149
[16569681ms] [WARNING] WebSocket connection to 'wss://bnotification.bseindia.com/socket.io/?EIO=4&transport=websocket' failed: WebSocket is closed before the connection is established. @ https://www.bseindia.com/assets/includenew/js/main-G3JIW4M6.js:149
[16594694ms] [WARNING] WebSocket connection to 'wss://bnotification.bseindia.com/socket.io/?EIO=4&transport=websocket' failed: WebSocket is closed before the connection is established. @ https://www.bseindia.com/assets/includenew/js/main-G3JIW4M6.js:149
[16619702ms] [WARNING] WebSocket connection to 'wss://bnotification.bseindia.com/socket.io/?EIO=4&transport=websocket' failed: WebSocket is closed before the connection is established. @ https://www.bseindia.com/assets/includenew/js/main-G3JIW4M6.js:149
[16644711ms] [WARNING] WebSocket connection to 'wss://bnotification.bseindia.com/socket.io/?EIO=4&transport=websocket' failed: WebSocket is closed before the connection is established. @ https://www.bseindia.com/assets/includenew/js/main-G3JIW4M6.js:149
[16669719ms] [WARNING] WebSocket connection to 'wss://bnotification.bseindia.com/socket.io/?EIO=4&transport=websocket' failed: WebSocket is closed before the connection is established. @ https://www.bseindia.com/assets/includenew/js/main-G3JIW4M6.js:149
[16694728ms] [WARNING] WebSocket connection to 'wss://bnotification.bseindia.com/socket.io/?EIO=4&transport=websocket' failed: WebSocket is closed before the connection is established. @ https://www.bseindia.com/assets/includenew/js/main-G3JIW4M6.js:149
[16719744ms] [WARNING] WebSocket connection to 'wss://bnotification.bseindia.com/socket.io/?EIO=4&transport=websocket' failed: WebSocket is closed before the connection is established. @ https://www.bseindia.com/assets/includenew/js/main-G3JIW4M6.js:149
[16744762ms] [WARNING] WebSocket connection to 'wss://bnotification.bseindia.com/socket.io/?EIO=4&transport=websocket' failed: WebSocket is closed before the connection is established. @ https://www.bseindia.com/assets/includenew/js/main-G3JIW4M6.js:149
[16769778ms] [WARNING] WebSocket connection to 'wss://bnotification.bseindia.com/socket.io/?EIO=4&transport=websocket' failed: WebSocket is closed before the connection is established. @ https://www.bseindia.com/assets/includenew/js/main-G3JIW4M6.js:149
[16794800ms] [WARNING] WebSocket connection to 'wss://bnotification.bseindia.com/socket.io/?EIO=4&transport=websocket' failed: WebSocket is closed before the connection is established. @ https://www.bseindia.com/assets/includenew/js/main-G3JIW4M6.js:149
[16819809ms] [WARNING] WebSocket connection to 'wss://bnotification.bseindia.com/socket.io/?EIO=4&transport=websocket' failed: WebSocket is closed before the connection is established. @ https://www.bseindia.com/assets/includenew/js/main-G3JIW4M6.js:149
[16844836ms] [WARNING] WebSocket connection to 'wss://bnotification.bseindia.com/socket.io/?EIO=4&transport=websocket' failed: WebSocket is closed before the connection is established. @ https://www.bseindia.com/assets/includenew/js/main-G3JIW4M6.js:149
[16869853ms] [WARNING] WebSocket connection to 'wss://bnotification.bseindia.com/socket.io/?EIO=4&transport=websocket' failed: WebSocket is closed before the connection is established. @ https://www.bseindia.com/assets/includenew/js/main-G3JIW4M6.js:149
[16894880ms] [WARNING] WebSocket connection to 'wss://bnotification.bseindia.com/socket.io/?EIO=4&transport=websocket' failed: WebSocket is closed before the connection is established. @ https://www.bseindia.com/assets/includenew/js/main-G3JIW4M6.js:149
[16919895ms] [WARNING] WebSocket connection to 'wss://bnotification.bseindia.com/socket.io/?EIO=4&transport=websocket' failed: WebSocket is closed before the connection is established. @ https://www.bseindia.com/assets/includenew/js/main-G3JIW4M6.js:149
[16944908ms] [WARNING] WebSocket connection to 'wss://bnotification.bseindia.com/socket.io/?EIO=4&transport=websocket' failed: WebSocket is closed before the connection is established. @ https://www.bseindia.com/assets/includenew/js/main-G3JIW4M6.js:149
[16969933ms] [WARNING] WebSocket connection to 'wss://bnotification.bseindia.com/socket.io/?EIO=4&transport=websocket' failed: WebSocket is closed before the connection is established. @ https://www.bseindia.com/assets/includenew/js/main-G3JIW4M6.js:149
[16994948ms] [WARNING] WebSocket connection to 'wss://bnotification.bseindia.com/socket.io/?EIO=4&transport=websocket' failed: WebSocket is closed before the connection is established. @ https://www.bseindia.com/assets/includenew/js/main-G3JIW4M6.js:149
[17019957ms] [WARNING] WebSocket connection to 'wss://bnotification.bseindia.com/socket.io/?EIO=4&transport=websocket' failed: WebSocket is closed before the connection is established. @ https://www.bseindia.com/assets/includenew/js/main-G3JIW4M6.js:149
[17044967ms] [WARNING] WebSocket connection to 'wss://bnotification.bseindia.com/socket.io/?EIO=4&transport=websocket' failed: WebSocket is closed before the connection is established. @ https://www.bseindia.com/assets/includenew/js/main-G3JIW4M6.js:149
[17069990ms] [WARNING] WebSocket connection to 'wss://bnotification.bseindia.com/socket.io/?EIO=4&transport=websocket' failed: WebSocket is closed before the connection is established. @ https://www.bseindia.com/assets/includenew/js/main-G3JIW4M6.js:149
[17095000ms] [WARNING] WebSocket connection to 'wss://bnotification.bseindia.com/socket.io/?EIO=4&transport=websocket' failed: WebSocket is closed before the connection is established. @ https://www.bseindia.com/assets/includenew/js/main-G3JIW4M6.js:149
[17120008ms] [WARNING] WebSocket connection to 'wss://bnotification.bseindia.com/socket.io/?EIO=4&transport=websocket' failed: WebSocket is closed before the connection is established. @ https://www.bseindia.com/assets/includenew/js/main-G3JIW4M6.js:149
[17145017ms] [WARNING] WebSocket connection to 'wss://bnotification.bseindia.com/socket.io/?EIO=4&transport=websocket' failed: WebSocket is closed before the connection is established. @ https://www.bseindia.com/assets/includenew/js/main-G3JIW4M6.js:149
[17170025ms] [WARNING] WebSocket connection to 'wss://bnotification.bseindia.com/socket.io/?EIO=4&transport=websocket' failed: WebSocket is closed before the connection is established. @ https://www.bseindia.com/assets/includenew/js/main-G3JIW4M6.js:149
[17195054ms] [WARNING] WebSocket connection to 'wss://bnotification.bseindia.com/socket.io/?EIO=4&transport=websocket' failed: WebSocket is closed before the connection is established. @ https://www.bseindia.com/assets/includenew/js/main-G3JIW4M6.js:149
[17220071ms] [WARNING] WebSocket connection to 'wss://bnotification.bseindia.com/socket.io/?EIO=4&transport=websocket' failed: WebSocket is closed before the connection is established. @ https://www.bseindia.com/assets/includenew/js/main-G3JIW4M6.js:149
[17245095ms] [WARNING] WebSocket connection to 'wss://bnotification.bseindia.com/socket.io/?EIO=4&transport=websocket' failed: WebSocket is closed before the connection is established. @ https://www.bseindia.com/assets/includenew/js/main-G3JIW4M6.js:149
[17270102ms] [WARNING] WebSocket connection to 'wss://bnotification.bseindia.com/socket.io/?EIO=4&transport=websocket' failed: WebSocket is closed before the connection is established. @ https://www.bseindia.com/assets/includenew/js/main-G3JIW4M6.js:149
[17295111ms] [WARNING] WebSocket connection to 'wss://bnotification.bseindia.com/socket.io/?EIO=4&transport=websocket' failed: WebSocket is closed before the connection is established. @ https://www.bseindia.com/assets/includenew/js/main-G3JIW4M6.js:149
[17320120ms] [WARNING] WebSocket connection to 'wss://bnotification.bseindia.com/socket.io/?EIO=4&transport=websocket' failed: WebSocket is closed before the connection is established. @ https://www.bseindia.com/assets/includenew/js/main-G3JIW4M6.js:149
[17345133ms] [WARNING] WebSocket connection to 'wss://bnotification.bseindia.com/socket.io/?EIO=4&transport=websocket' failed: WebSocket is closed before the connection is established. @ https://www.bseindia.com/assets/includenew/js/main-G3JIW4M6.js:149
[17370151ms] [WARNING] WebSocket connection to 'wss://bnotification.bseindia.com/socket.io/?EIO=4&transport=websocket' failed: WebSocket is closed before the connection is established. @ https://www.bseindia.com/assets/includenew/js/main-G3JIW4M6.js:149
[17395160ms] [WARNING] WebSocket connection to 'wss://bnotification.bseindia.com/socket.io/?EIO=4&transport=websocket' failed: WebSocket is closed before the connection is established. @ https://www.bseindia.com/assets/includenew/js/main-G3JIW4M6.js:149
[17420169ms] [WARNING] WebSocket connection to 'wss://bnotification.bseindia.com/socket.io/?EIO=4&transport=websocket' failed: WebSocket is closed before the connection is established. @ https://www.bseindia.com/assets/includenew/js/main-G3JIW4M6.js:149
[17445177ms] [WARNING] WebSocket connection to 'wss://bnotification.bseindia.com/socket.io/?EIO=4&transport=websocket' failed: WebSocket is closed before the connection is established. @ https://www.bseindia.com/assets/includenew/js/main-G3JIW4M6.js:149
[17470186ms] [WARNING] WebSocket connection to 'wss://bnotification.bseindia.com/socket.io/?EIO=4&transport=websocket' failed: WebSocket is closed before the connection is established. @ https://www.bseindia.com/assets/includenew/js/main-G3JIW4M6.js:149
[17495193ms] [WARNING] WebSocket connection to 'wss://bnotification.bseindia.com/socket.io/?EIO=4&transport=websocket' failed: WebSocket is closed before the connection is established. @ https://www.bseindia.com/assets/includenew/js/main-G3JIW4M6.js:149
[17520201ms] [WARNING] WebSocket connection to 'wss://bnotification.bseindia.com/socket.io/?EIO=4&transport=websocket' failed: WebSocket is closed before the connection is established. @ https://www.bseindia.com/assets/includenew/js/main-G3JIW4M6.js:149
[17545214ms] [WARNING] WebSocket connection to 'wss://bnotification.bseindia.com/socket.io/?EIO=4&transport=websocket' failed: WebSocket is closed before the connection is established. @ https://www.bseindia.com/assets/includenew/js/main-G3JIW4M6.js:149
[17570230ms] [WARNING] WebSocket connection to 'wss://bnotification.bseindia.com/socket.io/?EIO=4&transport=websocket' failed: WebSocket is closed before the connection is established. @ https://www.bseindia.com/assets/includenew/js/main-G3JIW4M6.js:149
[17595240ms] [WARNING] WebSocket connection to 'wss://bnotification.bseindia.com/socket.io/?EIO=4&transport=websocket' failed: WebSocket is closed before the connection is established. @ https://www.bseindia.com/assets/includenew/js/main-G3JIW4M6.js:149
[17620250ms] [WARNING] WebSocket connection to 'wss://bnotification.bseindia.com/socket.io/?EIO=4&transport=websocket' failed: WebSocket is closed before the connection is established. @ https://www.bseindia.com/assets/includenew/js/main-G3JIW4M6.js:149
[17645262ms] [WARNING] WebSocket connection to 'wss://bnotification.bseindia.com/socket.io/?EIO=4&transport=websocket' failed: WebSocket is closed before the connection is established. @ https://www.bseindia.com/assets/includenew/js/main-G3JIW4M6.js:149
[17670275ms] [WARNING] WebSocket connection to 'wss://bnotification.bseindia.com/socket.io/?EIO=4&transport=websocket' failed: WebSocket is closed before the connection is established. @ https://www.bseindia.com/assets/includenew/js/main-G3JIW4M6.js:149
[17695282ms] [WARNING] WebSocket connection to 'wss://bnotification.bseindia.com/socket.io/?EIO=4&transport=websocket' failed: WebSocket is closed before the connection is established. @ https://www.bseindia.com/assets/includenew/js/main-G3JIW4M6.js:149
[17720292ms] [WARNING] WebSocket connection to 'wss://bnotification.bseindia.com/socket.io/?EIO=4&transport=websocket' failed: WebSocket is closed before the connection is established. @ https://www.bseindia.com/assets/includenew/js/main-G3JIW4M6.js:149
[17745305ms] [WARNING] WebSocket connection to 'wss://bnotification.bseindia.com/socket.io/?EIO=4&transport=websocket' failed: WebSocket is closed before the connection is established. @ https://www.bseindia.com/assets/includenew/js/main-G3JIW4M6.js:149
[17770315ms] [WARNING] WebSocket connection to 'wss://bnotification.bseindia.com/socket.io/?EIO=4&transport=websocket' failed: WebSocket is closed before the connection is established. @ https://www.bseindia.com/assets/includenew/js/main-G3JIW4M6.js:149
[17795326ms] [WARNING] WebSocket connection to 'wss://bnotification.bseindia.com/socket.io/?EIO=4&transport=websocket' failed: WebSocket is closed before the connection is established. @ https://www.bseindia.com/assets/includenew/js/main-G3JIW4M6.js:149
[17820346ms] [WARNING] WebSocket connection to 'wss://bnotification.bseindia.com/socket.io/?EIO=4&transport=websocket' failed: WebSocket is closed before the connection is established. @ https://www.bseindia.com/assets/includenew/js/main-G3JIW4M6.js:149
[17845358ms] [WARNING] WebSocket connection to 'wss://bnotification.bseindia.com/socket.io/?EIO=4&transport=websocket' failed: WebSocket is closed before the connection is established. @ https://www.bseindia.com/assets/includenew/js/main-G3JIW4M6.js:149
[17870368ms] [WARNING] WebSocket connection to 'wss://bnotification.bseindia.com/socket.io/?EIO=4&transport=websocket' failed: WebSocket is closed before the connection is established. @ https://www.bseindia.com/assets/includenew/js/main-G3JIW4M6.js:149
[17895381ms] [WARNING] WebSocket connection to 'wss://bnotification.bseindia.com/socket.io/?EIO=4&transport=websocket' failed: WebSocket is closed before the connection is established. @ https://www.bseindia.com/assets/includenew/js/main-G3JIW4M6.js:149
[17920388ms] [WARNING] WebSocket connection to 'wss://bnotification.bseindia.com/socket.io/?EIO=4&transport=websocket' failed: WebSocket is closed before the connection is established. @ https://www.bseindia.com/assets/includenew/js/main-G3JIW4M6.js:149
[17945398ms] [WARNING] WebSocket connection to 'wss://bnotification.bseindia.com/socket.io/?EIO=4&transport=websocket' failed: WebSocket is closed before the connection is established. @ https://www.bseindia.com/assets/includenew/js/main-G3JIW4M6.js:149
[17970418ms] [WARNING] WebSocket connection to 'wss://bnotification.bseindia.com/socket.io/?EIO=4&transport=websocket' failed: WebSocket is closed before the connection is established. @ https://www.bseindia.com/assets/includenew/js/main-G3JIW4M6.js:149
[17995441ms] [WARNING] WebSocket connection to 'wss://bnotification.bseindia.com/socket.io/?EIO=4&transport=websocket' failed: WebSocket is closed before the connection is established. @ https://www.bseindia.com/assets/includenew/js/main-G3JIW4M6.js:149
[18020464ms] [WARNING] WebSocket connection to 'wss://bnotification.bseindia.com/socket.io/?EIO=4&transport=websocket' failed: WebSocket is closed before the connection is established. @ https://www.bseindia.com/assets/includenew/js/main-G3JIW4M6.js:149
[18045480ms] [WARNING] WebSocket connection to 'wss://bnotification.bseindia.com/socket.io/?EIO=4&transport=websocket' failed: WebSocket is closed before the connection is established. @ https://www.bseindia.com/assets/includenew/js/main-G3JIW4M6.js:149
[18070493ms] [WARNING] WebSocket connection to 'wss://bnotification.bseindia.com/socket.io/?EIO=4&transport=websocket' failed: WebSocket is closed before the connection is established. @ https://www.bseindia.com/assets/includenew/js/main-G3JIW4M6.js:149
[18095502ms] [WARNING] WebSocket connection to 'wss://bnotification.bseindia.com/socket.io/?EIO=4&transport=websocket' failed: WebSocket is closed before the connection is established. @ https://www.bseindia.com/assets/includenew/js/main-G3JIW4M6.js:149
[18120510ms] [WARNING] WebSocket connection to 'wss://bnotification.bseindia.com/socket.io/?EIO=4&transport=websocket' failed: WebSocket is closed before the connection is established. @ https://www.bseindia.com/assets/includenew/js/main-G3JIW4M6.js:149
[18145519ms] [WARNING] WebSocket connection to 'wss://bnotification.bseindia.com/socket.io/?EIO=4&transport=websocket' failed: WebSocket is closed before the connection is established. @ https://www.bseindia.com/assets/includenew/js/main-G3JIW4M6.js:149
[18170527ms] [WARNING] WebSocket connection to 'wss://bnotification.bseindia.com/socket.io/?EIO=4&transport=websocket' failed: WebSocket is closed before the connection is established. @ https://www.bseindia.com/assets/includenew/js/main-G3JIW4M6.js:149
[18195536ms] [WARNING] WebSocket connection to 'wss://bnotification.bseindia.com/socket.io/?EIO=4&transport=websocket' failed: WebSocket is closed before the connection is established. @ https://www.bseindia.com/assets/includenew/js/main-G3JIW4M6.js:149
[18220543ms] [WARNING] WebSocket connection to 'wss://bnotification.bseindia.com/socket.io/?EIO=4&transport=websocket' failed: WebSocket is closed before the connection is established. @ https://www.bseindia.com/assets/includenew/js/main-G3JIW4M6.js:149
[18245552ms] [WARNING] WebSocket connection to 'wss://bnotification.bseindia.com/socket.io/?EIO=4&transport=websocket' failed: WebSocket is closed before the connection is established. @ https://www.bseindia.com/assets/includenew/js/main-G3JIW4M6.js:149
[18270560ms] [WARNING] WebSocket connection to 'wss://bnotification.bseindia.com/socket.io/?EIO=4&transport=websocket' failed: WebSocket is closed before the connection is established. @ https://www.bseindia.com/assets/includenew/js/main-G3JIW4M6.js:149
[18295568ms] [WARNING] WebSocket connection to 'wss://bnotification.bseindia.com/socket.io/?EIO=4&transport=websocket' failed: WebSocket is closed before the connection is established. @ https://www.bseindia.com/assets/includenew/js/main-G3JIW4M6.js:149
[18320577ms] [WARNING] WebSocket connection to 'wss://bnotification.bseindia.com/socket.io/?EIO=4&transport=websocket' failed: WebSocket is closed before the connection is established. @ https://www.bseindia.com/assets/includenew/js/main-G3JIW4M6.js:149
[18345583ms] [WARNING] WebSocket connection to 'wss://bnotification.bseindia.com/socket.io/?EIO=4&transport=websocket' failed: WebSocket is closed before the connection is established. @ https://www.bseindia.com/assets/includenew/js/main-G3JIW4M6.js:149
[18370593ms] [WARNING] WebSocket connection to 'wss://bnotification.bseindia.com/socket.io/?EIO=4&transport=websocket' failed: WebSocket is closed before the connection is established. @ https://www.bseindia.com/assets/includenew/js/main-G3JIW4M6.js:149
[18395602ms] [WARNING] WebSocket connection to 'wss://bnotification.bseindia.com/socket.io/?EIO=4&transport=websocket' failed: WebSocket is closed before the connection is established. @ https://www.bseindia.com/assets/includenew/js/main-G3JIW4M6.js:149
[18420606ms] [WARNING] WebSocket connection to 'wss://bnotification.bseindia.com/socket.io/?EIO=4&transport=websocket' failed: WebSocket is closed before the connection is established. @ https://www.bseindia.com/assets/includenew/js/main-G3JIW4M6.js:149
[18445618ms] [WARNING] WebSocket connection to 'wss://bnotification.bseindia.com/socket.io/?EIO=4&transport=websocket' failed: WebSocket is closed before the connection is established. @ https://www.bseindia.com/assets/includenew/js/main-G3JIW4M6.js:149
[18470627ms] [WARNING] WebSocket connection to 'wss://bnotification.bseindia.com/socket.io/?EIO=4&transport=websocket' failed: WebSocket is closed before the connection is established. @ https://www.bseindia.com/assets/includenew/js/main-G3JIW4M6.js:149
[18495633ms] [WARNING] WebSocket connection to 'wss://bnotification.bseindia.com/socket.io/?EIO=4&transport=websocket' failed: WebSocket is closed before the connection is established. @ https://www.bseindia.com/assets/includenew/js/main-G3JIW4M6.js:149
[18520643ms] [WARNING] WebSocket connection to 'wss://bnotification.bseindia.com/socket.io/?EIO=4&transport=websocket' failed: WebSocket is closed before the connection is established. @ https://www.bseindia.com/assets/includenew/js/main-G3JIW4M6.js:149
[18545652ms] [WARNING] WebSocket connection to 'wss://bnotification.bseindia.com/socket.io/?EIO=4&transport=websocket' failed: WebSocket is closed before the connection is established. @ https://www.bseindia.com/assets/includenew/js/main-G3JIW4M6.js:149
[18570660ms] [WARNING] WebSocket connection to 'wss://bnotification.bseindia.com/socket.io/?EIO=4&transport=websocket' failed: WebSocket is closed before the connection is established. @ https://www.bseindia.com/assets/includenew/js/main-G3JIW4M6.js:149
[18595669ms] [WARNING] WebSocket connection to 'wss://bnotification.bseindia.com/socket.io/?EIO=4&transport=websocket' failed: WebSocket is closed before the connection is established. @ https://www.bseindia.com/assets/includenew/js/main-G3JIW4M6.js:149
[18620673ms] [WARNING] WebSocket connection to 'wss://bnotification.bseindia.com/socket.io/?EIO=4&transport=websocket' failed: WebSocket is closed before the connection is established. @ https://www.bseindia.com/assets/includenew/js/main-G3JIW4M6.js:149
[18645685ms] [WARNING] WebSocket connection to 'wss://bnotification.bseindia.com/socket.io/?EIO=4&transport=websocket' failed: WebSocket is closed before the connection is established. @ https://www.bseindia.com/assets/includenew/js/main-G3JIW4M6.js:149
[18670692ms] [WARNING] WebSocket connection to 'wss://bnotification.bseindia.com/socket.io/?EIO=4&transport=websocket' failed: WebSocket is closed before the connection is established. @ https://www.bseindia.com/assets/includenew/js/main-G3JIW4M6.js:149
[18695704ms] [WARNING] WebSocket connection to 'wss://bnotification.bseindia.com/socket.io/?EIO=4&transport=websocket' failed: WebSocket is closed before the connection is established. @ https://www.bseindia.com/assets/includenew/js/main-G3JIW4M6.js:149
[18720722ms] [WARNING] WebSocket connection to 'wss://bnotification.bseindia.com/socket.io/?EIO=4&transport=websocket' failed: WebSocket is closed before the connection is established. @ https://www.bseindia.com/assets/includenew/js/main-G3JIW4M6.js:149
[18745728ms] [WARNING] WebSocket connection to 'wss://bnotification.bseindia.com/socket.io/?EIO=4&transport=websocket' failed: WebSocket is closed before the connection is established. @ https://www.bseindia.com/assets/includenew/js/main-G3JIW4M6.js:149
[18770740ms] [WARNING] WebSocket connection to 'wss://bnotification.bseindia.com/socket.io/?EIO=4&transport=websocket' failed: WebSocket is closed before the connection is established. @ https://www.bseindia.com/assets/includenew/js/main-G3JIW4M6.js:149
[18795748ms] [WARNING] WebSocket connection to 'wss://bnotification.bseindia.com/socket.io/?EIO=4&transport=websocket' failed: WebSocket is closed before the connection is established. @ https://www.bseindia.com/assets/includenew/js/main-G3JIW4M6.js:149
[18820757ms] [WARNING] WebSocket connection to 'wss://bnotification.bseindia.com/socket.io/?EIO=4&transport=websocket' failed: WebSocket is closed before the connection is established. @ https://www.bseindia.com/assets/includenew/js/main-G3JIW4M6.js:149
[18845765ms] [WARNING] WebSocket connection to 'wss://bnotification.bseindia.com/socket.io/?EIO=4&transport=websocket' failed: WebSocket is closed before the connection is established. @ https://www.bseindia.com/assets/includenew/js/main-G3JIW4M6.js:149
[18870773ms] [WARNING] WebSocket connection to 'wss://bnotification.bseindia.com/socket.io/?EIO=4&transport=websocket' failed: WebSocket is closed before the connection is established. @ https://www.bseindia.com/assets/includenew/js/main-G3JIW4M6.js:149
[18895782ms] [WARNING] WebSocket connection to 'wss://bnotification.bseindia.com/socket.io/?EIO=4&transport=websocket' failed: WebSocket is closed before the connection is established. @ https://www.bseindia.com/assets/includenew/js/main-G3JIW4M6.js:149
[18920790ms] [WARNING] WebSocket connection to 'wss://bnotification.bseindia.com/socket.io/?EIO=4&transport=websocket' failed: WebSocket is closed before the connection is established. @ https://www.bseindia.com/assets/includenew/js/main-G3JIW4M6.js:149
[18945795ms] [WARNING] WebSocket connection to 'wss://bnotification.bseindia.com/socket.io/?EIO=4&transport=websocket' failed: WebSocket is closed before the connection is established. @ https://www.bseindia.com/assets/includenew/js/main-G3JIW4M6.js:149
[18970814ms] [WARNING] WebSocket connection to 'wss://bnotification.bseindia.com/socket.io/?EIO=4&transport=websocket' failed: WebSocket is closed before the connection is established. @ https://www.bseindia.com/assets/includenew/js/main-G3JIW4M6.js:149
[18995819ms] [WARNING] WebSocket connection to 'wss://bnotification.bseindia.com/socket.io/?EIO=4&transport=websocket' failed: WebSocket is closed before the connection is established. @ https://www.bseindia.com/assets/includenew/js/main-G3JIW4M6.js:149
[19020832ms] [WARNING] WebSocket connection to 'wss://bnotification.bseindia.com/socket.io/?EIO=4&transport=websocket' failed: WebSocket is closed before the connection is established. @ https://www.bseindia.com/assets/includenew/js/main-G3JIW4M6.js:149
[19045845ms] [WARNING] WebSocket connection to 'wss://bnotification.bseindia.com/socket.io/?EIO=4&transport=websocket' failed: WebSocket is closed before the connection is established. @ https://www.bseindia.com/assets/includenew/js/main-G3JIW4M6.js:149
[19070853ms] [WARNING] WebSocket connection to 'wss://bnotification.bseindia.com/socket.io/?EIO=4&transport=websocket' failed: WebSocket is closed before the connection is established. @ https://www.bseindia.com/assets/includenew/js/main-G3JIW4M6.js:149
[19095862ms] [WARNING] WebSocket connection to 'wss://bnotification.bseindia.com/socket.io/?EIO=4&transport=websocket' failed: WebSocket is closed before the connection is established. @ https://www.bseindia.com/assets/includenew/js/main-G3JIW4M6.js:149
[19120871ms] [WARNING] WebSocket connection to 'wss://bnotification.bseindia.com/socket.io/?EIO=4&transport=websocket' failed: WebSocket is closed before the connection is established. @ https://www.bseindia.com/assets/includenew/js/main-G3JIW4M6.js:149
[19145879ms] [WARNING] WebSocket connection to 'wss://bnotification.bseindia.com/socket.io/?EIO=4&transport=websocket' failed: WebSocket is closed before the connection is established. @ https://www.bseindia.com/assets/includenew/js/main-G3JIW4M6.js:149
[19170887ms] [WARNING] WebSocket connection to 'wss://bnotification.bseindia.com/socket.io/?EIO=4&transport=websocket' failed: WebSocket is closed before the connection is established. @ https://www.bseindia.com/assets/includenew/js/main-G3JIW4M6.js:149
[19195895ms] [WARNING] WebSocket connection to 'wss://bnotification.bseindia.com/socket.io/?EIO=4&transport=websocket' failed: WebSocket is closed before the connection is established. @ https://www.bseindia.com/assets/includenew/js/main-G3JIW4M6.js:149
[19220903ms] [WARNING] WebSocket connection to 'wss://bnotification.bseindia.com/socket.io/?EIO=4&transport=websocket' failed: WebSocket is closed before the connection is established. @ https://www.bseindia.com/assets/includenew/js/main-G3JIW4M6.js:149
[19245912ms] [WARNING] WebSocket connection to 'wss://bnotification.bseindia.com/socket.io/?EIO=4&transport=websocket' failed: WebSocket is closed before the connection is established. @ https://www.bseindia.com/assets/includenew/js/main-G3JIW4M6.js:149
[19270917ms] [WARNING] WebSocket connection to 'wss://bnotification.bseindia.com/socket.io/?EIO=4&transport=websocket' failed: WebSocket is closed before the connection is established. @ https://www.bseindia.com/assets/includenew/js/main-G3JIW4M6.js:149
[19295930ms] [WARNING] WebSocket connection to 'wss://bnotification.bseindia.com/socket.io/?EIO=4&transport=websocket' failed: WebSocket is closed before the connection is established. @ https://www.bseindia.com/assets/includenew/js/main-G3JIW4M6.js:149
[19320943ms] [WARNING] WebSocket connection to 'wss://bnotification.bseindia.com/socket.io/?EIO=4&transport=websocket' failed: WebSocket is closed before the connection is established. @ https://www.bseindia.com/assets/includenew/js/main-G3JIW4M6.js:149
[19345965ms] [WARNING] WebSocket connection to 'wss://bnotification.bseindia.com/socket.io/?EIO=4&transport=websocket' failed: WebSocket is closed before the connection is established. @ https://www.bseindia.com/assets/includenew/js/main-G3JIW4M6.js:149
[19370973ms] [WARNING] WebSocket connection to 'wss://bnotification.bseindia.com/socket.io/?EIO=4&transport=websocket' failed: WebSocket is closed before the connection is established. @ https://www.bseindia.com/assets/includenew/js/main-G3JIW4M6.js:149
[19395976ms] [WARNING] WebSocket connection to 'wss://bnotification.bseindia.com/socket.io/?EIO=4&transport=websocket' failed: WebSocket is closed before the connection is established. @ https://www.bseindia.com/assets/includenew/js/main-G3JIW4M6.js:149
[19420986ms] [WARNING] WebSocket connection to 'wss://bnotification.bseindia.com/socket.io/?EIO=4&transport=websocket' failed: WebSocket is closed before the connection is established. @ https://www.bseindia.com/assets/includenew/js/main-G3JIW4M6.js:149
[19445998ms] [WARNING] WebSocket connection to 'wss://bnotification.bseindia.com/socket.io/?EIO=4&transport=websocket' failed: WebSocket is closed before the connection is established. @ https://www.bseindia.com/assets/includenew/js/main-G3JIW4M6.js:149
[19471006ms] [WARNING] WebSocket connection to 'wss://bnotification.bseindia.com/socket.io/?EIO=4&transport=websocket' failed: WebSocket is closed before the connection is established. @ https://www.bseindia.com/assets/includenew/js/main-G3JIW4M6.js:149
[19496008ms] [WARNING] WebSocket connection to 'wss://bnotification.bseindia.com/socket.io/?EIO=4&transport=websocket' failed: WebSocket is closed before the connection is established. @ https://www.bseindia.com/assets/includenew/js/main-G3JIW4M6.js:149
[19521022ms] [WARNING] WebSocket connection to 'wss://bnotification.bseindia.com/socket.io/?EIO=4&transport=websocket' failed: WebSocket is closed before the connection is established. @ https://www.bseindia.com/assets/includenew/js/main-G3JIW4M6.js:149
[19546031ms] [WARNING] WebSocket connection to 'wss://bnotification.bseindia.com/socket.io/?EIO=4&transport=websocket' failed: WebSocket is closed before the connection is established. @ https://www.bseindia.com/assets/includenew/js/main-G3JIW4M6.js:149
[19571035ms] [WARNING] WebSocket connection to 'wss://bnotification.bseindia.com/socket.io/?EIO=4&transport=websocket' failed: WebSocket is closed before the connection is established. @ https://www.bseindia.com/assets/includenew/js/main-G3JIW4M6.js:149
[19596045ms] [WARNING] WebSocket connection to 'wss://bnotification.bseindia.com/socket.io/?EIO=4&transport=websocket' failed: WebSocket is closed before the connection is established. @ https://www.bseindia.com/assets/includenew/js/main-G3JIW4M6.js:149
[19621057ms] [WARNING] WebSocket connection to 'wss://bnotification.bseindia.com/socket.io/?EIO=4&transport=websocket' failed: WebSocket is closed before the connection is established. @ https://www.bseindia.com/assets/includenew/js/main-G3JIW4M6.js:149
[19646064ms] [WARNING] WebSocket connection to 'wss://bnotification.bseindia.com/socket.io/?EIO=4&transport=websocket' failed: WebSocket is closed before the connection is established. @ https://www.bseindia.com/assets/includenew/js/main-G3JIW4M6.js:149
[19671070ms] [WARNING] WebSocket connection to 'wss://bnotification.bseindia.com/socket.io/?EIO=4&transport=websocket' failed: WebSocket is closed before the connection is established. @ https://www.bseindia.com/assets/includenew/js/main-G3JIW4M6.js:149
[19696080ms] [WARNING] WebSocket connection to 'wss://bnotification.bseindia.com/socket.io/?EIO=4&transport=websocket' failed: WebSocket is closed before the connection is established. @ https://www.bseindia.com/assets/includenew/js/main-G3JIW4M6.js:149
[19721090ms] [WARNING] WebSocket connection to 'wss://bnotification.bseindia.com/socket.io/?EIO=4&transport=websocket' failed: WebSocket is closed before the connection is established. @ https://www.bseindia.com/assets/includenew/js/main-G3JIW4M6.js:149
[19746097ms] [WARNING] WebSocket connection to 'wss://bnotification.bseindia.com/socket.io/?EIO=4&transport=websocket' failed: WebSocket is closed before the connection is established. @ https://www.bseindia.com/assets/includenew/js/main-G3JIW4M6.js:149
[19771100ms] [WARNING] WebSocket connection to 'wss://bnotification.bseindia.com/socket.io/?EIO=4&transport=websocket' failed: WebSocket is closed before the connection is established. @ https://www.bseindia.com/assets/includenew/js/main-G3JIW4M6.js:149
[19796114ms] [WARNING] WebSocket connection to 'wss://bnotification.bseindia.com/socket.io/?EIO=4&transport=websocket' failed: WebSocket is closed before the connection is established. @ https://www.bseindia.com/assets/includenew/js/main-G3JIW4M6.js:149
[19821123ms] [WARNING] WebSocket connection to 'wss://bnotification.bseindia.com/socket.io/?EIO=4&transport=websocket' failed: WebSocket is closed before the connection is established. @ https://www.bseindia.com/assets/includenew/js/main-G3JIW4M6.js:149
[19846132ms] [WARNING] WebSocket connection to 'wss://bnotification.bseindia.com/socket.io/?EIO=4&transport=websocket' failed: WebSocket is closed before the connection is established. @ https://www.bseindia.com/assets/includenew/js/main-G3JIW4M6.js:149
[19871135ms] [WARNING] WebSocket connection to 'wss://bnotification.bseindia.com/socket.io/?EIO=4&transport=websocket' failed: WebSocket is closed before the connection is established. @ https://www.bseindia.com/assets/includenew/js/main-G3JIW4M6.js:149
[19896142ms] [WARNING] WebSocket connection to 'wss://bnotification.bseindia.com/socket.io/?EIO=4&transport=websocket' failed: WebSocket is closed before the connection is established. @ https://www.bseindia.com/assets/includenew/js/main-G3JIW4M6.js:149
[19921157ms] [WARNING] WebSocket connection to 'wss://bnotification.bseindia.com/socket.io/?EIO=4&transport=websocket' failed: WebSocket is closed before the connection is established. @ https://www.bseindia.com/assets/includenew/js/main-G3JIW4M6.js:149
[19946164ms] [WARNING] WebSocket connection to 'wss://bnotification.bseindia.com/socket.io/?EIO=4&transport=websocket' failed: WebSocket is closed before the connection is established. @ https://www.bseindia.com/assets/includenew/js/main-G3JIW4M6.js:149
[19971173ms] [WARNING] WebSocket connection to 'wss://bnotification.bseindia.com/socket.io/?EIO=4&transport=websocket' failed: WebSocket is closed before the connection is established. @ https://www.bseindia.com/assets/includenew/js/main-G3JIW4M6.js:149
[19996182ms] [WARNING] WebSocket connection to 'wss://bnotification.bseindia.com/socket.io/?EIO=4&transport=websocket' failed: WebSocket is closed before the connection is established. @ https://www.bseindia.com/assets/includenew/js/main-G3JIW4M6.js:149
[20021190ms] [WARNING] WebSocket connection to 'wss://bnotification.bseindia.com/socket.io/?EIO=4&transport=websocket' failed: WebSocket is closed before the connection is established. @ https://www.bseindia.com/assets/includenew/js/main-G3JIW4M6.js:149
[20046199ms] [WARNING] WebSocket connection to 'wss://bnotification.bseindia.com/socket.io/?EIO=4&transport=websocket' failed: WebSocket is closed before the connection is established. @ https://www.bseindia.com/assets/includenew/js/main-G3JIW4M6.js:149
[20071206ms] [WARNING] WebSocket connection to 'wss://bnotification.bseindia.com/socket.io/?EIO=4&transport=websocket' failed: WebSocket is closed before the connection is established. @ https://www.bseindia.com/assets/includenew/js/main-G3JIW4M6.js:149
[20096210ms] [WARNING] WebSocket connection to 'wss://bnotification.bseindia.com/socket.io/?EIO=4&transport=websocket' failed: WebSocket is closed before the connection is established. @ https://www.bseindia.com/assets/includenew/js/main-G3JIW4M6.js:149
[20121219ms] [WARNING] WebSocket connection to 'wss://bnotification.bseindia.com/socket.io/?EIO=4&transport=websocket' failed: WebSocket is closed before the connection is established. @ https://www.bseindia.com/assets/includenew/js/main-G3JIW4M6.js:149
[20146232ms] [WARNING] WebSocket connection to 'wss://bnotification.bseindia.com/socket.io/?EIO=4&transport=websocket' failed: WebSocket is closed before the connection is established. @ https://www.bseindia.com/assets/includenew/js/main-G3JIW4M6.js:149
[20171235ms] [WARNING] WebSocket connection to 'wss://bnotification.bseindia.com/socket.io/?EIO=4&transport=websocket' failed: WebSocket is closed before the connection is established. @ https://www.bseindia.com/assets/includenew/js/main-G3JIW4M6.js:149
[20196246ms] [WARNING] WebSocket connection to 'wss://bnotification.bseindia.com/socket.io/?EIO=4&transport=websocket' failed: WebSocket is closed before the connection is established. @ https://www.bseindia.com/assets/includenew/js/main-G3JIW4M6.js:149
[20221255ms] [WARNING] WebSocket connection to 'wss://bnotification.bseindia.com/socket.io/?EIO=4&transport=websocket' failed: WebSocket is closed before the connection is established. @ https://www.bseindia.com/assets/includenew/js/main-G3JIW4M6.js:149
[20246266ms] [WARNING] WebSocket connection to 'wss://bnotification.bseindia.com/socket.io/?EIO=4&transport=websocket' failed: WebSocket is closed before the connection is established. @ https://www.bseindia.com/assets/includenew/js/main-G3JIW4M6.js:149
[20271273ms] [WARNING] WebSocket connection to 'wss://bnotification.bseindia.com/socket.io/?EIO=4&transport=websocket' failed: WebSocket is closed before the connection is established. @ https://www.bseindia.com/assets/includenew/js/main-G3JIW4M6.js:149
[20296283ms] [WARNING] WebSocket connection to 'wss://bnotification.bseindia.com/socket.io/?EIO=4&transport=websocket' failed: WebSocket is closed before the connection is established. @ https://www.bseindia.com/assets/includenew/js/main-G3JIW4M6.js:149
[20321290ms] [WARNING] WebSocket connection to 'wss://bnotification.bseindia.com/socket.io/?EIO=4&transport=websocket' failed: WebSocket is closed before the connection is established. @ https://www.bseindia.com/assets/includenew/js/main-G3JIW4M6.js:149
[20346298ms] [WARNING] WebSocket connection to 'wss://bnotification.bseindia.com/socket.io/?EIO=4&transport=websocket' failed: WebSocket is closed before the connection is established. @ https://www.bseindia.com/assets/includenew/js/main-G3JIW4M6.js:149
[20371302ms] [WARNING] WebSocket connection to 'wss://bnotification.bseindia.com/socket.io/?EIO=4&transport=websocket' failed: WebSocket is closed before the connection is established. @ https://www.bseindia.com/assets/includenew/js/main-G3JIW4M6.js:149
[20396314ms] [WARNING] WebSocket connection to 'wss://bnotification.bseindia.com/socket.io/?EIO=4&transport=websocket' failed: WebSocket is closed before the connection is established. @ https://www.bseindia.com/assets/includenew/js/main-G3JIW4M6.js:149
[20421318ms] [WARNING] WebSocket connection to 'wss://bnotification.bseindia.com/socket.io/?EIO=4&transport=websocket' failed: WebSocket is closed before the connection is established. @ https://www.bseindia.com/assets/includenew/js/main-G3JIW4M6.js:149
[20446332ms] [WARNING] WebSocket connection to 'wss://bnotification.bseindia.com/socket.io/?EIO=4&transport=websocket' failed: WebSocket is closed before the connection is established. @ https://www.bseindia.com/assets/includenew/js/main-G3JIW4M6.js:149
[20471335ms] [WARNING] WebSocket connection to 'wss://bnotification.bseindia.com/socket.io/?EIO=4&transport=websocket' failed: WebSocket is closed before the connection is established. @ https://www.bseindia.com/assets/includenew/js/main-G3JIW4M6.js:149
[20496344ms] [WARNING] WebSocket connection to 'wss://bnotification.bseindia.com/socket.io/?EIO=4&transport=websocket' failed: WebSocket is closed before the connection is established. @ https://www.bseindia.com/assets/includenew/js/main-G3JIW4M6.js:149
[20521357ms] [WARNING] WebSocket connection to 'wss://bnotification.bseindia.com/socket.io/?EIO=4&transport=websocket' failed: WebSocket is closed before the connection is established. @ https://www.bseindia.com/assets/includenew/js/main-G3JIW4M6.js:149
[20546365ms] [WARNING] WebSocket connection to 'wss://bnotification.bseindia.com/socket.io/?EIO=4&transport=websocket' failed: WebSocket is closed before the connection is established. @ https://www.bseindia.com/assets/includenew/js/main-G3JIW4M6.js:149
[20571373ms] [WARNING] WebSocket connection to 'wss://bnotification.bseindia.com/socket.io/?EIO=4&transport=websocket' failed: WebSocket is closed before the connection is established. @ https://www.bseindia.com/assets/includenew/js/main-G3JIW4M6.js:149
[20596381ms] [WARNING] WebSocket connection to 'wss://bnotification.bseindia.com/socket.io/?EIO=4&transport=websocket' failed: WebSocket is closed before the connection is established. @ https://www.bseindia.com/assets/includenew/js/main-G3JIW4M6.js:149
[20621390ms] [WARNING] WebSocket connection to 'wss://bnotification.bseindia.com/socket.io/?EIO=4&transport=websocket' failed: WebSocket is closed before the connection is established. @ https://www.bseindia.com/assets/includenew/js/main-G3JIW4M6.js:149
[20646394ms] [WARNING] WebSocket connection to 'wss://bnotification.bseindia.com/socket.io/?EIO=4&transport=websocket' failed: WebSocket is closed before the connection is established. @ https://www.bseindia.com/assets/includenew/js/main-G3JIW4M6.js:149
[20671407ms] [WARNING] WebSocket connection to 'wss://bnotification.bseindia.com/socket.io/?EIO=4&transport=websocket' failed: WebSocket is closed before the connection is established. @ https://www.bseindia.com/assets/includenew/js/main-G3JIW4M6.js:149
[20696415ms] [WARNING] WebSocket connection to 'wss://bnotification.bseindia.com/socket.io/?EIO=4&transport=websocket' failed: WebSocket is closed before the connection is established. @ https://www.bseindia.com/assets/includenew/js/main-G3JIW4M6.js:149
[20721424ms] [WARNING] WebSocket connection to 'wss://bnotification.bseindia.com/socket.io/?EIO=4&transport=websocket' failed: WebSocket is closed before the connection is established. @ https://www.bseindia.com/assets/includenew/js/main-G3JIW4M6.js:149
[20746432ms] [WARNING] WebSocket connection to 'wss://bnotification.bseindia.com/socket.io/?EIO=4&transport=websocket' failed: WebSocket is closed before the connection is established. @ https://www.bseindia.com/assets/includenew/js/main-G3JIW4M6.js:149
[20771434ms] [WARNING] WebSocket connection to 'wss://bnotification.bseindia.com/socket.io/?EIO=4&transport=websocket' failed: WebSocket is closed before the connection is established. @ https://www.bseindia.com/assets/includenew/js/main-G3JIW4M6.js:149
[20796449ms] [WARNING] WebSocket connection to 'wss://bnotification.bseindia.com/socket.io/?EIO=4&transport=websocket' failed: WebSocket is closed before the connection is established. @ https://www.bseindia.com/assets/includenew/js/main-G3JIW4M6.js:149
[20821457ms] [WARNING] WebSocket connection to 'wss://bnotification.bseindia.com/socket.io/?EIO=4&transport=websocket' failed: WebSocket is closed before the connection is established. @ https://www.bseindia.com/assets/includenew/js/main-G3JIW4M6.js:149
[20846466ms] [WARNING] WebSocket connection to 'wss://bnotification.bseindia.com/socket.io/?EIO=4&transport=websocket' failed: WebSocket is closed before the connection is established. @ https://www.bseindia.com/assets/includenew/js/main-G3JIW4M6.js:149
[20871474ms] [WARNING] WebSocket connection to 'wss://bnotification.bseindia.com/socket.io/?EIO=4&transport=websocket' failed: WebSocket is closed before the connection is established. @ https://www.bseindia.com/assets/includenew/js/main-G3JIW4M6.js:149
[20896482ms] [WARNING] WebSocket connection to 'wss://bnotification.bseindia.com/socket.io/?EIO=4&transport=websocket' failed: WebSocket is closed before the connection is established. @ https://www.bseindia.com/assets/includenew/js/main-G3JIW4M6.js:149
[20921490ms] [WARNING] WebSocket connection to 'wss://bnotification.bseindia.com/socket.io/?EIO=4&transport=websocket' failed: WebSocket is closed before the connection is established. @ https://www.bseindia.com/assets/includenew/js/main-G3JIW4M6.js:149
[20946498ms] [WARNING] WebSocket connection to 'wss://bnotification.bseindia.com/socket.io/?EIO=4&transport=websocket' failed: WebSocket is closed before the connection is established. @ https://www.bseindia.com/assets/includenew/js/main-G3JIW4M6.js:149
[20971507ms] [WARNING] WebSocket connection to 'wss://bnotification.bseindia.com/socket.io/?EIO=4&transport=websocket' failed: WebSocket is closed before the connection is established. @ https://www.bseindia.com/assets/includenew/js/main-G3JIW4M6.js:149
[20996515ms] [WARNING] WebSocket connection to 'wss://bnotification.bseindia.com/socket.io/?EIO=4&transport=websocket' failed: WebSocket is closed before the connection is established. @ https://www.bseindia.com/assets/includenew/js/main-G3JIW4M6.js:149
[21021522ms] [WARNING] WebSocket connection to 'wss://bnotification.bseindia.com/socket.io/?EIO=4&transport=websocket' failed: WebSocket is closed before the connection is established. @ https://www.bseindia.com/assets/includenew/js/main-G3JIW4M6.js:149
[21046533ms] [WARNING] WebSocket connection to 'wss://bnotification.bseindia.com/socket.io/?EIO=4&transport=websocket' failed: WebSocket is closed before the connection is established. @ https://www.bseindia.com/assets/includenew/js/main-G3JIW4M6.js:149
[21071541ms] [WARNING] WebSocket connection to 'wss://bnotification.bseindia.com/socket.io/?EIO=4&transport=websocket' failed: WebSocket is closed before the connection is established. @ https://www.bseindia.com/assets/includenew/js/main-G3JIW4M6.js:149
[21096547ms] [WARNING] WebSocket connection to 'wss://bnotification.bseindia.com/socket.io/?EIO=4&transport=websocket' failed: WebSocket is closed before the connection is established. @ https://www.bseindia.com/assets/includenew/js/main-G3JIW4M6.js:149
[21121552ms] [WARNING] WebSocket connection to 'wss://bnotification.bseindia.com/socket.io/?EIO=4&transport=websocket' failed: WebSocket is closed before the connection is established. @ https://www.bseindia.com/assets/includenew/js/main-G3JIW4M6.js:149
[21146560ms] [WARNING] WebSocket connection to 'wss://bnotification.bseindia.com/socket.io/?EIO=4&transport=websocket' failed: WebSocket is closed before the connection is established. @ https://www.bseindia.com/assets/includenew/js/main-G3JIW4M6.js:149
[21171568ms] [WARNING] WebSocket connection to 'wss://bnotification.bseindia.com/socket.io/?EIO=4&transport=websocket' failed: WebSocket is closed before the connection is established. @ https://www.bseindia.com/assets/includenew/js/main-G3JIW4M6.js:149
[21196573ms] [WARNING] WebSocket connection to 'wss://bnotification.bseindia.com/socket.io/?EIO=4&transport=websocket' failed: WebSocket is closed before the connection is established. @ https://www.bseindia.com/assets/includenew/js/main-G3JIW4M6.js:149
[21221587ms] [WARNING] WebSocket connection to 'wss://bnotification.bseindia.com/socket.io/?EIO=4&transport=websocket' failed: WebSocket is closed before the connection is established. @ https://www.bseindia.com/assets/includenew/js/main-G3JIW4M6.js:149
[21246599ms] [WARNING] WebSocket connection to 'wss://bnotification.bseindia.com/socket.io/?EIO=4&transport=websocket' failed: WebSocket is closed before the connection is established. @ https://www.bseindia.com/assets/includenew/js/main-G3JIW4M6.js:149
[21271603ms] [WARNING] WebSocket connection to 'wss://bnotification.bseindia.com/socket.io/?EIO=4&transport=websocket' failed: WebSocket is closed before the connection is established. @ https://www.bseindia.com/assets/includenew/js/main-G3JIW4M6.js:149
[21296612ms] [WARNING] WebSocket connection to 'wss://bnotification.bseindia.com/socket.io/?EIO=4&transport=websocket' failed: WebSocket is closed before the connection is established. @ https://www.bseindia.com/assets/includenew/js/main-G3JIW4M6.js:149
[21321621ms] [WARNING] WebSocket connection to 'wss://bnotification.bseindia.com/socket.io/?EIO=4&transport=websocket' failed: WebSocket is closed before the connection is established. @ https://www.bseindia.com/assets/includenew/js/main-G3JIW4M6.js:149
[21346632ms] [WARNING] WebSocket connection to 'wss://bnotification.bseindia.com/socket.io/?EIO=4&transport=websocket' failed: WebSocket is closed before the connection is established. @ https://www.bseindia.com/assets/includenew/js/main-G3JIW4M6.js:149
[21371635ms] [WARNING] WebSocket connection to 'wss://bnotification.bseindia.com/socket.io/?EIO=4&transport=websocket' failed: WebSocket is closed before the connection is established. @ https://www.bseindia.com/assets/includenew/js/main-G3JIW4M6.js:149
[21396649ms] [WARNING] WebSocket connection to 'wss://bnotification.bseindia.com/socket.io/?EIO=4&transport=websocket' failed: WebSocket is closed before the connection is established. @ https://www.bseindia.com/assets/includenew/js/main-G3JIW4M6.js:149
[21421657ms] [WARNING] WebSocket connection to 'wss://bnotification.bseindia.com/socket.io/?EIO=4&transport=websocket' failed: WebSocket is closed before the connection is established. @ https://www.bseindia.com/assets/includenew/js/main-G3JIW4M6.js:149
[21446666ms] [WARNING] WebSocket connection to 'wss://bnotification.bseindia.com/socket.io/?EIO=4&transport=websocket' failed: WebSocket is closed before the connection is established. @ https://www.bseindia.com/assets/includenew/js/main-G3JIW4M6.js:149
[21471674ms] [WARNING] WebSocket connection to 'wss://bnotification.bseindia.com/socket.io/?EIO=4&transport=websocket' failed: WebSocket is closed before the connection is established. @ https://www.bseindia.com/assets/includenew/js/main-G3JIW4M6.js:149
[21496682ms] [WARNING] WebSocket connection to 'wss://bnotification.bseindia.com/socket.io/?EIO=4&transport=websocket' failed: WebSocket is closed before the connection is established. @ https://www.bseindia.com/assets/includenew/js/main-G3JIW4M6.js:149
[21521690ms] [WARNING] WebSocket connection to 'wss://bnotification.bseindia.com/socket.io/?EIO=4&transport=websocket' failed: WebSocket is closed before the connection is established. @ https://www.bseindia.com/assets/includenew/js/main-G3JIW4M6.js:149
[21546699ms] [WARNING] WebSocket connection to 'wss://bnotification.bseindia.com/socket.io/?EIO=4&transport=websocket' failed: WebSocket is closed before the connection is established. @ https://www.bseindia.com/assets/includenew/js/main-G3JIW4M6.js:149
[21571708ms] [WARNING] WebSocket connection to 'wss://bnotification.bseindia.com/socket.io/?EIO=4&transport=websocket' failed: WebSocket is closed before the connection is established. @ https://www.bseindia.com/assets/includenew/js/main-G3JIW4M6.js:149
[21596716ms] [WARNING] WebSocket connection to 'wss://bnotification.bseindia.com/socket.io/?EIO=4&transport=websocket' failed: WebSocket is closed before the connection is established. @ https://www.bseindia.com/assets/includenew/js/main-G3JIW4M6.js:149
[21621724ms] [WARNING] WebSocket connection to 'wss://bnotification.bseindia.com/socket.io/?EIO=4&transport=websocket' failed: WebSocket is closed before the connection is established. @ https://www.bseindia.com/assets/includenew/js/main-G3JIW4M6.js:149
[21646731ms] [WARNING] WebSocket connection to 'wss://bnotification.bseindia.com/socket.io/?EIO=4&transport=websocket' failed: WebSocket is closed before the connection is established. @ https://www.bseindia.com/assets/includenew/js/main-G3JIW4M6.js:149
[21671740ms] [WARNING] WebSocket connection to 'wss://bnotification.bseindia.com/socket.io/?EIO=4&transport=websocket' failed: WebSocket is closed before the connection is established. @ https://www.bseindia.com/assets/includenew/js/main-G3JIW4M6.js:149
[21696746ms] [WARNING] WebSocket connection to 'wss://bnotification.bseindia.com/socket.io/?EIO=4&transport=websocket' failed: WebSocket is closed before the connection is established. @ https://www.bseindia.com/assets/includenew/js/main-G3JIW4M6.js:149
[21721758ms] [WARNING] WebSocket connection to 'wss://bnotification.bseindia.com/socket.io/?EIO=4&transport=websocket' failed: WebSocket is closed before the connection is established. @ https://www.bseindia.com/assets/includenew/js/main-G3JIW4M6.js:149
[21746760ms] [WARNING] WebSocket connection to 'wss://bnotification.bseindia.com/socket.io/?EIO=4&transport=websocket' failed: WebSocket is closed before the connection is established. @ https://www.bseindia.com/assets/includenew/js/main-G3JIW4M6.js:149
[21771772ms] [WARNING] WebSocket connection to 'wss://bnotification.bseindia.com/socket.io/?EIO=4&transport=websocket' failed: WebSocket is closed before the connection is established. @ https://www.bseindia.com/assets/includenew/js/main-G3JIW4M6.js:149
[21796782ms] [WARNING] WebSocket connection to 'wss://bnotification.bseindia.com/socket.io/?EIO=4&transport=websocket' failed: WebSocket is closed before the connection is established. @ https://www.bseindia.com/assets/includenew/js/main-G3JIW4M6.js:149
[21821789ms] [WARNING] WebSocket connection to 'wss://bnotification.bseindia.com/socket.io/?EIO=4&transport=websocket' failed: WebSocket is closed before the connection is established. @ https://www.bseindia.com/assets/includenew/js/main-G3JIW4M6.js:149
[21846800ms] [WARNING] WebSocket connection to 'wss://bnotification.bseindia.com/socket.io/?EIO=4&transport=websocket' failed: WebSocket is closed before the connection is established. @ https://www.bseindia.com/assets/includenew/js/main-G3JIW4M6.js:149
[21871808ms] [WARNING] WebSocket connection to 'wss://bnotification.bseindia.com/socket.io/?EIO=4&transport=websocket' failed: WebSocket is closed before the connection is established. @ https://www.bseindia.com/assets/includenew/js/main-G3JIW4M6.js:149
[21896811ms] [WARNING] WebSocket connection to 'wss://bnotification.bseindia.com/socket.io/?EIO=4&transport=websocket' failed: WebSocket is closed before the connection is established. @ https://www.bseindia.com/assets/includenew/js/main-G3JIW4M6.js:149
[21921824ms] [WARNING] WebSocket connection to 'wss://bnotification.bseindia.com/socket.io/?EIO=4&transport=websocket' failed: WebSocket is closed before the connection is established. @ https://www.bseindia.com/assets/includenew/js/main-G3JIW4M6.js:149
[21946833ms] [WARNING] WebSocket connection to 'wss://bnotification.bseindia.com/socket.io/?EIO=4&transport=websocket' failed: WebSocket is closed before the connection is established. @ https://www.bseindia.com/assets/includenew/js/main-G3JIW4M6.js:149
[21971841ms] [WARNING] WebSocket connection to 'wss://bnotification.bseindia.com/socket.io/?EIO=4&transport=websocket' failed: WebSocket is closed before the connection is established. @ https://www.bseindia.com/assets/includenew/js/main-G3JIW4M6.js:149
[21996850ms] [WARNING] WebSocket connection to 'wss://bnotification.bseindia.com/socket.io/?EIO=4&transport=websocket' failed: WebSocket is closed before the connection is established. @ https://www.bseindia.com/assets/includenew/js/main-G3JIW4M6.js:149
[22021858ms] [WARNING] WebSocket connection to 'wss://bnotification.bseindia.com/socket.io/?EIO=4&transport=websocket' failed: WebSocket is closed before the connection is established. @ https://www.bseindia.com/assets/includenew/js/main-G3JIW4M6.js:149
[22046866ms] [WARNING] WebSocket connection to 'wss://bnotification.bseindia.com/socket.io/?EIO=4&transport=websocket' failed: WebSocket is closed before the connection is established. @ https://www.bseindia.com/assets/includenew/js/main-G3JIW4M6.js:149
[22071871ms] [WARNING] WebSocket connection to 'wss://bnotification.bseindia.com/socket.io/?EIO=4&transport=websocket' failed: WebSocket is closed before the connection is established. @ https://www.bseindia.com/assets/includenew/js/main-G3JIW4M6.js:149
[22096879ms] [WARNING] WebSocket connection to 'wss://bnotification.bseindia.com/socket.io/?EIO=4&transport=websocket' failed: WebSocket is closed before the connection is established. @ https://www.bseindia.com/assets/includenew/js/main-G3JIW4M6.js:149
[22121887ms] [WARNING] WebSocket connection to 'wss://bnotification.bseindia.com/socket.io/?EIO=4&transport=websocket' failed: WebSocket is closed before the connection is established. @ https://www.bseindia.com/assets/includenew/js/main-G3JIW4M6.js:149
[22146899ms] [WARNING] WebSocket connection to 'wss://bnotification.bseindia.com/socket.io/?EIO=4&transport=websocket' failed: WebSocket is closed before the connection is established. @ https://www.bseindia.com/assets/includenew/js/main-G3JIW4M6.js:149
[22171908ms] [WARNING] WebSocket connection to 'wss://bnotification.bseindia.com/socket.io/?EIO=4&transport=websocket' failed: WebSocket is closed before the connection is established. @ https://www.bseindia.com/assets/includenew/js/main-G3JIW4M6.js:149
[22196919ms] [WARNING] WebSocket connection to 'wss://bnotification.bseindia.com/socket.io/?EIO=4&transport=websocket' failed: WebSocket is closed before the connection is established. @ https://www.bseindia.com/assets/includenew/js/main-G3JIW4M6.js:149
[22221924ms] [WARNING] WebSocket connection to 'wss://bnotification.bseindia.com/socket.io/?EIO=4&transport=websocket' failed: WebSocket is closed before the connection is established. @ https://www.bseindia.com/assets/includenew/js/main-G3JIW4M6.js:149
[22246933ms] [WARNING] WebSocket connection to 'wss://bnotification.bseindia.com/socket.io/?EIO=4&transport=websocket' failed: WebSocket is closed before the connection is established. @ https://www.bseindia.com/assets/includenew/js/main-G3JIW4M6.js:149
[22271941ms] [WARNING] WebSocket connection to 'wss://bnotification.bseindia.com/socket.io/?EIO=4&transport=websocket' failed: WebSocket is closed before the connection is established. @ https://www.bseindia.com/assets/includenew/js/main-G3JIW4M6.js:149
[22296948ms] [WARNING] WebSocket connection to 'wss://bnotification.bseindia.com/socket.io/?EIO=4&transport=websocket' failed: WebSocket is closed before the connection is established. @ https://www.bseindia.com/assets/includenew/js/main-G3JIW4M6.js:149
[22321957ms] [WARNING] WebSocket connection to 'wss://bnotification.bseindia.com/socket.io/?EIO=4&transport=websocket' failed: WebSocket is closed before the connection is established. @ https://www.bseindia.com/assets/includenew/js/main-G3JIW4M6.js:149
[22346960ms] [WARNING] WebSocket connection to 'wss://bnotification.bseindia.com/socket.io/?EIO=4&transport=websocket' failed: WebSocket is closed before the connection is established. @ https://www.bseindia.com/assets/includenew/js/main-G3JIW4M6.js:149
[22371975ms] [WARNING] WebSocket connection to 'wss://bnotification.bseindia.com/socket.io/?EIO=4&transport=websocket' failed: WebSocket is closed before the connection is established. @ https://www.bseindia.com/assets/includenew/js/main-G3JIW4M6.js:149
[22396982ms] [WARNING] WebSocket connection to 'wss://bnotification.bseindia.com/socket.io/?EIO=4&transport=websocket' failed: WebSocket is closed before the connection is established. @ https://www.bseindia.com/assets/includenew/js/main-G3JIW4M6.js:149
[22421991ms] [WARNING] WebSocket connection to 'wss://bnotification.bseindia.com/socket.io/?EIO=4&transport=websocket' failed: WebSocket is closed before the connection is established. @ https://www.bseindia.com/assets/includenew/js/main-G3JIW4M6.js:149
[22447000ms] [WARNING] WebSocket connection to 'wss://bnotification.bseindia.com/socket.io/?EIO=4&transport=websocket' failed: WebSocket is closed before the connection is established. @ https://www.bseindia.com/assets/includenew/js/main-G3JIW4M6.js:149
[22472007ms] [WARNING] WebSocket connection to 'wss://bnotification.bseindia.com/socket.io/?EIO=4&transport=websocket' failed: WebSocket is closed before the connection is established. @ https://www.bseindia.com/assets/includenew/js/main-G3JIW4M6.js:149
[22497016ms] [WARNING] WebSocket connection to 'wss://bnotification.bseindia.com/socket.io/?EIO=4&transport=websocket' failed: WebSocket is closed before the connection is established. @ https://www.bseindia.com/assets/includenew/js/main-G3JIW4M6.js:149
[22522024ms] [WARNING] WebSocket connection to 'wss://bnotification.bseindia.com/socket.io/?EIO=4&transport=websocket' failed: WebSocket is closed before the connection is established. @ https://www.bseindia.com/assets/includenew/js/main-G3JIW4M6.js:149
[22547033ms] [WARNING] WebSocket connection to 'wss://bnotification.bseindia.com/socket.io/?EIO=4&transport=websocket' failed: WebSocket is closed before the connection is established. @ https://www.bseindia.com/assets/includenew/js/main-G3JIW4M6.js:149
[22572042ms] [WARNING] WebSocket connection to 'wss://bnotification.bseindia.com/socket.io/?EIO=4&transport=websocket' failed: WebSocket is closed before the connection is established. @ https://www.bseindia.com/assets/includenew/js/main-G3JIW4M6.js:149
[22597049ms] [WARNING] WebSocket connection to 'wss://bnotification.bseindia.com/socket.io/?EIO=4&transport=websocket' failed: WebSocket is closed before the connection is established. @ https://www.bseindia.com/assets/includenew/js/main-G3JIW4M6.js:149
[22622057ms] [WARNING] WebSocket connection to 'wss://bnotification.bseindia.com/socket.io/?EIO=4&transport=websocket' failed: WebSocket is closed before the connection is established. @ https://www.bseindia.com/assets/includenew/js/main-G3JIW4M6.js:149
[22647063ms] [WARNING] WebSocket connection to 'wss://bnotification.bseindia.com/socket.io/?EIO=4&transport=websocket' failed: WebSocket is closed before the connection is established. @ https://www.bseindia.com/assets/includenew/js/main-G3JIW4M6.js:149
[22672074ms] [WARNING] WebSocket connection to 'wss://bnotification.bseindia.com/socket.io/?EIO=4&transport=websocket' failed: WebSocket is closed before the connection is established. @ https://www.bseindia.com/assets/includenew/js/main-G3JIW4M6.js:149
[22697083ms] [WARNING] WebSocket connection to 'wss://bnotification.bseindia.com/socket.io/?EIO=4&transport=websocket' failed: WebSocket is closed before the connection is established. @ https://www.bseindia.com/assets/includenew/js/main-G3JIW4M6.js:149
[22722091ms] [WARNING] WebSocket connection to 'wss://bnotification.bseindia.com/socket.io/?EIO=4&transport=websocket' failed: WebSocket is closed before the connection is established. @ https://www.bseindia.com/assets/includenew/js/main-G3JIW4M6.js:149
[22747099ms] [WARNING] WebSocket connection to 'wss://bnotification.bseindia.com/socket.io/?EIO=4&transport=websocket' failed: WebSocket is closed before the connection is established. @ https://www.bseindia.com/assets/includenew/js/main-G3JIW4M6.js:149
[22772106ms] [WARNING] WebSocket connection to 'wss://bnotification.bseindia.com/socket.io/?EIO=4&transport=websocket' failed: WebSocket is closed before the connection is established. @ https://www.bseindia.com/assets/includenew/js/main-G3JIW4M6.js:149
[22797116ms] [WARNING] WebSocket connection to 'wss://bnotification.bseindia.com/socket.io/?EIO=4&transport=websocket' failed: WebSocket is closed before the connection is established. @ https://www.bseindia.com/assets/includenew/js/main-G3JIW4M6.js:149
[22822123ms] [WARNING] WebSocket connection to 'wss://bnotification.bseindia.com/socket.io/?EIO=4&transport=websocket' failed: WebSocket is closed before the connection is established. @ https://www.bseindia.com/assets/includenew/js/main-G3JIW4M6.js:149
[22847133ms] [WARNING] WebSocket connection to 'wss://bnotification.bseindia.com/socket.io/?EIO=4&transport=websocket' failed: WebSocket is closed before the connection is established. @ https://www.bseindia.com/assets/includenew/js/main-G3JIW4M6.js:149
[22872141ms] [WARNING] WebSocket connection to 'wss://bnotification.bseindia.com/socket.io/?EIO=4&transport=websocket' failed: WebSocket is closed before the connection is established. @ https://www.bseindia.com/assets/includenew/js/main-G3JIW4M6.js:149
[22897150ms] [WARNING] WebSocket connection to 'wss://bnotification.bseindia.com/socket.io/?EIO=4&transport=websocket' failed: WebSocket is closed before the connection is established. @ https://www.bseindia.com/assets/includenew/js/main-G3JIW4M6.js:149
[22922158ms] [WARNING] WebSocket connection to 'wss://bnotification.bseindia.com/socket.io/?EIO=4&transport=websocket' failed: WebSocket is closed before the connection is established. @ https://www.bseindia.com/assets/includenew/js/main-G3JIW4M6.js:149
[22947166ms] [WARNING] WebSocket connection to 'wss://bnotification.bseindia.com/socket.io/?EIO=4&transport=websocket' failed: WebSocket is closed before the connection is established. @ https://www.bseindia.com/assets/includenew/js/main-G3JIW4M6.js:149
[22972170ms] [WARNING] WebSocket connection to 'wss://bnotification.bseindia.com/socket.io/?EIO=4&transport=websocket' failed: WebSocket is closed before the connection is established. @ https://www.bseindia.com/assets/includenew/js/main-G3JIW4M6.js:149
[22997183ms] [WARNING] WebSocket connection to 'wss://bnotification.bseindia.com/socket.io/?EIO=4&transport=websocket' failed: WebSocket is closed before the connection is established. @ https://www.bseindia.com/assets/includenew/js/main-G3JIW4M6.js:149
[23022189ms] [WARNING] WebSocket connection to 'wss://bnotification.bseindia.com/socket.io/?EIO=4&transport=websocket' failed: WebSocket is closed before the connection is established. @ https://www.bseindia.com/assets/includenew/js/main-G3JIW4M6.js:149
[23047199ms] [WARNING] WebSocket connection to 'wss://bnotification.bseindia.com/socket.io/?EIO=4&transport=websocket' failed: WebSocket is closed before the connection is established. @ https://www.bseindia.com/assets/includenew/js/main-G3JIW4M6.js:149
[23072207ms] [WARNING] WebSocket connection to 'wss://bnotification.bseindia.com/socket.io/?EIO=4&transport=websocket' failed: WebSocket is closed before the connection is established. @ https://www.bseindia.com/assets/includenew/js/main-G3JIW4M6.js:149
[23097217ms] [WARNING] WebSocket connection to 'wss://bnotification.bseindia.com/socket.io/?EIO=4&transport=websocket' failed: WebSocket is closed before the connection is established. @ https://www.bseindia.com/assets/includenew/js/main-G3JIW4M6.js:149
[23122224ms] [WARNING] WebSocket connection to 'wss://bnotification.bseindia.com/socket.io/?EIO=4&transport=websocket' failed: WebSocket is closed before the connection is established. @ https://www.bseindia.com/assets/includenew/js/main-G3JIW4M6.js:149
[23147233ms] [WARNING] WebSocket connection to 'wss://bnotification.bseindia.com/socket.io/?EIO=4&transport=websocket' failed: WebSocket is closed before the connection is established. @ https://www.bseindia.com/assets/includenew/js/main-G3JIW4M6.js:149
[23172241ms] [WARNING] WebSocket connection to 'wss://bnotification.bseindia.com/socket.io/?EIO=4&transport=websocket' failed: WebSocket is closed before the connection is established. @ https://www.bseindia.com/assets/includenew/js/main-G3JIW4M6.js:149
[23197249ms] [WARNING] WebSocket connection to 'wss://bnotification.bseindia.com/socket.io/?EIO=4&transport=websocket' failed: WebSocket is closed before the connection is established. @ https://www.bseindia.com/assets/includenew/js/main-G3JIW4M6.js:149
[23222255ms] [WARNING] WebSocket connection to 'wss://bnotification.bseindia.com/socket.io/?EIO=4&transport=websocket' failed: WebSocket is closed before the connection is established. @ https://www.bseindia.com/assets/includenew/js/main-G3JIW4M6.js:149
[23247266ms] [WARNING] WebSocket connection to 'wss://bnotification.bseindia.com/socket.io/?EIO=4&transport=websocket' failed: WebSocket is closed before the connection is established. @ https://www.bseindia.com/assets/includenew/js/main-G3JIW4M6.js:149
[23272275ms] [WARNING] WebSocket connection to 'wss://bnotification.bseindia.com/socket.io/?EIO=4&transport=websocket' failed: WebSocket is closed before the connection is established. @ https://www.bseindia.com/assets/includenew/js/main-G3JIW4M6.js:149
[23297278ms] [WARNING] WebSocket connection to 'wss://bnotification.bseindia.com/socket.io/?EIO=4&transport=websocket' failed: WebSocket is closed before the connection is established. @ https://www.bseindia.com/assets/includenew/js/main-G3JIW4M6.js:149
[23322289ms] [WARNING] WebSocket connection to 'wss://bnotification.bseindia.com/socket.io/?EIO=4&transport=websocket' failed: WebSocket is closed before the connection is established. @ https://www.bseindia.com/assets/includenew/js/main-G3JIW4M6.js:149
[23347299ms] [WARNING] WebSocket connection to 'wss://bnotification.bseindia.com/socket.io/?EIO=4&transport=websocket' failed: WebSocket is closed before the connection is established. @ https://www.bseindia.com/assets/includenew/js/main-G3JIW4M6.js:149
[23372308ms] [WARNING] WebSocket connection to 'wss://bnotification.bseindia.com/socket.io/?EIO=4&transport=websocket' failed: WebSocket is closed before the connection is established. @ https://www.bseindia.com/assets/includenew/js/main-G3JIW4M6.js:149
[23397314ms] [WARNING] WebSocket connection to 'wss://bnotification.bseindia.com/socket.io/?EIO=4&transport=websocket' failed: WebSocket is closed before the connection is established. @ https://www.bseindia.com/assets/includenew/js/main-G3JIW4M6.js:149
[23422320ms] [WARNING] WebSocket connection to 'wss://bnotification.bseindia.com/socket.io/?EIO=4&transport=websocket' failed: WebSocket is closed before the connection is established. @ https://www.bseindia.com/assets/includenew/js/main-G3JIW4M6.js:149
[23447333ms] [WARNING] WebSocket connection to 'wss://bnotification.bseindia.com/socket.io/?EIO=4&transport=websocket' failed: WebSocket is closed before the connection is established. @ https://www.bseindia.com/assets/includenew/js/main-G3JIW4M6.js:149
[23472340ms] [WARNING] WebSocket connection to 'wss://bnotification.bseindia.com/socket.io/?EIO=4&transport=websocket' failed: WebSocket is closed before the connection is established. @ https://www.bseindia.com/assets/includenew/js/main-G3JIW4M6.js:149
[23497349ms] [WARNING] WebSocket connection to 'wss://bnotification.bseindia.com/socket.io/?EIO=4&transport=websocket' failed: WebSocket is closed before the connection is established. @ https://www.bseindia.com/assets/includenew/js/main-G3JIW4M6.js:149
[23522358ms] [WARNING] WebSocket connection to 'wss://bnotification.bseindia.com/socket.io/?EIO=4&transport=websocket' failed: WebSocket is closed before the connection is established. @ https://www.bseindia.com/assets/includenew/js/main-G3JIW4M6.js:149
[23547366ms] [WARNING] WebSocket connection to 'wss://bnotification.bseindia.com/socket.io/?EIO=4&transport=websocket' failed: WebSocket is closed before the connection is established. @ https://www.bseindia.com/assets/includenew/js/main-G3JIW4M6.js:149
[23572369ms] [WARNING] WebSocket connection to 'wss://bnotification.bseindia.com/socket.io/?EIO=4&transport=websocket' failed: WebSocket is closed before the connection is established. @ https://www.bseindia.com/assets/includenew/js/main-G3JIW4M6.js:149
[23597380ms] [WARNING] WebSocket connection to 'wss://bnotification.bseindia.com/socket.io/?EIO=4&transport=websocket' failed: WebSocket is closed before the connection is established. @ https://www.bseindia.com/assets/includenew/js/main-G3JIW4M6.js:149
[23622392ms] [WARNING] WebSocket connection to 'wss://bnotification.bseindia.com/socket.io/?EIO=4&transport=websocket' failed: WebSocket is closed before the connection is established. @ https://www.bseindia.com/assets/includenew/js/main-G3JIW4M6.js:149
[23647398ms] [WARNING] WebSocket connection to 'wss://bnotification.bseindia.com/socket.io/?EIO=4&transport=websocket' failed: WebSocket is closed before the connection is established. @ https://www.bseindia.com/assets/includenew/js/main-G3JIW4M6.js:149
[23672408ms] [WARNING] WebSocket connection to 'wss://bnotification.bseindia.com/socket.io/?EIO=4&transport=websocket' failed: WebSocket is closed before the connection is established. @ https://www.bseindia.com/assets/includenew/js/main-G3JIW4M6.js:149
[23697417ms] [WARNING] WebSocket connection to 'wss://bnotification.bseindia.com/socket.io/?EIO=4&transport=websocket' failed: WebSocket is closed before the connection is established. @ https://www.bseindia.com/assets/includenew/js/main-G3JIW4M6.js:149
[23722423ms] [WARNING] WebSocket connection to 'wss://bnotification.bseindia.com/socket.io/?EIO=4&transport=websocket' failed: WebSocket is closed before the connection is established. @ https://www.bseindia.com/assets/includenew/js/main-G3JIW4M6.js:149
[23747433ms] [WARNING] WebSocket connection to 'wss://bnotification.bseindia.com/socket.io/?EIO=4&transport=websocket' failed: WebSocket is closed before the connection is established. @ https://www.bseindia.com/assets/includenew/js/main-G3JIW4M6.js:149
[23772440ms] [WARNING] WebSocket connection to 'wss://bnotification.bseindia.com/socket.io/?EIO=4&transport=websocket' failed: WebSocket is closed before the connection is established. @ https://www.bseindia.com/assets/includenew/js/main-G3JIW4M6.js:149
[23797450ms] [WARNING] WebSocket connection to 'wss://bnotification.bseindia.com/socket.io/?EIO=4&transport=websocket' failed: WebSocket is closed before the connection is established. @ https://www.bseindia.com/assets/includenew/js/main-G3JIW4M6.js:149
[23822458ms] [WARNING] WebSocket connection to 'wss://bnotification.bseindia.com/socket.io/?EIO=4&transport=websocket' failed: WebSocket is closed before the connection is established. @ https://www.bseindia.com/assets/includenew/js/main-G3JIW4M6.js:149
[23847466ms] [WARNING] WebSocket connection to 'wss://bnotification.bseindia.com/socket.io/?EIO=4&transport=websocket' failed: WebSocket is closed before the connection is established. @ https://www.bseindia.com/assets/includenew/js/main-G3JIW4M6.js:149
[23872473ms] [WARNING] WebSocket connection to 'wss://bnotification.bseindia.com/socket.io/?EIO=4&transport=websocket' failed: WebSocket is closed before the connection is established. @ https://www.bseindia.com/assets/includenew/js/main-G3JIW4M6.js:149
[23897483ms] [WARNING] WebSocket connection to 'wss://bnotification.bseindia.com/socket.io/?EIO=4&transport=websocket' failed: WebSocket is closed before the connection is established. @ https://www.bseindia.com/assets/includenew/js/main-G3JIW4M6.js:149
[23922492ms] [WARNING] WebSocket connection to 'wss://bnotification.bseindia.com/socket.io/?EIO=4&transport=websocket' failed: WebSocket is closed before the connection is established. @ https://www.bseindia.com/assets/includenew/js/main-G3JIW4M6.js:149
[23947495ms] [WARNING] WebSocket connection to 'wss://bnotification.bseindia.com/socket.io/?EIO=4&transport=websocket' failed: WebSocket is closed before the connection is established. @ https://www.bseindia.com/assets/includenew/js/main-G3JIW4M6.js:149
[23972509ms] [WARNING] WebSocket connection to 'wss://bnotification.bseindia.com/socket.io/?EIO=4&transport=websocket' failed: WebSocket is closed before the connection is established. @ https://www.bseindia.com/assets/includenew/js/main-G3JIW4M6.js:149
[23997516ms] [WARNING] WebSocket connection to 'wss://bnotification.bseindia.com/socket.io/?EIO=4&transport=websocket' failed: WebSocket is closed before the connection is established. @ https://www.bseindia.com/assets/includenew/js/main-G3JIW4M6.js:149
[24022524ms] [WARNING] WebSocket connection to 'wss://bnotification.bseindia.com/socket.io/?EIO=4&transport=websocket' failed: WebSocket is closed before the connection is established. @ https://www.bseindia.com/assets/includenew/js/main-G3JIW4M6.js:149
[24047529ms] [WARNING] WebSocket connection to 'wss://bnotification.bseindia.com/socket.io/?EIO=4&transport=websocket' failed: WebSocket is closed before the connection is established. @ https://www.bseindia.com/assets/includenew/js/main-G3JIW4M6.js:149
[24072541ms] [WARNING] WebSocket connection to 'wss://bnotification.bseindia.com/socket.io/?EIO=4&transport=websocket' failed: WebSocket is closed before the connection is established. @ https://www.bseindia.com/assets/includenew/js/main-G3JIW4M6.js:149
[24097547ms] [WARNING] WebSocket connection to 'wss://bnotification.bseindia.com/socket.io/?EIO=4&transport=websocket' failed: WebSocket is closed before the connection is established. @ https://www.bseindia.com/assets/includenew/js/main-G3JIW4M6.js:149
[24122559ms] [WARNING] WebSocket connection to 'wss://bnotification.bseindia.com/socket.io/?EIO=4&transport=websocket' failed: WebSocket is closed before the connection is established. @ https://www.bseindia.com/assets/includenew/js/main-G3JIW4M6.js:149
[24147567ms] [WARNING] WebSocket connection to 'wss://bnotification.bseindia.com/socket.io/?EIO=4&transport=websocket' failed: WebSocket is closed before the connection is established. @ https://www.bseindia.com/assets/includenew/js/main-G3JIW4M6.js:149
[24172576ms] [WARNING] WebSocket connection to 'wss://bnotification.bseindia.com/socket.io/?EIO=4&transport=websocket' failed: WebSocket is closed before the connection is established. @ https://www.bseindia.com/assets/includenew/js/main-G3JIW4M6.js:149
[24197583ms] [WARNING] WebSocket connection to 'wss://bnotification.bseindia.com/socket.io/?EIO=4&transport=websocket' failed: WebSocket is closed before the connection is established. @ https://www.bseindia.com/assets/includenew/js/main-G3JIW4M6.js:149
[24222591ms] [WARNING] WebSocket connection to 'wss://bnotification.bseindia.com/socket.io/?EIO=4&transport=websocket' failed: WebSocket is closed before the connection is established. @ https://www.bseindia.com/assets/includenew/js/main-G3JIW4M6.js:149
[24247600ms] [WARNING] WebSocket connection to 'wss://bnotification.bseindia.com/socket.io/?EIO=4&transport=websocket' failed: WebSocket is closed before the connection is established. @ https://www.bseindia.com/assets/includenew/js/main-G3JIW4M6.js:149
[24272608ms] [WARNING] WebSocket connection to 'wss://bnotification.bseindia.com/socket.io/?EIO=4&transport=websocket' failed: WebSocket is closed before the connection is established. @ https://www.bseindia.com/assets/includenew/js/main-G3JIW4M6.js:149
[24297615ms] [WARNING] WebSocket connection to 'wss://bnotification.bseindia.com/socket.io/?EIO=4&transport=websocket' failed: WebSocket is closed before the connection is established. @ https://www.bseindia.com/assets/includenew/js/main-G3JIW4M6.js:149
[24322625ms] [WARNING] WebSocket connection to 'wss://bnotification.bseindia.com/socket.io/?EIO=4&transport=websocket' failed: WebSocket is closed before the connection is established. @ https://www.bseindia.com/assets/includenew/js/main-G3JIW4M6.js:149
[24347633ms] [WARNING] WebSocket connection to 'wss://bnotification.bseindia.com/socket.io/?EIO=4&transport=websocket' failed: WebSocket is closed before the connection is established. @ https://www.bseindia.com/assets/includenew/js/main-G3JIW4M6.js:149
[24372641ms] [WARNING] WebSocket connection to 'wss://bnotification.bseindia.com/socket.io/?EIO=4&transport=websocket' failed: WebSocket is closed before the connection is established. @ https://www.bseindia.com/assets/includenew/js/main-G3JIW4M6.js:149
[24397649ms] [WARNING] WebSocket connection to 'wss://bnotification.bseindia.com/socket.io/?EIO=4&transport=websocket' failed: WebSocket is closed before the connection is established. @ https://www.bseindia.com/assets/includenew/js/main-G3JIW4M6.js:149
[24422658ms] [WARNING] WebSocket connection to 'wss://bnotification.bseindia.com/socket.io/?EIO=4&transport=websocket' failed: WebSocket is closed before the connection is established. @ https://www.bseindia.com/assets/includenew/js/main-G3JIW4M6.js:149
[24447666ms] [WARNING] WebSocket connection to 'wss://bnotification.bseindia.com/socket.io/?EIO=4&transport=websocket' failed: WebSocket is closed before the connection is established. @ https://www.bseindia.com/assets/includenew/js/main-G3JIW4M6.js:149
[24472675ms] [WARNING] WebSocket connection to 'wss://bnotification.bseindia.com/socket.io/?EIO=4&transport=websocket' failed: WebSocket is closed before the connection is established. @ https://www.bseindia.com/assets/includenew/js/main-G3JIW4M6.js:149
